timestamp,temperature,is_holiday,load
2023-01-07 00:00:00,-6.4,0,4400.4
2023-01-07 01:00:00,-3.9,0,3738.7
2023-01-07 02:00:00,-4.5,0,3821.4
2023-01-07 03:00:00,-5.2,0,3891.1
2023-01-07 04:00:00,-1.7,0,3178.7
2023-01-07 05:00:00,-0.9,0,2993.8
2023-01-07 06:00:00,1.9,0,2531.0
2023-01-07 07:00:00,1.5,0,2817.0
2023-01-07 08:00:00,2.9,0,2582.8
2023-01-07 09:00:00,3.8,0,2398.1
2023-01-07 10:00:00,3.4,0,2570.8
2023-01-07 11:00:00,4.8,0,2263.2
2023-01-07 12:00:00,8.0,0,1699.4
2023-01-07 13:00:00,5.7,0,2030.9
2023-01-07 14:00:00,2.6,0,2542.9
2023-01-07 15:00:00,5.8,0,2093.8
2023-01-07 16:00:00,0.8,0,2957.2
2023-01-07 17:00:00,2.6,0,2663.3
2023-01-07 18:00:00,-0.7,0,3327.5
2023-01-07 19:00:00,-4.0,0,4089.8
2023-01-07 20:00:00,-2.4,0,3638.8
2023-01-07 21:00:00,-3.3,0,3938.6
2023-01-07 22:00:00,-2.5,0,3679.8
2023-01-07 23:00:00,-7.5,0,4924.1
2023-01-08 00:00:00,-4.5,0,3911.5
2023-01-08 01:00:00,0.7,0,2754.2
2023-01-08 02:00:00,-5.1,0,3920.4
2023-01-08 03:00:00,-2.6,0,3357.8
2023-01-08 04:00:00,-7.4,0,4627.2
2023-01-08 05:00:00,0.4,0,2889.4
2023-01-08 06:00:00,3.6,0,2341.3
2023-01-08 07:00:00,-1.6,0,3372.3
2023-01-08 08:00:00,-0.1,0,3086.1
2023-01-08 09:00:00,1.3,0,2854.5
2023-01-08 10:00:00,-1.3,0,3435.9
2023-01-08 11:00:00,4.8,0,2222.2
2023-01-08 12:00:00,2.7,0,2492.8
2023-01-08 13:00:00,5.5,0,2144.7
2023-01-08 14:00:00,1.9,0,2610.4
2023-01-08 15:00:00,5.6,0,2160.3
2023-01-08 16:00:00,2.6,0,2577.0
2023-01-08 17:00:00,-2.6,0,3689.3
2023-01-08 18:00:00,-0.1,0,3223.0
2023-01-08 19:00:00,-2.2,0,3680.9
2023-01-08 20:00:00,-3.9,0,3972.9
2023-01-08 21:00:00,0.5,0,2991.3
2023-01-08 22:00:00,-4.8,0,4142.2
2023-01-08 23:00:00,-8.1,0,4961.9
2023-01-09 00:00:00,-4.4,0,3939.7
2023-01-09 01:00:00,-4.3,0,3845.5
2023-01-09 02:00:00,-3.5,0,3493.9
2023-01-09 03:00:00,0.0,0,2821.9
2023-01-09 04:00:00,-4.2,0,3653.0
2023-01-09 05:00:00,-0.6,0,3017.7
2023-01-09 06:00:00,1.3,0,2663.9
2023-01-09 07:00:00,-0.9,0,3171.4
2023-01-09 08:00:00,1.0,0,2954.3
2023-01-09 09:00:00,-0.6,0,3333.6
2023-01-09 10:00:00,7.7,0,1904.3
2023-01-09 11:00:00,4.2,0,2284.9
2023-01-09 12:00:00,8.2,0,1732.8
2023-01-09 13:00:00,7.5,0,1849.0
2023-01-09 14:00:00,2.5,0,2565.8
2023-01-09 15:00:00,2.1,0,2613.0
2023-01-09 16:00:00,1.0,0,2879.7
2023-01-09 17:00:00,-0.1,0,3168.5
2023-01-09 18:00:00,5.2,0,2258.1
2023-01-09 19:00:00,-3.4,0,3950.1
2023-01-09 20:00:00,-1.5,0,3492.2
2023-01-09 21:00:00,-3.5,0,3871.0
2023-01-09 22:00:00,-4.9,0,4227.9
2023-01-09 23:00:00,0.0,0,3058.3
2023-01-10 00:00:00,-4.1,0,3660.1
2023-01-10 01:00:00,-5.9,0,3970.9
2023-01-10 02:00:00,-4.3,0,3618.8
2023-01-10 03:00:00,-1.0,0,2815.4
2023-01-10 04:00:00,-0.0,0,2724.1
2023-01-10 05:00:00,1.4,0,2520.7
2023-01-10 06:00:00,-1.1,0,3075.8
2023-01-10 07:00:00,2.8,0,2340.1
2023-01-10 08:00:00,6.4,0,1824.5
2023-01-10 09:00:00,0.1,0,3015.0
2023-01-10 10:00:00,5.6,0,1983.8
2023-01-10 11:00:00,5.7,0,1894.2
2023-01-10 12:00:00,3.7,0,2254.8
2023-01-10 13:00:00,7.9,0,1596.6
2023-01-10 14:00:00,1.5,0,2590.6
2023-01-10 15:00:00,2.8,0,2321.5
2023-01-10 16:00:00,0.3,0,2807.8
2023-01-10 17:00:00,1.1,0,2749.5
2023-01-10 18:00:00,0.9,0,2817.0
2023-01-10 19:00:00,-1.3,0,3405.7
2023-01-10 20:00:00,0.0,0,3036.5
2023-01-10 21:00:00,-1.0,0,3213.1
2023-01-10 22:00:00,-1.6,0,3277.0
2023-01-10 23:00:00,-3.9,0,3784.3
2023-01-11 00:00:00,-2.3,0,3180.8
2023-01-11 01:00:00,-5.3,0,3834.1
2023-01-11 02:00:00,-5.2,0,3901.3
2023-01-11 03:00:00,-5.1,0,3766.4
2023-01-11 04:00:00,-2.8,0,3235.1
2023-01-11 05:00:00,-0.8,0,2760.3
2023-01-11 06:00:00,2.6,0,2371.0
2023-01-11 07:00:00,1.3,0,2554.4
2023-01-11 08:00:00,0.4,0,2797.6
2023-01-11 09:00:00,5.0,0,2165.8
2023-01-11 10:00:00,5.8,0,2088.8
2023-01-11 11:00:00,3.9,0,2226.1
2023-01-11 12:00:00,6.2,0,1807.2
2023-01-11 13:00:00,6.3,0,1753.3
2023-01-11 14:00:00,4.8,0,2079.5
2023-01-11 15:00:00,4.0,0,2189.1
2023-01-11 16:00:00,3.4,0,2321.2
2023-01-11 17:00:00,-3.8,0,3838.4
2023-01-11 18:00:00,-2.6,0,3529.1
2023-01-11 19:00:00,0.5,0,2937.5
2023-01-11 20:00:00,-1.2,0,3327.0
2023-01-11 21:00:00,-3.6,0,3774.9
2023-01-11 22:00:00,-4.6,0,3918.8
2023-01-11 23:00:00,-5.9,0,4256.4
2023-01-12 00:00:00,-3.0,0,3568.7
2023-01-12 01:00:00,-2.5,0,3400.6
2023-01-12 02:00:00,-3.3,0,3506.0
2023-01-12 03:00:00,-2.7,0,3306.9
2023-01-12 04:00:00,-2.5,0,3442.0
2023-01-12 05:00:00,1.9,0,2519.4
2023-01-12 06:00:00,2.2,0,2500.0
2023-01-12 07:00:00,-0.8,0,3276.0
2023-01-12 08:00:00,4.5,0,2399.2
2023-01-12 09:00:00,5.8,0,2080.6
2023-01-12 10:00:00,3.7,0,2428.9
2023-01-12 11:00:00,3.0,0,2497.3
2023-01-12 12:00:00,4.0,0,2296.2
2023-01-12 13:00:00,6.0,0,1958.2
2023-01-12 14:00:00,8.1,0,1759.4
2023-01-12 15:00:00,1.5,0,2766.2
2023-01-12 16:00:00,5.8,0,2137.0
2023-01-12 17:00:00,0.2,0,3065.2
2023-01-12 18:00:00,1.8,0,2843.1
2023-01-12 19:00:00,-2.5,0,3787.0
2023-01-12 20:00:00,-1.1,0,3437.6
2023-01-12 21:00:00,-6.9,0,4682.7
2023-01-12 22:00:00,-1.7,0,3489.1
2023-01-12 23:00:00,-2.6,0,3600.1
2023-01-13 00:00:00,-2.7,0,3514.9
2023-01-13 01:00:00,-6.1,0,4230.1
2023-01-13 02:00:00,-4.6,0,3866.4
2023-01-13 03:00:00,-6.2,0,4194.0
2023-01-13 04:00:00,-0.8,0,3013.4
2023-01-13 05:00:00,-2.5,0,3378.9
2023-01-13 06:00:00,0.7,0,2833.3
2023-01-13 07:00:00,3.0,0,2437.2
2023-01-13 08:00:00,4.9,0,2310.3
2023-01-13 09:00:00,4.7,0,2247.7
2023-01-13 10:00:00,5.4,0,2141.2
2023-01-13 11:00:00,6.8,0,1945.0
2023-01-13 12:00:00,6.3,0,1992.7
2023-01-13 13:00:00,6.3,0,1963.0
2023-01-13 14:00:00,5.8,0,1887.2
2023-01-13 15:00:00,1.2,0,2919.4
2023-01-13 16:00:00,5.0,0,2310.6
2023-01-13 17:00:00,1.6,0,2830.5
2023-01-13 18:00:00,-1.5,0,3428.2
2023-01-13 19:00:00,0.4,0,3134.1
2023-01-13 20:00:00,-5.4,0,4369.6
2023-01-13 21:00:00,-2.5,0,3582.2
2023-01-13 22:00:00,-3.4,0,3808.2
2023-01-13 23:00:00,-2.7,0,3504.2
2023-01-14 00:00:00,-3.0,0,3417.0
2023-01-14 01:00:00,-3.3,0,3570.9
2023-01-14 02:00:00,-4.5,0,3776.6
2023-01-14 03:00:00,-6.5,0,4261.0
2023-01-14 04:00:00,-5.0,0,3892.6
2023-01-14 05:00:00,-2.2,0,3300.9
2023-01-14 06:00:00,-0.4,0,2906.6
2023-01-14 07:00:00,-1.0,0,3239.2
2023-01-14 08:00:00,2.4,0,2629.7
2023-01-14 09:00:00,1.9,0,2807.9
2023-01-14 10:00:00,6.4,0,2041.7
2023-01-14 11:00:00,3.8,0,2336.2
2023-01-14 12:00:00,7.4,0,1869.2
2023-01-14 13:00:00,6.8,0,1952.8
2023-01-14 14:00:00,5.7,0,2075.8
2023-01-14 15:00:00,2.6,0,2541.5
2023-01-14 16:00:00,2.5,0,2606.8
2023-01-14 17:00:00,0.4,0,3079.0
2023-01-14 18:00:00,1.9,0,2691.7
2023-01-14 19:00:00,-2.4,0,3597.4
2023-01-14 20:00:00,-4.2,0,4036.8
2023-01-14 21:00:00,-1.5,0,3467.9
2023-01-14 22:00:00,-4.5,0,4016.8
2023-01-14 23:00:00,-4.5,0,4019.7
2023-01-15 00:00:00,-2.1,0,3304.7
2023-01-15 01:00:00,1.6,0,2469.8
2023-01-15 02:00:00,-5.8,0,4196.8
2023-01-15 03:00:00,0.9,0,2562.3
2023-01-15 04:00:00,0.5,0,2677.5
2023-01-15 05:00:00,0.4,0,2834.6
2023-01-15 06:00:00,2.5,0,2433.1
2023-01-15 07:00:00,0.1,0,3053.9
2023-01-15 08:00:00,3.2,0,2421.9
2023-01-15 09:00:00,4.5,0,2223.6
2023-01-15 10:00:00,2.7,0,2617.5
2023-01-15 11:00:00,5.6,0,1987.4
2023-01-15 12:00:00,6.4,0,1873.7
2023-01-15 13:00:00,5.3,0,2092.8
2023-01-15 14:00:00,2.9,0,2302.4
2023-01-15 15:00:00,2.5,0,2625.7
2023-01-15 16:00:00,2.1,0,2625.4
2023-01-15 17:00:00,2.0,0,2731.9
2023-01-15 18:00:00,-2.6,0,3665.3
2023-01-15 19:00:00,-0.5,0,3273.6
2023-01-15 20:00:00,-4.5,0,4214.7
2023-01-15 21:00:00,-4.3,0,4149.3
2023-01-15 22:00:00,-2.8,0,3689.8
2023-01-15 23:00:00,-4.6,0,4132.1
2023-01-16 00:00:00,-1.7,0,3250.3
2023-01-16 01:00:00,-7.2,0,4534.8
2023-01-16 02:00:00,-7.0,0,4412.2
2023-01-16 03:00:00,-2.9,0,3387.2
2023-01-16 04:00:00,-1.4,0,3057.5
2023-01-16 05:00:00,-3.0,0,3572.6
2023-01-16 06:00:00,-0.2,0,2937.6
2023-01-16 07:00:00,2.2,0,2674.6
2023-01-16 08:00:00,2.6,0,2526.3
2023-01-16 09:00:00,5.9,0,2118.6
2023-01-16 10:00:00,0.5,0,3005.6
2023-01-16 11:00:00,4.4,0,2301.3
2023-01-16 12:00:00,3.7,0,2402.0
2023-01-16 13:00:00,5.4,0,1997.1
2023-01-16 14:00:00,7.9,0,1696.0
2023-01-16 15:00:00,5.9,0,2083.2
2023-01-16 16:00:00,6.1,0,2006.9
2023-01-16 17:00:00,1.3,0,2902.8
2023-01-16 18:00:00,-3.2,0,3872.1
2023-01-16 19:00:00,-2.9,0,3785.0
2023-01-16 20:00:00,-0.6,0,3277.4
2023-01-16 21:00:00,-3.5,0,3789.1
2023-01-16 22:00:00,-4.9,0,4141.4
2023-01-16 23:00:00,-2.4,0,3514.9
2023-01-17 00:00:00,-2.9,0,3267.1
2023-01-17 01:00:00,-5.0,0,3793.5
2023-01-17 02:00:00,-2.5,0,3242.1
2023-01-17 03:00:00,-2.1,0,2995.2
2023-01-17 04:00:00,-3.6,0,3453.2
2023-01-17 05:00:00,2.9,0,2212.1
2023-01-17 06:00:00,-0.9,0,2980.9
2023-01-17 07:00:00,1.9,0,2548.3
2023-01-17 08:00:00,4.3,0,2226.3
2023-01-17 09:00:00,2.4,0,2576.2
2023-01-17 10:00:00,4.6,0,2139.8
2023-01-17 11:00:00,2.2,0,2418.8
2023-01-17 12:00:00,7.9,0,1552.5
2023-01-17 13:00:00,3.4,0,2225.0
2023-01-17 14:00:00,6.6,0,1665.0
2023-01-17 15:00:00,4.4,0,2095.8
2023-01-17 16:00:00,5.1,0,2036.4
2023-01-17 17:00:00,-0.4,0,3070.2
2023-01-17 18:00:00,-1.3,0,3272.2
2023-01-17 19:00:00,-1.9,0,3406.4
2023-01-17 20:00:00,-0.9,0,3158.2
2023-01-17 21:00:00,-1.7,0,3337.8
2023-01-17 22:00:00,-6.1,0,4333.0
2023-01-17 23:00:00,-2.7,0,3502.8
2023-01-18 00:00:00,-7.1,0,4396.5
2023-01-18 01:00:00,-5.9,0,3976.5
2023-01-18 02:00:00,-3.8,0,3457.0
2023-01-18 03:00:00,-1.3,0,2904.5
2023-01-18 04:00:00,-1.8,0,2940.5
2023-01-18 05:00:00,-2.3,0,3184.7
2023-01-18 06:00:00,-0.3,0,2831.1
2023-01-18 07:00:00,-1.0,0,3097.9
2023-01-18 08:00:00,4.7,0,2069.0
2023-01-18 09:00:00,4.6,0,2147.4
2023-01-18 10:00:00,2.1,0,2472.9
2023-01-18 11:00:00,5.0,0,1999.5
2023-01-18 12:00:00,7.6,0,1590.2
2023-01-18 13:00:00,3.3,0,2285.9
2023-01-18 14:00:00,0.5,0,2722.2
2023-01-18 15:00:00,2.6,0,2384.6
2023-01-18 16:00:00,3.8,0,2243.9
2023-01-18 17:00:00,2.6,0,2431.9
2023-01-18 18:00:00,1.2,0,2734.9
2023-01-18 19:00:00,1.7,0,2643.9
2023-01-18 20:00:00,-2.4,0,3451.4
2023-01-18 21:00:00,-1.5,0,3327.0
2023-01-18 22:00:00,-4.3,0,3870.2
2023-01-18 23:00:00,-5.2,0,4046.5
2023-01-19 00:00:00,-6.7,0,4485.4
2023-01-19 01:00:00,-4.0,0,3653.7
2023-01-19 02:00:00,-5.9,0,4162.6
2023-01-19 03:00:00,-5.0,0,3917.2
2023-01-19 04:00:00,-5.2,0,3988.9
2023-01-19 05:00:00,-1.4,0,3116.0
2023-01-19 06:00:00,1.9,0,2517.8
2023-01-19 07:00:00,3.0,0,2505.8
2023-01-19 08:00:00,4.3,0,2371.5
2023-01-19 09:00:00,2.0,0,2738.9
2023-01-19 10:00:00,8.8,0,1611.1
2023-01-19 11:00:00,7.2,0,1814.1
2023-01-19 12:00:00,2.1,0,2561.5
2023-01-19 13:00:00,4.2,0,2123.6
2023-01-19 14:00:00,5.2,0,2057.6
2023-01-19 15:00:00,6.0,0,1945.1
2023-01-19 16:00:00,3.2,0,2456.6
2023-01-19 17:00:00,0.6,0,2963.8
2023-01-19 18:00:00,2.0,0,2764.9
2023-01-19 19:00:00,-0.6,0,3219.9
2023-01-19 20:00:00,-0.8,0,3395.4
2023-01-19 21:00:00,-5.7,0,4368.5
2023-01-19 22:00:00,-4.8,0,4197.1
2023-01-19 23:00:00,-4.7,0,4010.5
2023-01-20 00:00:00,-2.7,0,3386.4
2023-01-20 01:00:00,-5.9,0,4147.4
2023-01-20 02:00:00,-8.7,0,4876.7
2023-01-20 03:00:00,-2.6,0,3363.3
2023-01-20 04:00:00,-2.7,0,3380.3
2023-01-20 05:00:00,-4.0,0,3691.8
2023-01-20 06:00:00,0.0,0,2889.3
2023-01-20 07:00:00,4.3,0,2233.5
2023-01-20 08:00:00,4.0,0,2347.8
2023-01-20 09:00:00,3.1,0,2491.2
2023-01-20 10:00:00,0.6,0,2941.8
2023-01-20 11:00:00,6.6,0,1886.5
2023-01-20 12:00:00,7.2,0,1756.0
2023-01-20 13:00:00,6.5,0,1883.7
2023-01-20 14:00:00,5.8,0,2007.9
2023-01-20 15:00:00,4.6,0,2221.3
2023-01-20 16:00:00,7.4,0,1937.9
2023-01-20 17:00:00,0.2,0,2951.1
2023-01-20 18:00:00,-3.6,0,3933.4
2023-01-20 19:00:00,2.4,0,2648.2
2023-01-20 20:00:00,-2.4,0,3673.9
2023-01-20 21:00:00,-3.7,0,3961.3
2023-01-20 22:00:00,-4.5,0,4069.4
2023-01-20 23:00:00,-2.9,0,3554.5
2023-01-21 00:00:00,-1.8,0,3187.8
2023-01-21 01:00:00,-4.4,0,3758.0
2023-01-21 02:00:00,-4.3,0,3756.1
2023-01-21 03:00:00,-3.8,0,3575.1
2023-01-21 04:00:00,-2.0,0,3169.4
2023-01-21 05:00:00,-1.8,0,3301.6
2023-01-21 06:00:00,0.8,0,2726.1
2023-01-21 07:00:00,2.1,0,2615.2
2023-01-21 08:00:00,0.2,0,2947.6
2023-01-21 09:00:00,4.1,0,2372.3
2023-01-21 10:00:00,4.0,0,2313.2
2023-01-21 11:00:00,6.5,0,1993.6
2023-01-21 12:00:00,-1.5,0,3234.9
2023-01-21 13:00:00,6.4,0,1773.8
2023-01-21 14:00:00,7.3,0,1759.0
2023-01-21 15:00:00,6.1,0,1940.7
2023-01-21 16:00:00,2.2,0,2635.4
2023-01-21 17:00:00,2.3,0,2582.6
2023-01-21 18:00:00,-0.5,0,3240.2
2023-01-21 19:00:00,-1.3,0,3347.9
2023-01-21 20:00:00,0.7,0,2991.1
2023-01-21 21:00:00,-0.1,0,3019.7
2023-01-21 22:00:00,-1.8,0,3441.5
2023-01-21 23:00:00,-5.7,0,4335.6
2023-01-22 00:00:00,-1.9,0,3205.7
2023-01-22 01:00:00,-2.0,0,3151.0
2023-01-22 02:00:00,-6.3,0,4220.6
2023-01-22 03:00:00,0.3,0,2628.9
2023-01-22 04:00:00,2.6,0,2307.9
2023-01-22 05:00:00,-0.2,0,2907.1
2023-01-22 06:00:00,1.9,0,2520.9
2023-01-22 07:00:00,0.6,0,2934.6
2023-01-22 08:00:00,4.3,0,2289.4
2023-01-22 09:00:00,5.2,0,2146.8
2023-01-22 10:00:00,2.8,0,2517.6
2023-01-22 11:00:00,6.1,0,1876.2
2023-01-22 12:00:00,5.7,0,1959.6
2023-01-22 13:00:00,7.9,0,1586.9
2023-01-22 14:00:00,1.6,0,2550.7
2023-01-22 15:00:00,6.1,0,1960.7
2023-01-22 16:00:00,2.3,0,2548.1
2023-01-22 17:00:00,0.2,0,3092.0
2023-01-22 18:00:00,2.5,0,2644.9
2023-01-22 19:00:00,-1.0,0,3427.7
2023-01-22 20:00:00,-1.2,0,3398.5
2023-01-22 21:00:00,-0.8,0,3277.4
2023-01-22 22:00:00,-4.3,0,3994.7
2023-01-22 23:00:00,-1.9,0,3294.2
2023-01-23 00:00:00,-3.8,0,3696.9
2023-01-23 01:00:00,-2.8,0,3379.1
2023-01-23 02:00:00,-0.4,0,2871.4
2023-01-23 03:00:00,-2.9,0,3373.9
2023-01-23 04:00:00,0.5,0,2674.0
2023-01-23 05:00:00,-0.1,0,2787.6
2023-01-23 06:00:00,3.2,0,2304.9
2023-01-23 07:00:00,5.4,0,2083.8
2023-01-23 08:00:00,2.9,0,2545.5
2023-01-23 09:00:00,3.2,0,2504.1
2023-01-23 10:00:00,4.2,0,2289.1
2023-01-23 11:00:00,3.5,0,2315.6
2023-01-23 12:00:00,5.4,0,1950.4
2023-01-23 13:00:00,4.9,0,2023.8
2023-01-23 14:00:00,9.3,0,1455.0
2023-01-23 15:00:00,4.3,0,2224.3
2023-01-23 16:00:00,3.4,0,2387.3
2023-01-23 17:00:00,2.2,0,2580.8
2023-01-23 18:00:00,1.6,0,2811.2
2023-01-23 19:00:00,3.5,0,2414.3
2023-01-23 20:00:00,-1.1,0,3340.4
2023-01-23 21:00:00,-0.5,0,3302.0
2023-01-23 22:00:00,-5.9,0,4392.1
2023-01-23 23:00:00,-2.4,0,3456.0
2023-01-24 00:00:00,-2.1,0,3141.1
2023-01-24 01:00:00,-2.7,0,3219.0
2023-01-24 02:00:00,-7.6,0,4453.1
2023-01-24 03:00:00,-2.3,0,3090.1
2023-01-24 04:00:00,0.3,0,2566.5
2023-01-24 05:00:00,-0.2,0,2690.2
2023-01-24 06:00:00,-1.2,0,2995.6
2023-01-24 07:00:00,1.8,0,2533.8
2023-01-24 08:00:00,2.8,0,2335.9
2023-01-24 09:00:00,6.1,0,1919.7
2023-01-24 10:00:00,4.1,0,2141.3
2023-01-24 11:00:00,9.6,0,1360.3
2023-01-24 12:00:00,6.4,0,1708.8
2023-01-24 13:00:00,8.0,0,1563.2
2023-01-24 14:00:00,7.0,0,1604.9
2023-01-24 15:00:00,6.1,0,1774.6
2023-01-24 16:00:00,2.4,0,2495.1
2023-01-24 17:00:00,0.0,0,2897.3
2023-01-24 18:00:00,0.4,0,2882.2
2023-01-24 19:00:00,-2.4,0,3520.0
2023-01-24 20:00:00,-3.7,0,3828.6
2023-01-24 21:00:00,-1.3,0,3240.9
2023-01-24 22:00:00,-3.8,0,3781.2
2023-01-24 23:00:00,-3.1,0,3485.4
2023-01-25 00:00:00,-1.6,0,3141.0
2023-01-25 01:00:00,-2.5,0,3220.2
2023-01-25 02:00:00,1.0,0,2406.5
2023-01-25 03:00:00,-2.2,0,3064.7
2023-01-25 04:00:00,-0.6,0,2812.3
2023-01-25 05:00:00,1.2,0,2464.9
2023-01-25 06:00:00,-0.0,0,2800.6
2023-01-25 07:00:00,3.3,0,2239.1
2023-01-25 08:00:00,3.7,0,2284.1
2023-01-25 09:00:00,5.7,0,1971.9
2023-01-25 10:00:00,7.9,0,1582.7
2023-01-25 11:00:00,3.3,0,2294.7
2023-01-25 12:00:00,6.3,0,1746.3
2023-01-25 13:00:00,6.0,0,1799.4
2023-01-25 14:00:00,3.6,0,2147.8
2023-01-25 15:00:00,4.4,0,2069.3
2023-01-25 16:00:00,4.7,0,2100.0
2023-01-25 17:00:00,2.9,0,2331.3
2023-01-25 18:00:00,4.1,0,2241.1
2023-01-25 19:00:00,-2.1,0,3350.9
2023-01-25 20:00:00,0.2,0,2884.0
2023-01-25 21:00:00,-1.1,0,3096.4
2023-01-25 22:00:00,-4.9,0,3977.4
2023-01-25 23:00:00,-2.4,0,3325.5
2023-01-26 00:00:00,-6.8,0,4337.3
2023-01-26 01:00:00,-5.3,0,3974.7
2023-01-26 02:00:00,-2.0,0,3209.4
2023-01-26 03:00:00,-0.3,0,2788.4
2023-01-26 04:00:00,1.4,0,2409.4
2023-01-26 05:00:00,-0.3,0,2827.3
2023-01-26 06:00:00,-1.3,0,3121.5
2023-01-26 07:00:00,4.4,0,2196.2
2023-01-26 08:00:00,5.6,0,2011.2
2023-01-26 09:00:00,4.8,0,2192.0
2023-01-26 10:00:00,5.5,0,2079.3
2023-01-26 11:00:00,6.4,0,1907.3
2023-01-26 12:00:00,4.8,0,2109.1
2023-01-26 13:00:00,6.9,0,1767.0
2023-01-26 14:00:00,8.6,0,1624.8
2023-01-26 15:00:00,8.6,0,1529.6
2023-01-26 16:00:00,4.0,0,2247.4
2023-01-26 17:00:00,0.4,0,2939.4
2023-01-26 18:00:00,1.8,0,2830.2
2023-01-26 19:00:00,2.8,0,2696.9
2023-01-26 20:00:00,-1.4,0,3409.8
2023-01-26 21:00:00,-4.1,0,3956.0
2023-01-26 22:00:00,-1.8,0,3409.7
2023-01-26 23:00:00,-1.8,0,3315.3
2023-01-27 00:00:00,-6.8,0,4395.4
2023-01-27 01:00:00,-8.2,0,4708.1
2023-01-27 02:00:00,-5.8,0,4028.7
2023-01-27 03:00:00,-1.5,0,3083.0
2023-01-27 04:00:00,0.4,0,2653.0
2023-01-27 05:00:00,0.3,0,2711.7
2023-01-27 06:00:00,0.5,0,2841.4
2023-01-27 07:00:00,5.7,0,2073.6
2023-01-27 08:00:00,6.3,0,1993.8
2023-01-27 09:00:00,4.6,0,2242.4
2023-01-27 10:00:00,8.7,0,1766.5
2023-01-27 11:00:00,10.4,0,1372.7
2023-01-27 12:00:00,11.4,0,1316.3
2023-01-27 13:00:00,6.7,0,1829.6
2023-01-27 14:00:00,7.0,0,1779.6
2023-01-27 15:00:00,5.7,0,2001.2
2023-01-27 16:00:00,4.7,0,2339.6
2023-01-27 17:00:00,0.8,0,2974.1
2023-01-27 18:00:00,0.3,0,3079.0
2023-01-27 19:00:00,-1.1,0,3400.2
2023-01-27 20:00:00,0.0,0,3098.9
2023-01-27 21:00:00,-3.7,0,3881.9
2023-01-27 22:00:00,1.7,0,2687.9
2023-01-27 23:00:00,-5.6,0,4222.8
2023-01-28 00:00:00,-2.4,0,3388.5
2023-01-28 01:00:00,-0.9,0,2832.2
2023-01-28 02:00:00,-3.6,0,3522.0
2023-01-28 03:00:00,-0.7,0,2831.9
2023-01-28 04:00:00,-1.0,0,3037.8
2023-01-28 05:00:00,-0.8,0,2937.5
2023-01-28 06:00:00,-2.0,0,3256.3
2023-01-28 07:00:00,5.8,0,2046.6
2023-01-28 08:00:00,7.4,0,1849.3
2023-01-28 09:00:00,4.9,0,2232.5
2023-01-28 10:00:00,7.5,0,1757.3
2023-01-28 11:00:00,6.5,0,1926.6
2023-01-28 12:00:00,5.9,0,1990.5
2023-01-28 13:00:00,5.6,0,2028.5
2023-01-28 14:00:00,8.1,0,1702.3
2023-01-28 15:00:00,5.8,0,2025.2
2023-01-28 16:00:00,5.3,0,2161.6
2023-01-28 17:00:00,1.6,0,2776.1
2023-01-28 18:00:00,5.1,0,2199.2
2023-01-28 19:00:00,3.2,0,2499.4
2023-01-28 20:00:00,4.7,0,2270.5
2023-01-28 21:00:00,-3.0,0,3682.7
2023-01-28 22:00:00,-3.1,0,3809.8
2023-01-28 23:00:00,-0.9,0,3164.9
2023-01-29 00:00:00,-8.4,0,4799.3
2023-01-29 01:00:00,-1.2,0,2982.6
2023-01-29 02:00:00,2.4,0,2211.0
2023-01-29 03:00:00,-1.6,0,3058.1
2023-01-29 04:00:00,1.7,0,2356.1
2023-01-29 05:00:00,5.6,0,1775.7
2023-01-29 06:00:00,2.6,0,2309.0
2023-01-29 07:00:00,2.8,0,2441.4
2023-01-29 08:00:00,0.1,0,3061.9
2023-01-29 09:00:00,8.9,0,1669.5
2023-01-29 10:00:00,5.4,0,2062.1
2023-01-29 11:00:00,3.8,0,2305.6
2023-01-29 12:00:00,4.1,0,2267.4
2023-01-29 13:00:00,8.0,0,1559.1
2023-01-29 14:00:00,4.6,0,2075.7
2023-01-29 15:00:00,6.1,0,1946.6
2023-01-29 16:00:00,6.7,0,1858.7
2023-01-29 17:00:00,1.8,0,2635.3
2023-01-29 18:00:00,1.8,0,2741.8
2023-01-29 19:00:00,1.7,0,2811.1
2023-01-29 20:00:00,1.3,0,2772.1
2023-01-29 21:00:00,-2.7,0,3637.5
2023-01-29 22:00:00,0.8,0,2830.0
2023-01-29 23:00:00,-2.8,0,3461.3
2023-01-30 00:00:00,-2.4,0,3292.1
2023-01-30 01:00:00,-3.4,0,3354.7
2023-01-30 02:00:00,-0.7,0,2888.7
2023-01-30 03:00:00,-1.0,0,2900.0
2023-01-30 04:00:00,-0.6,0,2910.0
2023-01-30 05:00:00,2.6,0,2287.6
2023-01-30 06:00:00,-1.8,0,3198.2
2023-01-30 07:00:00,0.9,0,2776.2
2023-01-30 08:00:00,9.1,0,1619.2
2023-01-30 09:00:00,4.1,0,2394.1
2023-01-30 10:00:00,5.1,0,2112.0
2023-01-30 11:00:00,5.3,0,2093.9
2023-01-30 12:00:00,8.0,0,1703.6
2023-01-30 13:00:00,9.4,0,1480.9
2023-01-30 14:00:00,7.8,0,1662.4
2023-01-30 15:00:00,9.6,0,1437.3
2023-01-30 16:00:00,2.9,0,2412.7
2023-01-30 17:00:00,0.2,0,3051.3
2023-01-30 18:00:00,4.2,0,2314.6
2023-01-30 19:00:00,2.2,0,2630.0
2023-01-30 20:00:00,3.4,0,2535.0
2023-01-30 21:00:00,1.6,0,2752.0
2023-01-30 22:00:00,-2.4,0,3461.3
2023-01-30 23:00:00,-1.1,0,3160.7
2023-01-31 00:00:00,-1.9,0,2976.3
2023-01-31 01:00:00,-5.5,0,3817.0
2023-01-31 02:00:00,-2.1,0,3072.3
2023-01-31 03:00:00,0.8,0,2398.4
2023-01-31 04:00:00,-2.2,0,3011.4
2023-01-31 05:00:00,-0.4,0,2831.3
2023-01-31 06:00:00,1.2,0,2568.0
2023-01-31 07:00:00,7.5,0,1512.3
2023-01-31 08:00:00,2.8,0,2346.3
2023-01-31 09:00:00,8.2,0,1602.3
2023-01-31 10:00:00,7.5,0,1635.0
2023-01-31 11:00:00,6.3,0,1757.3
2023-01-31 12:00:00,6.6,0,1714.4
2023-01-31 13:00:00,5.6,0,1781.3
2023-01-31 14:00:00,9.4,0,1323.7
2023-01-31 15:00:00,5.9,0,1763.4
2023-01-31 16:00:00,4.1,0,2159.2
2023-01-31 17:00:00,4.2,0,2141.9
2023-01-31 18:00:00,3.6,0,2213.8
2023-01-31 19:00:00,3.7,0,2303.9
2023-01-31 20:00:00,-0.4,0,2971.6
2023-01-31 21:00:00,-2.3,0,3444.8
2023-01-31 22:00:00,-4.5,0,3858.3
2023-01-31 23:00:00,-6.4,0,4313.6
2023-02-01 00:00:00,-3.2,0,3289.0
2023-02-01 01:00:00,0.7,0,2464.6
2023-02-01 02:00:00,-2.3,0,2973.2
2023-02-01 03:00:00,0.3,0,2540.1
2023-02-01 04:00:00,-0.5,0,2590.8
2023-02-01 05:00:00,1.2,0,2304.3
2023-02-01 06:00:00,3.3,0,2001.2
2023-02-01 07:00:00,1.6,0,2504.2
2023-02-01 08:00:00,3.4,0,2140.7
2023-02-01 09:00:00,8.5,0,1525.4
2023-02-01 10:00:00,4.2,0,2100.4
2023-02-01 11:00:00,6.6,0,1671.3
2023-02-01 12:00:00,2.0,0,2315.2
2023-02-01 13:00:00,8.1,0,1586.0
2023-02-01 14:00:00,4.8,0,1904.8
2023-02-01 15:00:00,8.0,0,1481.3
2023-02-01 16:00:00,5.1,0,2001.0
2023-02-01 17:00:00,9.0,0,1466.7
2023-02-01 18:00:00,2.5,0,2395.2
2023-02-01 19:00:00,-0.7,0,3083.0
2023-02-01 20:00:00,1.1,0,2660.8
2023-02-01 21:00:00,-6.0,0,4209.3
2023-02-01 22:00:00,-6.5,0,4329.0
2023-02-01 23:00:00,-2.1,0,3238.7
2023-02-02 00:00:00,-2.5,0,3332.4
2023-02-02 01:00:00,-2.1,0,3269.6
2023-02-02 02:00:00,-2.6,0,3241.5
2023-02-02 03:00:00,-0.3,0,2741.8
2023-02-02 04:00:00,-1.4,0,2938.7
2023-02-02 05:00:00,-0.0,0,2771.2
2023-02-02 06:00:00,0.5,0,2778.1
2023-02-02 07:00:00,3.4,0,2249.0
2023-02-02 08:00:00,7.4,0,1760.4
2023-02-02 09:00:00,2.9,0,2519.6
2023-02-02 10:00:00,5.7,0,2044.1
2023-02-02 11:00:00,11.1,0,1422.1
2023-02-02 12:00:00,4.1,0,2277.2
2023-02-02 13:00:00,7.8,0,1589.4
2023-02-02 14:00:00,6.8,0,1747.8
2023-02-02 15:00:00,8.3,0,1632.2
2023-02-02 16:00:00,4.7,0,2098.0
2023-02-02 17:00:00,5.2,0,2079.1
2023-02-02 18:00:00,1.6,0,2742.3
2023-02-02 19:00:00,-0.7,0,3307.3
2023-02-02 20:00:00,1.6,0,2699.4
2023-02-02 21:00:00,0.3,0,2944.9
2023-02-02 22:00:00,-0.8,0,3106.6
2023-02-02 23:00:00,-5.4,0,4094.4
2023-02-03 00:00:00,-2.1,0,3238.8
2023-02-03 01:00:00,-4.2,0,3690.2
2023-02-03 02:00:00,-0.6,0,2838.4
2023-02-03 03:00:00,-1.5,0,3045.9
2023-02-03 04:00:00,2.3,0,2224.8
2023-02-03 05:00:00,2.7,0,2271.1
2023-02-03 06:00:00,4.9,0,2055.2
2023-02-03 07:00:00,1.2,0,2657.3
2023-02-03 08:00:00,5.5,0,2055.2
2023-02-03 09:00:00,7.8,0,1746.2
2023-02-03 10:00:00,7.9,0,1675.6
2023-02-03 11:00:00,6.8,0,1725.8
2023-02-03 12:00:00,7.9,0,1679.6
2023-02-03 13:00:00,6.1,0,1937.1
2023-02-03 14:00:00,6.5,0,1899.1
2023-02-03 15:00:00,3.6,0,2299.8
2023-02-03 16:00:00,7.2,0,1751.0
2023-02-03 17:00:00,7.2,0,1853.2
2023-02-03 18:00:00,2.1,0,2700.7
2023-02-03 19:00:00,2.4,0,2655.5
2023-02-03 20:00:00,1.5,0,2780.3
2023-02-03 21:00:00,0.5,0,2881.1
2023-02-03 22:00:00,-2.1,0,3455.9
2023-02-03 23:00:00,-1.5,0,3331.1
2023-02-04 00:00:00,-3.6,1,3309.5
2023-02-04 01:00:00,-2.3,1,3099.4
2023-02-04 02:00:00,-2.3,1,2955.3
2023-02-04 03:00:00,0.5,1,2363.6
2023-02-04 04:00:00,1.9,1,2184.0
2023-02-04 05:00:00,-0.4,1,2688.1
2023-02-04 06:00:00,4.8,1,1783.3
2023-02-04 07:00:00,5.3,1,1776.2
2023-02-04 08:00:00,6.2,1,1719.9
2023-02-04 09:00:00,6.2,1,1779.4
2023-02-04 10:00:00,3.0,1,2276.7
2023-02-04 11:00:00,6.6,1,1688.1
2023-02-04 12:00:00,8.1,1,1423.4
2023-02-04 13:00:00,9.9,1,1278.1
2023-02-04 14:00:00,5.7,1,1733.0
2023-02-04 15:00:00,6.3,1,1597.3
2023-02-04 16:00:00,5.5,1,1821.4
2023-02-04 17:00:00,6.6,1,1709.9
2023-02-04 18:00:00,4.3,1,2141.5
2023-02-04 19:00:00,3.4,1,2332.0
2023-02-04 20:00:00,-0.6,1,2975.6
2023-02-04 21:00:00,-5.5,1,4042.4
2023-02-04 22:00:00,-3.1,1,3433.9
2023-02-04 23:00:00,1.4,1,2491.5
2023-02-05 00:00:00,-1.6,1,2961.0
2023-02-05 01:00:00,1.3,1,2209.9
2023-02-05 02:00:00,1.0,1,2320.8
2023-02-05 03:00:00,0.2,1,2397.0
2023-02-05 04:00:00,-1.5,1,2749.0
2023-02-05 05:00:00,-0.5,1,2561.1
2023-02-05 06:00:00,-0.2,1,2682.9
2023-02-05 07:00:00,2.0,1,2318.0
2023-02-05 08:00:00,3.5,1,2195.9
2023-02-05 09:00:00,8.9,1,1420.6
2023-02-05 10:00:00,9.8,1,1233.4
2023-02-05 11:00:00,7.8,1,1562.7
2023-02-05 12:00:00,12.6,1,1036.4
2023-02-05 13:00:00,8.7,1,1324.7
2023-02-05 14:00:00,10.0,1,1249.9
2023-02-05 15:00:00,5.8,1,1776.0
2023-02-05 16:00:00,4.9,1,1858.2
2023-02-05 17:00:00,6.4,1,1700.9
2023-02-05 18:00:00,2.7,1,2262.9
2023-02-05 19:00:00,1.8,1,2451.4
2023-02-05 20:00:00,2.3,1,2472.8
2023-02-05 21:00:00,2.7,1,2291.2
2023-02-05 22:00:00,-2.7,1,3338.4
2023-02-05 23:00:00,-4.0,1,3541.3
2023-02-06 00:00:00,-3.2,1,3207.8
2023-02-06 01:00:00,-1.9,1,2898.8
2023-02-06 02:00:00,1.4,1,2231.8
2023-02-06 03:00:00,-3.1,1,3234.3
2023-02-06 04:00:00,3.8,1,1700.1
2023-02-06 05:00:00,3.6,1,1977.4
2023-02-06 06:00:00,4.9,1,1813.6
2023-02-06 07:00:00,7.4,1,1421.9
2023-02-06 08:00:00,5.5,1,1819.5
2023-02-06 09:00:00,7.6,1,1586.0
2023-02-06 10:00:00,4.0,1,2067.2
2023-02-06 11:00:00,7.3,1,1646.9
2023-02-06 12:00:00,8.0,1,1406.7
2023-02-06 13:00:00,10.9,1,1033.1
2023-02-06 14:00:00,6.0,1,1737.4
2023-02-06 15:00:00,4.9,1,1841.9
2023-02-06 16:00:00,8.1,1,1585.1
2023-02-06 17:00:00,2.9,1,2293.9
2023-02-06 18:00:00,3.1,1,2322.5
2023-02-06 19:00:00,0.6,1,2776.4
2023-02-06 20:00:00,-3.1,1,3601.2
2023-02-06 21:00:00,1.1,1,2585.8
2023-02-06 22:00:00,-3.1,1,3492.2
2023-02-06 23:00:00,1.6,1,2424.0
2023-02-07 00:00:00,-1.1,1,2645.3
2023-02-07 01:00:00,-2.8,1,2916.3
2023-02-07 02:00:00,1.8,1,2070.6
2023-02-07 03:00:00,-4.6,1,3324.3
2023-02-07 04:00:00,1.4,1,2049.1
2023-02-07 05:00:00,2.4,1,2026.6
2023-02-07 06:00:00,7.1,1,1301.8
2023-02-07 07:00:00,4.0,1,1819.7
2023-02-07 08:00:00,7.7,1,1355.1
2023-02-07 09:00:00,10.0,1,1097.5
2023-02-07 10:00:00,7.8,1,1460.2
2023-02-07 11:00:00,8.1,1,1385.5
2023-02-07 12:00:00,5.1,1,1606.9
2023-02-07 13:00:00,10.1,1,1036.6
2023-02-07 14:00:00,8.3,1,1259.4
2023-02-07 15:00:00,5.0,1,1773.0
2023-02-07 16:00:00,7.9,1,1377.4
2023-02-07 17:00:00,6.9,1,1512.5
2023-02-07 18:00:00,0.9,1,2614.4
2023-02-07 19:00:00,2.6,1,2222.9
2023-02-07 20:00:00,1.8,1,2297.4
2023-02-07 21:00:00,2.3,1,2233.7
2023-02-07 22:00:00,-4.4,1,3591.7
2023-02-07 23:00:00,-2.1,1,2939.6
2023-02-08 00:00:00,-4.0,1,3309.9
2023-02-08 01:00:00,-1.7,1,2778.4
2023-02-08 02:00:00,-0.9,1,2552.1
2023-02-08 03:00:00,0.3,1,2207.5
2023-02-08 04:00:00,0.9,1,2165.1
2023-02-08 05:00:00,4.4,1,1725.9
2023-02-08 06:00:00,4.6,1,1720.1
2023-02-08 07:00:00,4.6,1,1783.3
2023-02-08 08:00:00,5.5,1,1738.6
2023-02-08 09:00:00,6.3,1,1572.3
2023-02-08 10:00:00,6.6,1,1510.7
2023-02-08 11:00:00,4.3,1,1780.1
2023-02-08 12:00:00,4.3,1,1756.3
2023-02-08 13:00:00,7.3,1,1328.0
2023-02-08 14:00:00,6.8,1,1419.0
2023-02-08 15:00:00,7.4,1,1306.3
2023-02-08 16:00:00,5.0,1,1796.0
2023-02-08 17:00:00,1.9,1,2340.0
2023-02-08 18:00:00,4.9,1,1891.3
2023-02-08 19:00:00,4.5,1,1910.7
2023-02-08 20:00:00,2.3,1,2214.6
2023-02-08 21:00:00,-2.1,1,3084.0
2023-02-08 22:00:00,-3.1,1,3249.3
2023-02-08 23:00:00,-0.0,1,2581.5
2023-02-09 00:00:00,-2.3,1,2991.3
2023-02-09 01:00:00,-2.0,1,2944.6
2023-02-09 02:00:00,-1.2,1,2747.9
2023-02-09 03:00:00,0.6,1,2318.8
2023-02-09 04:00:00,2.5,1,1989.1
2023-02-09 05:00:00,0.7,1,2475.2
2023-02-09 06:00:00,4.4,1,1806.8
2023-02-09 07:00:00,0.6,1,2544.5
2023-02-09 08:00:00,6.6,1,1673.4
2023-02-09 09:00:00,6.0,1,1803.8
2023-02-09 10:00:00,5.1,1,1945.2
2023-02-09 11:00:00,9.2,1,1346.8
2023-02-09 12:00:00,11.0,1,1126.4
2023-02-09 13:00:00,3.2,1,2114.1
2023-02-09 14:00:00,4.9,1,1736.3
2023-02-09 15:00:00,8.4,1,1315.9
2023-02-09 16:00:00,8.0,1,1522.1
2023-02-09 17:00:00,2.8,1,2359.2
2023-02-09 18:00:00,2.0,1,2395.7
2023-02-09 19:00:00,2.7,1,2406.4
2023-02-09 20:00:00,0.4,1,2796.4
2023-02-09 21:00:00,2.3,1,2302.1
2023-02-09 22:00:00,-0.4,1,2886.0
2023-02-09 23:00:00,-1.2,1,2874.0
2023-02-10 00:00:00,-1.2,1,2819.6
2023-02-10 01:00:00,-2.1,1,2863.9
2023-02-10 02:00:00,1.6,1,2118.5
2023-02-10 03:00:00,3.3,1,1811.6
2023-02-10 04:00:00,-1.1,1,2628.8
2023-02-10 05:00:00,0.9,1,2406.2
2023-02-10 06:00:00,4.4,1,1759.0
2023-02-10 07:00:00,5.7,1,1728.0
2023-02-10 08:00:00,3.3,1,2220.1
2023-02-10 09:00:00,4.7,1,1936.2
2023-02-10 10:00:00,8.1,1,1551.0
2023-02-10 11:00:00,5.9,1,1801.0
2023-02-10 12:00:00,9.2,1,1244.6
2023-02-10 13:00:00,9.2,1,1271.8
2023-02-10 14:00:00,11.3,1,1170.4
2023-02-10 15:00:00,7.8,1,1489.5
2023-02-10 16:00:00,5.5,1,1830.5
2023-02-10 17:00:00,5.5,1,1893.2
2023-02-10 18:00:00,5.4,1,1877.2
2023-02-10 19:00:00,1.5,1,2567.5
2023-02-10 20:00:00,0.7,1,2753.9
2023-02-10 21:00:00,-0.3,1,2832.4
2023-02-10 22:00:00,1.2,1,2489.1
2023-02-10 23:00:00,-0.6,1,2900.2
2023-02-11 00:00:00,-1.0,0,2896.5
2023-02-11 01:00:00,1.3,0,2522.3
2023-02-11 02:00:00,-3.9,0,3514.8
2023-02-11 03:00:00,-0.8,0,2891.4
2023-02-11 04:00:00,4.0,0,1939.4
2023-02-11 05:00:00,3.3,0,2144.1
2023-02-11 06:00:00,3.9,0,2038.0
2023-02-11 07:00:00,3.5,0,2328.3
2023-02-11 08:00:00,2.3,0,2507.9
2023-02-11 09:00:00,6.3,0,2002.4
2023-02-11 10:00:00,5.5,0,1972.4
2023-02-11 11:00:00,9.1,0,1583.6
2023-02-11 12:00:00,11.2,0,1268.7
2023-02-11 13:00:00,8.7,0,1501.2
2023-02-11 14:00:00,10.1,0,1298.4
2023-02-11 15:00:00,10.7,0,1418.2
2023-02-11 16:00:00,5.5,0,2037.7
2023-02-11 17:00:00,3.9,0,2291.2
2023-02-11 18:00:00,4.7,0,2121.5
2023-02-11 19:00:00,-0.2,0,3064.3
2023-02-11 20:00:00,2.3,0,2607.5
2023-02-11 21:00:00,-0.6,0,3111.8
2023-02-11 22:00:00,-2.3,0,3438.7
2023-02-11 23:00:00,-2.2,0,3405.3
2023-02-12 00:00:00,-0.7,0,2871.1
2023-02-12 01:00:00,-0.2,0,2737.4
2023-02-12 02:00:00,-2.3,0,3178.0
2023-02-12 03:00:00,-0.4,0,2802.5
2023-02-12 04:00:00,-0.0,0,2731.4
2023-02-12 05:00:00,1.6,0,2392.1
2023-02-12 06:00:00,1.1,0,2628.6
2023-02-12 07:00:00,7.3,0,1719.0
2023-02-12 08:00:00,8.5,0,1691.8
2023-02-12 09:00:00,10.0,0,1501.5
2023-02-12 10:00:00,6.7,0,1797.8
2023-02-12 11:00:00,11.9,0,1258.7
2023-02-12 12:00:00,13.7,0,1071.6
2023-02-12 13:00:00,11.6,0,1164.6
2023-02-12 14:00:00,9.3,0,1435.9
2023-02-12 15:00:00,6.5,0,1805.6
2023-02-12 16:00:00,3.7,0,2310.2
2023-02-12 17:00:00,2.8,0,2549.5
2023-02-12 18:00:00,6.8,0,1896.4
2023-02-12 19:00:00,1.4,0,2707.9
2023-02-12 20:00:00,-1.3,0,3238.6
2023-02-12 21:00:00,3.1,0,2374.1
2023-02-12 22:00:00,-1.0,0,3142.1
2023-02-12 23:00:00,-1.6,0,3309.1
2023-02-13 00:00:00,4.6,0,1865.0
2023-02-13 01:00:00,0.5,0,2594.4
2023-02-13 02:00:00,-1.6,0,3036.3
2023-02-13 03:00:00,1.8,0,2273.1
2023-02-13 04:00:00,-0.0,0,2694.5
2023-02-13 05:00:00,3.2,0,2105.9
2023-02-13 06:00:00,1.4,0,2485.2
2023-02-13 07:00:00,5.1,0,1994.0
2023-02-13 08:00:00,7.6,0,1768.1
2023-02-13 09:00:00,8.6,0,1755.3
2023-02-13 10:00:00,5.7,0,1989.3
2023-02-13 11:00:00,10.6,0,1371.2
2023-02-13 12:00:00,10.6,0,1389.0
2023-02-13 13:00:00,7.3,0,1609.4
2023-02-13 14:00:00,7.6,0,1543.6
2023-02-13 15:00:00,8.1,0,1698.5
2023-02-13 16:00:00,8.9,0,1562.5
2023-02-13 17:00:00,7.8,0,1736.4
2023-02-13 18:00:00,7.4,0,1819.1
2023-02-13 19:00:00,4.1,0,2304.5
2023-02-13 20:00:00,2.8,0,2501.8
2023-02-13 21:00:00,1.5,0,2804.7
2023-02-13 22:00:00,0.7,0,2812.4
2023-02-13 23:00:00,-0.7,0,2997.6
2023-02-14 00:00:00,-0.4,0,2673.0
2023-02-14 01:00:00,3.1,0,1871.9
2023-02-14 02:00:00,-4.0,0,3405.7
2023-02-14 03:00:00,-1.7,0,2883.9
2023-02-14 04:00:00,0.8,0,2332.8
2023-02-14 05:00:00,4.7,0,1748.7
2023-02-14 06:00:00,4.7,0,1842.4
2023-02-14 07:00:00,6.1,0,1751.4
2023-02-14 08:00:00,6.2,0,1691.0
2023-02-14 09:00:00,9.1,0,1381.2
2023-02-14 10:00:00,10.5,0,1259.8
2023-02-14 11:00:00,10.3,0,1204.2
2023-02-14 12:00:00,8.1,0,1436.6
2023-02-14 13:00:00,8.6,0,1393.5
2023-02-14 14:00:00,11.4,0,1097.8
2023-02-14 15:00:00,8.8,0,1366.5
2023-02-14 16:00:00,9.9,0,1295.2
2023-02-14 17:00:00,9.5,0,1393.1
2023-02-14 18:00:00,7.9,0,1615.7
2023-02-14 19:00:00,2.8,0,2449.5
2023-02-14 20:00:00,1.1,0,2692.7
2023-02-14 21:00:00,-0.1,0,2858.7
2023-02-14 22:00:00,-0.2,0,2876.8
2023-02-14 23:00:00,1.9,0,2386.5
2023-02-15 00:00:00,-3.1,0,3178.4
2023-02-15 01:00:00,3.1,0,1985.4
2023-02-15 02:00:00,-0.0,0,2533.5
2023-02-15 03:00:00,1.5,0,2217.6
2023-02-15 04:00:00,-0.6,0,2643.0
2023-02-15 05:00:00,2.6,0,2078.3
2023-02-15 06:00:00,8.2,0,1371.5
2023-02-15 07:00:00,5.9,0,1660.3
2023-02-15 08:00:00,5.7,0,1736.6
2023-02-15 09:00:00,9.6,0,1312.2
2023-02-15 10:00:00,8.5,0,1428.7
2023-02-15 11:00:00,8.7,0,1448.1
2023-02-15 12:00:00,9.5,0,1224.8
2023-02-15 13:00:00,10.5,0,1119.9
2023-02-15 14:00:00,9.1,0,1226.6
2023-02-15 15:00:00,4.0,0,2051.0
2023-02-15 16:00:00,5.3,0,1889.1
2023-02-15 17:00:00,7.8,0,1575.8
2023-02-15 18:00:00,3.2,0,2366.9
2023-02-15 19:00:00,5.0,0,2012.8
2023-02-15 20:00:00,6.3,0,1783.1
2023-02-15 21:00:00,-0.6,0,2928.5
2023-02-15 22:00:00,-0.7,0,2871.4
2023-02-15 23:00:00,-0.5,0,2835.4
2023-02-16 00:00:00,5.1,0,1734.6
2023-02-16 01:00:00,-3.4,0,3346.4
2023-02-16 02:00:00,3.0,0,2130.0
2023-02-16 03:00:00,0.4,0,2612.4
2023-02-16 04:00:00,4.3,0,1885.1
2023-02-16 05:00:00,2.6,0,2336.3
2023-02-16 06:00:00,6.1,0,1748.8
2023-02-16 07:00:00,3.1,0,2240.8
2023-02-16 08:00:00,7.1,0,1704.7
2023-02-16 09:00:00,8.8,0,1667.3
2023-02-16 10:00:00,10.0,0,1442.6
2023-02-16 11:00:00,6.9,0,1818.9
2023-02-16 12:00:00,10.3,0,1250.6
2023-02-16 13:00:00,7.3,0,1712.5
2023-02-16 14:00:00,7.5,0,1631.6
2023-02-16 15:00:00,6.8,0,1803.3
2023-02-16 16:00:00,5.0,0,2050.5
2023-02-16 17:00:00,1.5,0,2694.6
2023-02-16 18:00:00,5.4,0,2063.2
2023-02-16 19:00:00,4.3,0,2317.0
2023-02-16 20:00:00,3.8,0,2416.1
2023-02-16 21:00:00,-1.2,0,3334.3
2023-02-16 22:00:00,-1.2,0,3200.5
2023-02-16 23:00:00,2.6,0,2371.6
2023-02-17 00:00:00,-0.2,0,2790.3
2023-02-17 01:00:00,-0.4,0,2646.6
2023-02-17 02:00:00,0.5,0,2598.0
2023-02-17 03:00:00,0.9,0,2465.2
2023-02-17 04:00:00,3.7,0,1968.0
2023-02-17 05:00:00,2.4,0,2305.5
2023-02-17 06:00:00,6.8,0,1709.3
2023-02-17 07:00:00,6.5,0,1802.6
2023-02-17 08:00:00,7.9,0,1696.5
2023-02-17 09:00:00,9.9,0,1416.7
2023-02-17 10:00:00,9.2,0,1486.3
2023-02-17 11:00:00,9.0,0,1642.6
2023-02-17 12:00:00,10.9,0,1235.2
2023-02-17 13:00:00,10.3,0,1400.2
2023-02-17 14:00:00,9.2,0,1475.6
2023-02-17 15:00:00,6.9,0,1671.5
2023-02-17 16:00:00,10.1,0,1429.8
2023-02-17 17:00:00,6.8,0,1879.7
2023-02-17 18:00:00,3.3,0,2291.6
2023-02-17 19:00:00,4.8,0,2168.1
2023-02-17 20:00:00,-0.8,0,3167.5
2023-02-17 21:00:00,-0.8,0,3143.2
2023-02-17 22:00:00,1.7,0,2606.8
2023-02-17 23:00:00,1.4,0,2611.1
2023-02-18 00:00:00,-1.5,0,2964.0
2023-02-18 01:00:00,1.6,0,2365.4
2023-02-18 02:00:00,3.8,0,2012.2
2023-02-18 03:00:00,0.5,0,2471.8
2023-02-18 04:00:00,1.1,0,2333.0
2023-02-18 05:00:00,4.5,0,1987.5
2023-02-18 06:00:00,2.3,0,2359.4
2023-02-18 07:00:00,5.7,0,1758.6
2023-02-18 08:00:00,9.3,0,1584.9
2023-02-18 09:00:00,11.4,0,1358.2
2023-02-18 10:00:00,9.4,0,1500.0
2023-02-18 11:00:00,10.7,0,1401.4
2023-02-18 12:00:00,10.5,0,1350.6
2023-02-18 13:00:00,9.9,0,1263.0
2023-02-18 14:00:00,9.4,0,1357.7
2023-02-18 15:00:00,9.4,0,1411.9
2023-02-18 16:00:00,8.1,0,1595.6
2023-02-18 17:00:00,4.1,0,2213.8
2023-02-18 18:00:00,5.1,0,2094.5
2023-02-18 19:00:00,2.2,0,2628.3
2023-02-18 20:00:00,2.5,0,2572.3
2023-02-18 21:00:00,5.3,0,2117.0
2023-02-18 22:00:00,-0.0,0,2888.7
2023-02-18 23:00:00,5.1,0,2064.5
2023-02-19 00:00:00,-4.6,0,3799.5
2023-02-19 01:00:00,0.1,0,2619.1
2023-02-19 02:00:00,1.0,0,2481.6
2023-02-19 03:00:00,4.7,0,1878.8
2023-02-19 04:00:00,1.9,0,2289.4
2023-02-19 05:00:00,2.0,0,2372.1
2023-02-19 06:00:00,7.3,0,1504.8
2023-02-19 07:00:00,9.8,0,1398.3
2023-02-19 08:00:00,9.3,0,1536.0
2023-02-19 09:00:00,11.4,0,1338.0
2023-02-19 10:00:00,9.8,0,1475.6
2023-02-19 11:00:00,13.2,0,1171.5
2023-02-19 12:00:00,16.5,0,910.1
2023-02-19 13:00:00,5.1,0,1944.9
2023-02-19 14:00:00,12.4,0,1089.8
2023-02-19 15:00:00,9.1,0,1480.5
2023-02-19 16:00:00,7.2,0,1766.7
2023-02-19 17:00:00,4.8,0,2069.4
2023-02-19 18:00:00,9.1,0,1583.5
2023-02-19 19:00:00,6.5,0,1909.9
2023-02-19 20:00:00,6.7,0,1987.3
2023-02-19 21:00:00,1.2,0,2816.5
2023-02-19 22:00:00,1.0,0,2770.7
2023-02-19 23:00:00,0.1,0,2811.6
2023-02-20 00:00:00,1.5,0,2408.2
2023-02-20 01:00:00,2.6,0,2231.3
2023-02-20 02:00:00,1.1,0,2480.3
2023-02-20 03:00:00,-0.5,0,2619.4
2023-02-20 04:00:00,7.3,0,1467.9
2023-02-20 05:00:00,4.8,0,1948.3
2023-02-20 06:00:00,4.9,0,1798.1
2023-02-20 07:00:00,8.8,0,1431.0
2023-02-20 08:00:00,8.2,0,1680.5
2023-02-20 09:00:00,12.5,0,1213.2
2023-02-20 10:00:00,10.1,0,1456.8
2023-02-20 11:00:00,11.8,0,1206.1
2023-02-20 12:00:00,14.6,0,969.7
2023-02-20 13:00:00,10.2,0,1388.4
2023-02-20 14:00:00,13.6,0,1010.8
2023-02-20 15:00:00,13.1,0,1095.7
2023-02-20 16:00:00,10.8,0,1366.5
2023-02-20 17:00:00,5.9,0,2020.1
2023-02-20 18:00:00,3.2,0,2343.3
2023-02-20 19:00:00,2.9,0,2482.1
2023-02-20 20:00:00,7.0,0,1841.9
2023-02-20 21:00:00,1.6,0,2630.3
2023-02-20 22:00:00,1.4,0,2627.7
2023-02-20 23:00:00,-0.5,0,3057.5
2023-02-21 00:00:00,1.3,0,2427.1
2023-02-21 01:00:00,-1.1,0,2786.0
2023-02-21 02:00:00,-0.1,0,2486.5
2023-02-21 03:00:00,0.6,0,2341.6
2023-02-21 04:00:00,3.7,0,1945.9
2023-02-21 05:00:00,3.2,0,1953.1
2023-02-21 06:00:00,8.5,0,1316.4
2023-02-21 07:00:00,10.0,0,1175.0
2023-02-21 08:00:00,8.9,0,1391.7
2023-02-21 09:00:00,9.4,0,1343.3
2023-02-21 10:00:00,10.6,0,1306.8
2023-02-21 11:00:00,11.3,0,1229.8
2023-02-21 12:00:00,10.8,0,1082.2
2023-02-21 13:00:00,11.0,0,1136.9
2023-02-21 14:00:00,13.7,0,833.7
2023-02-21 15:00:00,10.3,0,1231.1
2023-02-21 16:00:00,11.4,0,1091.7
2023-02-21 17:00:00,10.0,0,1344.1
2023-02-21 18:00:00,5.6,0,1853.4
2023-02-21 19:00:00,6.2,0,1835.5
2023-02-21 20:00:00,3.7,0,2175.5
2023-02-21 21:00:00,2.0,0,2380.2
2023-02-21 22:00:00,2.2,0,2313.0
2023-02-21 23:00:00,-1.0,0,2974.6
2023-02-22 00:00:00,-1.4,0,2820.7
2023-02-22 01:00:00,1.4,0,2188.6
2023-02-22 02:00:00,2.5,0,2072.0
2023-02-22 03:00:00,-0.6,0,2601.3
2023-02-22 04:00:00,4.1,0,1740.2
2023-02-22 05:00:00,4.3,0,1842.3
2023-02-22 06:00:00,8.0,0,1383.8
2023-02-22 07:00:00,7.3,0,1499.9
2023-02-22 08:00:00,8.3,0,1421.8
2023-02-22 09:00:00,12.1,0,1002.8
2023-02-22 10:00:00,8.0,0,1551.8
2023-02-22 11:00:00,11.6,0,1091.2
2023-02-22 12:00:00,11.1,0,1155.7
2023-02-22 13:00:00,10.8,0,1142.1
2023-02-22 14:00:00,6.0,0,1600.0
2023-02-22 15:00:00,10.0,0,1191.4
2023-02-22 16:00:00,5.5,0,1829.4
2023-02-22 17:00:00,7.8,0,1587.7
2023-02-22 18:00:00,5.7,0,1797.1
2023-02-22 19:00:00,7.7,0,1623.3
2023-02-22 20:00:00,5.7,0,1836.4
2023-02-22 21:00:00,-1.4,0,3113.2
2023-02-22 22:00:00,-0.3,0,2731.1
2023-02-22 23:00:00,1.3,0,2517.2
2023-02-23 00:00:00,2.0,0,2323.7
2023-02-23 01:00:00,0.1,0,2682.3
2023-02-23 02:00:00,-1.6,0,2897.9
2023-02-23 03:00:00,4.0,0,1985.1
2023-02-23 04:00:00,3.5,0,2009.0
2023-02-23 05:00:00,4.5,0,1848.6
2023-02-23 06:00:00,6.7,0,1671.7
2023-02-23 07:00:00,9.4,0,1411.8
2023-02-23 08:00:00,8.0,0,1638.4
2023-02-23 09:00:00,7.3,0,1793.3
2023-02-23 10:00:00,11.0,0,1379.1
2023-02-23 11:00:00,9.8,0,1472.2
2023-02-23 12:00:00,8.9,0,1409.0
2023-02-23 13:00:00,13.1,0,1031.9
2023-02-23 14:00:00,8.3,0,1525.1
2023-02-23 15:00:00,12.2,0,1201.1
2023-02-23 16:00:00,6.6,0,1834.3
2023-02-23 17:00:00,7.4,0,1692.7
2023-02-23 18:00:00,5.2,0,2144.6
2023-02-23 19:00:00,8.5,0,1631.3
2023-02-23 20:00:00,1.0,0,2643.3
2023-02-23 21:00:00,0.8,0,2826.2
2023-02-23 22:00:00,1.2,0,2708.0
2023-02-23 23:00:00,0.4,0,2763.5
2023-02-24 00:00:00,2.3,0,2258.8
2023-02-24 01:00:00,-0.4,0,2655.7
2023-02-24 02:00:00,0.6,0,2504.3
2023-02-24 03:00:00,5.6,0,1673.1
2023-02-24 04:00:00,7.0,0,1551.0
2023-02-24 05:00:00,4.4,0,1880.8
2023-02-24 06:00:00,3.8,0,2161.5
2023-02-24 07:00:00,11.0,0,1251.0
2023-02-24 08:00:00,10.3,0,1376.3
2023-02-24 09:00:00,10.5,0,1359.6
2023-02-24 10:00:00,12.3,0,1289.0
2023-02-24 11:00:00,13.3,0,1190.7
2023-02-24 12:00:00,12.1,0,1151.4
2023-02-24 13:00:00,10.8,0,1252.2
2023-02-24 14:00:00,12.7,0,1016.2
2023-02-24 15:00:00,10.8,0,1364.7
2023-02-24 16:00:00,9.7,0,1537.2
2023-02-24 17:00:00,3.0,0,2445.2
2023-02-24 18:00:00,6.6,0,1917.0
2023-02-24 19:00:00,4.7,0,2133.6
2023-02-24 20:00:00,2.6,0,2397.7
2023-02-24 21:00:00,-1.4,0,3176.9
2023-02-24 22:00:00,0.6,0,2791.7
2023-02-24 23:00:00,-0.4,0,2827.8
2023-02-25 00:00:00,2.2,0,2347.1
2023-02-25 01:00:00,3.9,0,2005.3
2023-02-25 02:00:00,1.5,0,2334.1
2023-02-25 03:00:00,4.5,0,1862.1
2023-02-25 04:00:00,5.7,0,1742.4
2023-02-25 05:00:00,2.4,0,2327.5
2023-02-25 06:00:00,5.6,0,1825.7
2023-02-25 07:00:00,9.6,0,1342.4
2023-02-25 08:00:00,9.9,0,1438.1
2023-02-25 09:00:00,11.3,0,1306.5
2023-02-25 10:00:00,10.3,0,1436.8
2023-02-25 11:00:00,13.6,0,962.1
2023-02-25 12:00:00,9.3,0,1379.0
2023-02-25 13:00:00,7.1,0,1645.1
2023-02-25 14:00:00,14.8,0,925.9
2023-02-25 15:00:00,8.2,0,1483.9
2023-02-25 16:00:00,11.5,0,1289.7
2023-02-25 17:00:00,4.3,0,2186.9
2023-02-25 18:00:00,7.1,0,1836.5
2023-02-25 19:00:00,5.6,0,2025.3
2023-02-25 20:00:00,4.5,0,2184.5
2023-02-25 21:00:00,0.5,0,2797.9
2023-02-25 22:00:00,5.9,0,1836.1
2023-02-25 23:00:00,2.2,0,2376.1
2023-02-26 00:00:00,0.6,0,2549.3
2023-02-26 01:00:00,1.9,0,2223.6
2023-02-26 02:00:00,0.1,0,2607.0
2023-02-26 03:00:00,2.4,0,2040.1
2023-02-26 04:00:00,7.3,0,1434.3
2023-02-26 05:00:00,2.2,0,2264.3
2023-02-26 06:00:00,5.2,0,1801.8
2023-02-26 07:00:00,8.0,0,1531.6
2023-02-26 08:00:00,11.2,0,1312.6
2023-02-26 09:00:00,10.8,0,1299.6
2023-02-26 10:00:00,12.7,0,1203.4
2023-02-26 11:00:00,11.1,0,1270.6
2023-02-26 12:00:00,14.9,0,956.7
2023-02-26 13:00:00,12.2,0,1119.4
2023-02-26 14:00:00,9.8,0,1456.5
2023-02-26 15:00:00,9.7,0,1467.6
2023-02-26 16:00:00,9.6,0,1607.3
2023-02-26 17:00:00,8.7,0,1521.5
2023-02-26 18:00:00,5.8,0,1943.4
2023-02-26 19:00:00,8.9,0,1625.0
2023-02-26 20:00:00,1.9,0,2550.1
2023-02-26 21:00:00,2.6,0,2465.2
2023-02-26 22:00:00,5.0,0,2077.0
2023-02-26 23:00:00,3.1,0,2239.6
2023-02-27 00:00:00,6.8,0,1535.3
2023-02-27 01:00:00,2.3,0,2238.4
2023-02-27 02:00:00,4.8,0,1725.4
2023-02-27 03:00:00,4.5,0,1776.1
2023-02-27 04:00:00,0.7,0,2449.9
2023-02-27 05:00:00,6.8,0,1585.4
2023-02-27 06:00:00,8.3,0,1458.3
2023-02-27 07:00:00,7.5,0,1532.0
2023-02-27 08:00:00,6.9,0,1760.8
2023-02-27 09:00:00,12.3,0,1248.2
2023-02-27 10:00:00,11.0,0,1285.0
2023-02-27 11:00:00,12.9,0,1140.1
2023-02-27 12:00:00,12.1,0,1194.9
2023-02-27 13:00:00,13.2,0,1020.3
2023-02-27 14:00:00,11.4,0,1195.7
2023-02-27 15:00:00,10.9,0,1253.6
2023-02-27 16:00:00,9.4,0,1512.1
2023-02-27 17:00:00,11.1,0,1378.2
2023-02-27 18:00:00,5.9,0,1953.2
2023-02-27 19:00:00,3.9,0,2268.2
2023-02-27 20:00:00,5.4,0,2078.2
2023-02-27 21:00:00,4.0,0,2265.9
2023-02-27 22:00:00,3.2,0,2287.4
2023-02-27 23:00:00,3.1,0,2320.3
2023-02-28 00:00:00,2.4,0,2134.1
2023-02-28 01:00:00,-0.1,0,2374.1
2023-02-28 02:00:00,7.0,0,1273.8
2023-02-28 03:00:00,2.4,0,1937.4
2023-02-28 04:00:00,4.3,0,1715.2
2023-02-28 05:00:00,8.5,0,1177.7
2023-02-28 06:00:00,6.3,0,1565.5
2023-02-28 07:00:00,7.6,0,1397.8
2023-02-28 08:00:00,10.2,0,1232.7
2023-02-28 09:00:00,11.9,0,1040.5
2023-02-28 10:00:00,9.3,0,1303.5
2023-02-28 11:00:00,12.1,0,1020.2
2023-02-28 12:00:00,12.4,0,997.6
2023-02-28 13:00:00,10.4,0,1164.1
2023-02-28 14:00:00,13.7,0,888.6
2023-02-28 15:00:00,11.8,0,1004.3
2023-02-28 16:00:00,6.7,0,1608.2
2023-02-28 17:00:00,6.5,0,1744.9
2023-02-28 18:00:00,4.4,0,2081.3
2023-02-28 19:00:00,4.0,0,2149.2
2023-02-28 20:00:00,4.2,0,2015.9
2023-02-28 21:00:00,2.5,0,2338.8
2023-02-28 22:00:00,1.5,0,2464.1
2023-02-28 23:00:00,2.9,0,2154.8
2023-03-01 00:00:00,4.1,0,1844.9
2023-03-01 01:00:00,5.3,0,1529.5
2023-03-01 02:00:00,4.5,0,1688.3
2023-03-01 03:00:00,-0.9,0,2610.0
2023-03-01 04:00:00,5.7,0,1508.9
2023-03-01 05:00:00,5.8,0,1493.0
2023-03-01 06:00:00,2.1,0,2173.9
2023-03-01 07:00:00,10.2,0,1175.8
2023-03-01 08:00:00,11.4,0,1108.8
2023-03-01 09:00:00,11.5,0,1090.3
2023-03-01 10:00:00,15.2,0,910.3
2023-03-01 11:00:00,13.1,0,881.9
2023-03-01 12:00:00,11.5,0,941.2
2023-03-01 13:00:00,10.8,0,1065.3
2023-03-01 14:00:00,7.5,0,1479.8
2023-03-01 15:00:00,8.7,0,1319.4
2023-03-01 16:00:00,10.7,0,1232.0
2023-03-01 17:00:00,8.6,0,1544.2
2023-03-01 18:00:00,5.4,0,1845.7
2023-03-01 19:00:00,11.0,0,1247.5
2023-03-01 20:00:00,5.7,0,1781.8
2023-03-01 21:00:00,7.3,0,1478.4
2023-03-01 22:00:00,6.4,0,1745.9
2023-03-01 23:00:00,1.5,0,2300.8
2023-03-02 00:00:00,2.3,0,2193.0
2023-03-02 01:00:00,4.1,0,1867.6
2023-03-02 02:00:00,2.4,0,2173.7
2023-03-02 03:00:00,2.4,0,2114.8
2023-03-02 04:00:00,2.4,0,2133.2
2023-03-02 05:00:00,5.8,0,1719.0
2023-03-02 06:00:00,5.4,0,1741.2
2023-03-02 07:00:00,10.3,0,1339.5
2023-03-02 08:00:00,11.8,0,1196.3
2023-03-02 09:00:00,10.3,0,1401.9
2023-03-02 10:00:00,15.2,0,981.7
2023-03-02 11:00:00,13.2,0,1094.1
2023-03-02 12:00:00,11.6,0,1179.5
2023-03-02 13:00:00,14.1,0,1021.8
2023-03-02 14:00:00,12.5,0,1150.8
2023-03-02 15:00:00,14.0,0,1011.2
2023-03-02 16:00:00,11.6,0,1244.1
2023-03-02 17:00:00,7.5,0,1701.6
2023-03-02 18:00:00,7.4,0,1749.0
2023-03-02 19:00:00,5.3,0,2104.0
2023-03-02 20:00:00,9.3,0,1610.9
2023-03-02 21:00:00,2.3,0,2493.1
2023-03-02 22:00:00,2.7,0,2327.6
2023-03-02 23:00:00,0.9,0,2689.4
2023-03-03 00:00:00,1.0,0,2490.2
2023-03-03 01:00:00,5.3,0,1796.8
2023-03-03 02:00:00,2.9,0,2085.2
2023-03-03 03:00:00,3.2,0,1972.8
2023-03-03 04:00:00,5.2,0,1645.6
2023-03-03 05:00:00,4.8,0,1834.1
2023-03-03 06:00:00,10.4,0,1158.5
2023-03-03 07:00:00,10.9,0,1276.2
2023-03-03 08:00:00,7.4,0,1641.9
2023-03-03 09:00:00,12.1,0,1295.0
2023-03-03 10:00:00,9.6,0,1478.0
2023-03-03 11:00:00,13.1,0,1121.2
2023-03-03 12:00:00,14.9,0,854.7
2023-03-03 13:00:00,9.3,0,1330.3
2023-03-03 14:00:00,10.9,0,1234.6
2023-03-03 15:00:00,10.4,0,1379.2
2023-03-03 16:00:00,9.0,0,1477.9
2023-03-03 17:00:00,12.0,0,1273.1
2023-03-03 18:00:00,8.5,0,1753.7
2023-03-03 19:00:00,7.6,0,1785.0
2023-03-03 20:00:00,5.8,0,1997.8
2023-03-03 21:00:00,5.4,0,1995.7
2023-03-03 22:00:00,4.4,0,2029.6
2023-03-03 23:00:00,3.5,0,2237.4
2023-03-04 00:00:00,6.9,0,1527.9
2023-03-04 01:00:00,3.2,0,2139.5
2023-03-04 02:00:00,5.5,0,1627.2
2023-03-04 03:00:00,1.6,0,2303.3
2023-03-04 04:00:00,4.8,0,1756.7
2023-03-04 05:00:00,4.1,0,2025.5
2023-03-04 06:00:00,8.4,0,1384.0
2023-03-04 07:00:00,7.0,0,1683.1
2023-03-04 08:00:00,11.7,0,1226.9
2023-03-04 09:00:00,16.2,0,1027.8
2023-03-04 10:00:00,11.8,0,1231.2
2023-03-04 11:00:00,15.1,0,982.5
2023-03-04 12:00:00,14.1,0,1003.5
2023-03-04 13:00:00,11.9,0,1088.6
2023-03-04 14:00:00,9.3,0,1445.0
2023-03-04 15:00:00,13.4,0,1041.3
2023-03-04 16:00:00,10.7,0,1272.0
2023-03-04 17:00:00,9.3,0,1465.4
2023-03-04 18:00:00,3.2,0,2379.9
2023-03-04 19:00:00,6.8,0,1910.1
2023-03-04 20:00:00,6.0,0,1927.2
2023-03-04 21:00:00,3.1,0,2337.7
2023-03-04 22:00:00,2.9,0,2241.4
2023-03-04 23:00:00,3.7,0,2187.6
2023-03-05 00:00:00,2.5,0,2311.8
2023-03-05 01:00:00,7.3,0,1502.9
2023-03-05 02:00:00,3.4,0,2011.0
2023-03-05 03:00:00,2.1,0,2285.5
2023-03-05 04:00:00,5.2,0,1673.6
2023-03-05 05:00:00,4.9,0,1777.3
2023-03-05 06:00:00,6.5,0,1584.2
2023-03-05 07:00:00,9.4,0,1320.1
2023-03-05 08:00:00,16.0,0,934.5
2023-03-05 09:00:00,12.9,0,1151.9
2023-03-05 10:00:00,10.5,0,1395.7
2023-03-05 11:00:00,11.5,0,1200.2
2023-03-05 12:00:00,14.9,0,1013.7
2023-03-05 13:00:00,12.9,0,1074.6
2023-03-05 14:00:00,13.1,0,1018.5
2023-03-05 15:00:00,10.4,0,1269.2
2023-03-05 16:00:00,8.8,0,1540.8
2023-03-05 17:00:00,9.6,0,1491.3
2023-03-05 18:00:00,7.7,0,1813.0
2023-03-05 19:00:00,5.7,0,1981.4
2023-03-05 20:00:00,9.9,0,1528.8
2023-03-05 21:00:00,4.4,0,2177.6
2023-03-05 22:00:00,7.6,0,1682.3
2023-03-05 23:00:00,4.4,0,2109.4
2023-03-06 00:00:00,3.0,0,2031.7
2023-03-06 01:00:00,3.6,0,2000.5
2023-03-06 02:00:00,6.4,0,1428.2
2023-03-06 03:00:00,5.3,0,1685.0
2023-03-06 04:00:00,7.7,0,1455.9
2023-03-06 05:00:00,6.9,0,1527.9
2023-03-06 06:00:00,9.1,0,1193.3
2023-03-06 07:00:00,10.8,0,1312.4
2023-03-06 08:00:00,7.7,0,1628.7
2023-03-06 09:00:00,12.6,0,1249.8
2023-03-06 10:00:00,11.5,0,1306.2
2023-03-06 11:00:00,13.9,0,1086.0
2023-03-06 12:00:00,15.9,0,870.1
2023-03-06 13:00:00,12.1,0,1130.6
2023-03-06 14:00:00,12.8,0,1039.9
2023-03-06 15:00:00,9.8,0,1382.3
2023-03-06 16:00:00,14.9,0,1101.5
2023-03-06 17:00:00,9.7,0,1389.6
2023-03-06 18:00:00,7.7,0,1737.9
2023-03-06 19:00:00,6.2,0,1932.5
2023-03-06 20:00:00,6.1,0,1972.6
2023-03-06 21:00:00,7.5,0,1725.8
2023-03-06 22:00:00,1.0,0,2645.4
2023-03-06 23:00:00,2.7,0,2296.7
2023-03-07 00:00:00,5.8,0,1643.8
2023-03-07 01:00:00,2.0,0,2102.3
2023-03-07 02:00:00,3.1,0,1800.2
2023-03-07 03:00:00,7.5,0,1255.7
2023-03-07 04:00:00,3.2,0,1818.4
2023-03-07 05:00:00,10.5,0,988.0
2023-03-07 06:00:00,5.6,0,1577.4
2023-03-07 07:00:00,6.6,0,1542.2
2023-03-07 08:00:00,8.3,0,1436.7
2023-03-07 09:00:00,10.1,0,1248.9
2023-03-07 10:00:00,13.6,0,1041.1
2023-03-07 11:00:00,11.3,0,1133.9
2023-03-07 12:00:00,11.3,0,1165.4
2023-03-07 13:00:00,14.0,0,819.4
2023-03-07 14:00:00,14.2,0,800.3
2023-03-07 15:00:00,14.0,0,901.1
2023-03-07 16:00:00,15.6,0,861.6
2023-03-07 17:00:00,7.2,0,1587.2
2023-03-07 18:00:00,11.3,0,1127.0
2023-03-07 19:00:00,7.9,0,1619.3
2023-03-07 20:00:00,6.4,0,1689.0
2023-03-07 21:00:00,4.4,0,2076.6
2023-03-07 22:00:00,5.7,0,1742.8
2023-03-07 23:00:00,6.7,0,1506.0
2023-03-08 00:00:00,2.4,0,2032.9
2023-03-08 01:00:00,3.3,0,1881.9
2023-03-08 02:00:00,5.4,0,1638.2
2023-03-08 03:00:00,7.7,0,1183.2
2023-03-08 04:00:00,7.4,0,1267.6
2023-03-08 05:00:00,8.5,0,1134.5
2023-03-08 06:00:00,10.7,0,1059.2
2023-03-08 07:00:00,11.9,0,997.5
2023-03-08 08:00:00,14.1,0,936.3
2023-03-08 09:00:00,10.7,0,1220.2
2023-03-08 10:00:00,13.1,0,987.3
2023-03-08 11:00:00,13.7,0,1007.6
2023-03-08 12:00:00,12.9,0,951.2
2023-03-08 13:00:00,11.8,0,909.7
2023-03-08 14:00:00,13.4,0,902.1
2023-03-08 15:00:00,14.1,0,824.7
2023-03-08 16:00:00,10.8,0,1136.8
2023-03-08 17:00:00,9.9,0,1250.5
2023-03-08 18:00:00,11.0,0,1163.7
2023-03-08 19:00:00,5.7,0,1866.7
2023-03-08 20:00:00,7.4,0,1627.3
2023-03-08 21:00:00,8.6,0,1420.6
2023-03-08 22:00:00,3.9,0,1966.0
2023-03-08 23:00:00,7.1,0,1508.4
2023-03-09 00:00:00,1.5,0,2483.0
2023-03-09 01:00:00,0.5,0,2449.4
2023-03-09 02:00:00,4.4,0,1750.3
2023-03-09 03:00:00,6.0,0,1521.4
2023-03-09 04:00:00,5.6,0,1663.1
2023-03-09 05:00:00,9.4,0,1180.7
2023-03-09 06:00:00,11.7,0,1064.8
2023-03-09 07:00:00,7.5,0,1684.3
2023-03-09 08:00:00,12.0,0,1196.1
2023-03-09 09:00:00,11.6,0,1237.0
2023-03-09 10:00:00,14.1,0,1119.6
2023-03-09 11:00:00,15.5,0,912.4
2023-03-09 12:00:00,12.6,0,1063.0
2023-03-09 13:00:00,14.8,0,909.6
2023-03-09 14:00:00,9.7,0,1342.4
2023-03-09 15:00:00,12.1,0,1177.3
2023-03-09 16:00:00,11.1,0,1196.8
2023-03-09 17:00:00,11.2,0,1356.9
2023-03-09 18:00:00,7.6,0,1723.4
2023-03-09 19:00:00,6.9,0,1846.4
2023-03-09 20:00:00,7.9,0,1637.8
2023-03-09 21:00:00,4.9,0,2076.7
2023-03-09 22:00:00,1.7,0,2528.4
2023-03-09 23:00:00,6.2,0,1794.3
2023-03-10 00:00:00,5.2,0,1783.1
2023-03-10 01:00:00,3.4,0,2009.6
2023-03-10 02:00:00,4.2,0,1864.8
2023-03-10 03:00:00,5.7,0,1590.0
2023-03-10 04:00:00,9.1,0,1219.4
2023-03-10 05:00:00,8.8,0,1218.9
2023-03-10 06:00:00,9.7,0,1300.4
2023-03-10 07:00:00,6.0,0,1877.9
2023-03-10 08:00:00,9.8,0,1403.6
2023-03-10 09:00:00,13.9,0,1108.6
2023-03-10 10:00:00,16.1,0,852.5
2023-03-10 11:00:00,10.0,0,1355.9
2023-03-10 12:00:00,16.4,0,801.2
2023-03-10 13:00:00,14.2,0,906.9
2023-03-10 14:00:00,13.1,0,911.5
2023-03-10 15:00:00,14.9,0,950.0
2023-03-10 16:00:00,10.1,0,1430.2
2023-03-10 17:00:00,10.8,0,1316.5
2023-03-10 18:00:00,10.1,0,1393.4
2023-03-10 19:00:00,6.6,0,1885.9
2023-03-10 20:00:00,11.0,0,1355.4
2023-03-10 21:00:00,3.7,0,2159.8
2023-03-10 22:00:00,6.8,0,1782.7
2023-03-10 23:00:00,7.3,0,1671.9
2023-03-11 00:00:00,5.2,0,1746.7
2023-03-11 01:00:00,5.9,0,1637.8
2023-03-11 02:00:00,4.2,0,1841.1
2023-03-11 03:00:00,6.3,0,1471.7
2023-03-11 04:00:00,7.5,0,1366.9
2023-03-11 05:00:00,10.9,0,1059.9
2023-03-11 06:00:00,11.6,0,1022.7
2023-03-11 07:00:00,15.8,0,933.9
2023-03-11 08:00:00,16.6,0,875.2
2023-03-11 09:00:00,14.7,0,1093.2
2023-03-11 10:00:00,18.3,0,863.7
2023-03-11 11:00:00,10.7,0,1330.3
2023-03-11 12:00:00,18.8,0,877.4
2023-03-11 13:00:00,14.6,0,962.1
2023-03-11 14:00:00,16.7,0,837.2
2023-03-11 15:00:00,15.3,0,972.7
2023-03-11 16:00:00,11.8,0,1122.7
2023-03-11 17:00:00,14.3,0,1057.6
2023-03-11 18:00:00,10.8,0,1319.9
2023-03-11 19:00:00,11.9,0,1296.8
2023-03-11 20:00:00,8.7,0,1591.0
2023-03-11 21:00:00,4.0,0,2240.1
2023-03-11 22:00:00,5.2,0,2004.8
2023-03-11 23:00:00,4.7,0,2071.1
2023-03-12 00:00:00,7.0,0,1511.2
2023-03-12 01:00:00,8.7,0,1165.3
2023-03-12 02:00:00,4.8,0,1731.1
2023-03-12 03:00:00,1.9,0,2275.6
2023-03-12 04:00:00,4.5,0,1742.5
2023-03-12 05:00:00,8.9,0,1280.7
2023-03-12 06:00:00,7.3,0,1540.0
2023-03-12 07:00:00,13.9,0,921.2
2023-03-12 08:00:00,13.0,0,1187.3
2023-03-12 09:00:00,12.0,0,1221.8
2023-03-12 10:00:00,15.5,0,1031.6
2023-03-12 11:00:00,14.1,0,930.3
2023-03-12 12:00:00,16.8,0,828.2
2023-03-12 13:00:00,15.0,0,862.3
2023-03-12 14:00:00,14.1,0,908.8
2023-03-12 15:00:00,13.2,0,1064.3
2023-03-12 16:00:00,13.3,0,1065.0
2023-03-12 17:00:00,14.2,0,1085.1
2023-03-12 18:00:00,10.0,0,1410.9
2023-03-12 19:00:00,5.1,0,2092.5
2023-03-12 20:00:00,7.2,0,1784.5
2023-03-12 21:00:00,5.9,0,1889.8
2023-03-12 22:00:00,6.1,0,1877.0
2023-03-12 23:00:00,3.9,0,2071.3
2023-03-13 00:00:00,2.0,0,2277.1
2023-03-13 01:00:00,4.2,0,1897.7
2023-03-13 02:00:00,5.2,0,1713.8
2023-03-13 03:00:00,6.6,0,1465.8
2023-03-13 04:00:00,8.3,0,1225.0
2023-03-13 05:00:00,8.6,0,1357.4
2023-03-13 06:00:00,10.6,0,1145.9
2023-03-13 07:00:00,11.9,0,1131.0
2023-03-13 08:00:00,11.1,0,1343.9
2023-03-13 09:00:00,14.9,0,1058.6
2023-03-13 10:00:00,14.4,0,1058.7
2023-03-13 11:00:00,15.8,0,888.3
2023-03-13 12:00:00,15.4,0,918.6
2023-03-13 13:00:00,17.4,0,813.0
2023-03-13 14:00:00,11.7,0,1016.1
2023-03-13 15:00:00,12.3,0,1195.0
2023-03-13 16:00:00,14.0,0,1090.9
2023-03-13 17:00:00,15.6,0,983.0
2023-03-13 18:00:00,12.0,0,1297.2
2023-03-13 19:00:00,11.1,0,1383.8
2023-03-13 20:00:00,7.5,0,1789.2
2023-03-13 21:00:00,7.0,0,1736.0
2023-03-13 22:00:00,4.3,0,2061.8
2023-03-13 23:00:00,7.2,0,1686.0
2023-03-14 00:00:00,4.2,0,1738.8
2023-03-14 01:00:00,7.3,0,1343.7
2023-03-14 02:00:00,5.9,0,1378.8
2023-03-14 03:00:00,6.8,0,1293.9
2023-03-14 04:00:00,9.8,0,985.3
2023-03-14 05:00:00,7.5,0,1379.1
2023-03-14 06:00:00,7.7,0,1239.1
2023-03-14 07:00:00,12.9,0,905.8
2023-03-14 08:00:00,13.5,0,980.7
2023-03-14 09:00:00,14.5,0,844.4
2023-03-14 10:00:00,15.9,0,853.8
2023-03-14 11:00:00,15.3,0,751.3
2023-03-14 12:00:00,15.4,0,734.7
2023-03-14 13:00:00,18.2,0,614.6
2023-03-14 14:00:00,19.0,0,669.7
2023-03-14 15:00:00,13.4,0,851.7
2023-03-14 16:00:00,12.6,0,980.1
2023-03-14 17:00:00,13.0,0,961.7
2023-03-14 18:00:00,7.5,0,1571.3
2023-03-14 19:00:00,7.3,0,1658.2
2023-03-14 20:00:00,7.1,0,1611.4
2023-03-14 21:00:00,5.6,0,1769.0
2023-03-14 22:00:00,3.8,0,2071.6
2023-03-14 23:00:00,2.4,0,2189.9
2023-03-15 00:00:00,7.3,0,1327.3
2023-03-15 01:00:00,8.6,0,1081.9
2023-03-15 02:00:00,4.8,0,1600.8
2023-03-15 03:00:00,4.9,0,1578.1
2023-03-15 04:00:00,8.6,0,1196.3
2023-03-15 05:00:00,9.5,0,1029.5
2023-03-15 06:00:00,8.7,0,1327.8
2023-03-15 07:00:00,9.1,0,1283.1
2023-03-15 08:00:00,16.4,0,721.3
2023-03-15 09:00:00,15.1,0,785.8
2023-03-15 10:00:00,13.3,0,1007.7
2023-03-15 11:00:00,16.4,0,740.0
2023-03-15 12:00:00,16.4,0,646.5
2023-03-15 13:00:00,15.6,0,755.8
2023-03-15 14:00:00,20.0,0,687.9
2023-03-15 15:00:00,15.5,0,748.2
2023-03-15 16:00:00,11.2,0,1110.0
2023-03-15 17:00:00,10.7,0,1178.4
2023-03-15 18:00:00,10.6,0,1234.2
2023-03-15 19:00:00,7.5,0,1567.0
2023-03-15 20:00:00,9.7,0,1367.7
2023-03-15 21:00:00,5.6,0,1776.6
2023-03-15 22:00:00,5.1,0,1824.5
2023-03-15 23:00:00,7.9,0,1369.7
2023-03-16 00:00:00,6.0,0,1696.6
2023-03-16 01:00:00,7.5,0,1318.4
2023-03-16 02:00:00,9.3,0,1169.2
2023-03-16 03:00:00,10.9,0,892.1
2023-03-16 04:00:00,5.7,0,1610.0
2023-03-16 05:00:00,8.6,0,1315.4
2023-03-16 06:00:00,11.3,0,1087.5
2023-03-16 07:00:00,9.3,0,1367.0
2023-03-16 08:00:00,13.7,0,965.1
2023-03-16 09:00:00,14.5,0,1040.1
2023-03-16 10:00:00,18.1,0,941.0
2023-03-16 11:00:00,14.6,0,914.2
2023-03-16 12:00:00,15.6,0,908.2
2023-03-16 13:00:00,14.1,0,934.1
2023-03-16 14:00:00,13.9,0,993.6
2023-03-16 15:00:00,17.6,0,883.2
2023-03-16 16:00:00,12.9,0,1145.9
2023-03-16 17:00:00,10.7,0,1364.1
2023-03-16 18:00:00,12.2,0,1245.8
2023-03-16 19:00:00,8.6,0,1606.4
2023-03-16 20:00:00,6.5,0,1812.0
2023-03-16 21:00:00,7.3,0,1632.7
2023-03-16 22:00:00,4.7,0,2054.8
2023-03-16 23:00:00,6.0,0,1761.9
2023-03-17 00:00:00,7.9,0,1387.1
2023-03-17 01:00:00,7.6,0,1351.3
2023-03-17 02:00:00,6.3,0,1461.3
2023-03-17 03:00:00,8.8,0,1136.0
2023-03-17 04:00:00,6.4,0,1459.3
2023-03-17 05:00:00,10.1,0,1183.8
2023-03-17 06:00:00,10.2,0,1265.2
2023-03-17 07:00:00,12.4,0,1108.1
2023-03-17 08:00:00,13.2,0,1131.0
2023-03-17 09:00:00,17.2,0,964.5
2023-03-17 10:00:00,15.1,0,1020.9
2023-03-17 11:00:00,14.1,0,1087.9
2023-03-17 12:00:00,18.6,0,819.9
2023-03-17 13:00:00,15.2,0,924.3
2023-03-17 14:00:00,19.3,0,822.9
2023-03-17 15:00:00,15.8,0,933.7
2023-03-17 16:00:00,12.4,0,1147.9
2023-03-17 17:00:00,13.2,0,1168.4
2023-03-17 18:00:00,11.5,0,1331.2
2023-03-17 19:00:00,7.5,0,1705.9
2023-03-17 20:00:00,8.5,0,1596.3
2023-03-17 21:00:00,7.5,0,1720.0
2023-03-17 22:00:00,9.5,0,1398.9
2023-03-17 23:00:00,8.5,0,1431.2
2023-03-18 00:00:00,5.8,0,1629.7
2023-03-18 01:00:00,7.1,0,1438.6
2023-03-18 02:00:00,10.3,0,1073.0
2023-03-18 03:00:00,7.3,0,1325.1
2023-03-18 04:00:00,7.7,0,1326.0
2023-03-18 05:00:00,8.4,0,1313.3
2023-03-18 06:00:00,8.0,0,1452.0
2023-03-18 07:00:00,11.1,0,1275.5
2023-03-18 08:00:00,12.2,0,1187.5
2023-03-18 09:00:00,18.1,0,932.5
2023-03-18 10:00:00,15.4,0,947.7
2023-03-18 11:00:00,17.9,0,863.5
2023-03-18 12:00:00,18.8,0,780.4
2023-03-18 13:00:00,16.5,0,839.9
2023-03-18 14:00:00,16.1,0,852.9
2023-03-18 15:00:00,16.0,0,857.2
2023-03-18 16:00:00,17.7,0,830.3
2023-03-18 17:00:00,13.6,0,1043.1
2023-03-18 18:00:00,12.8,0,1195.7
2023-03-18 19:00:00,9.6,0,1547.5
2023-03-18 20:00:00,8.5,0,1557.7
2023-03-18 21:00:00,7.2,0,1740.9
2023-03-18 22:00:00,9.3,0,1431.3
2023-03-18 23:00:00,8.9,0,1429.6
2023-03-19 00:00:00,9.7,0,1234.9
2023-03-19 01:00:00,9.6,0,1196.4
2023-03-19 02:00:00,6.8,0,1452.0
2023-03-19 03:00:00,7.1,0,1408.7
2023-03-19 04:00:00,7.8,0,1312.1
2023-03-19 05:00:00,10.3,0,1120.3
2023-03-19 06:00:00,9.2,0,1301.7
2023-03-19 07:00:00,13.4,0,1053.9
2023-03-19 08:00:00,15.0,0,951.5
2023-03-19 09:00:00,14.0,0,1080.5
2023-03-19 10:00:00,15.1,0,1029.4
2023-03-19 11:00:00,17.5,0,873.4
2023-03-19 12:00:00,13.5,0,1001.3
2023-03-19 13:00:00,16.5,0,848.5
2023-03-19 14:00:00,14.9,0,907.2
2023-03-19 15:00:00,12.4,0,1061.9
2023-03-19 16:00:00,15.5,0,936.3
2023-03-19 17:00:00,14.1,0,1089.6
2023-03-19 18:00:00,10.9,0,1293.6
2023-03-19 19:00:00,10.1,0,1477.8
2023-03-19 20:00:00,11.0,0,1391.6
2023-03-19 21:00:00,9.0,0,1509.9
2023-03-19 22:00:00,10.7,0,1294.1
2023-03-19 23:00:00,8.3,0,1440.1
2023-03-20 00:00:00,6.4,0,1599.4
2023-03-20 01:00:00,6.7,0,1524.5
2023-03-20 02:00:00,7.8,0,1271.8
2023-03-20 03:00:00,9.8,0,1059.6
2023-03-20 04:00:00,11.1,0,949.4
2023-03-20 05:00:00,7.8,0,1380.4
2023-03-20 06:00:00,14.1,0,912.4
2023-03-20 07:00:00,13.4,0,961.0
2023-03-20 08:00:00,15.2,0,999.0
2023-03-20 09:00:00,14.5,0,1040.9
2023-03-20 10:00:00,14.0,0,1043.3
2023-03-20 11:00:00,19.0,0,815.3
2023-03-20 12:00:00,18.4,0,746.9
2023-03-20 13:00:00,19.3,0,743.8
2023-03-20 14:00:00,17.9,0,790.9
2023-03-20 15:00:00,12.9,0,1057.3
2023-03-20 16:00:00,12.8,0,1089.0
2023-03-20 17:00:00,14.2,0,1016.4
2023-03-20 18:00:00,11.2,0,1302.7
2023-03-20 19:00:00,14.6,0,1027.1
2023-03-20 20:00:00,15.7,0,1009.6
2023-03-20 21:00:00,10.1,0,1433.5
2023-03-20 22:00:00,9.0,0,1541.9
2023-03-20 23:00:00,7.7,0,1597.1
2023-03-21 00:00:00,9.6,0,999.8
2023-03-21 01:00:00,8.6,0,1214.1
2023-03-21 02:00:00,7.6,0,1127.7
2023-03-21 03:00:00,12.3,0,702.7
2023-03-21 04:00:00,8.9,0,1039.3
2023-03-21 05:00:00,8.0,0,1192.1
2023-03-21 06:00:00,14.1,0,666.7
2023-03-21 07:00:00,13.3,0,886.3
2023-03-21 08:00:00,15.5,0,844.5
2023-03-21 09:00:00,18.3,0,797.7
2023-03-21 10:00:00,15.7,0,841.0
2023-03-21 11:00:00,21.5,0,731.2
2023-03-21 12:00:00,17.6,0,586.3
2023-03-21 13:00:00,16.6,0,798.8
2023-03-21 14:00:00,18.9,0,620.9
2023-03-21 15:00:00,12.4,0,947.7
2023-03-21 16:00:00,15.7,0,738.7
2023-03-21 17:00:00,14.2,0,900.8
2023-03-21 18:00:00,13.4,0,908.5
2023-03-21 19:00:00,7.7,0,1519.5
2023-03-21 20:00:00,9.6,0,1345.1
2023-03-21 21:00:00,4.5,0,1937.6
2023-03-21 22:00:00,8.1,0,1381.2
2023-03-21 23:00:00,4.6,0,1908.0
2023-03-22 00:00:00,12.2,0,824.5
2023-03-22 01:00:00,6.5,0,1409.4
2023-03-22 02:00:00,6.9,0,1363.4
2023-03-22 03:00:00,8.1,0,1208.0
2023-03-22 04:00:00,8.2,0,1149.8
2023-03-22 05:00:00,12.2,0,755.1
2023-03-22 06:00:00,9.6,0,1104.6
2023-03-22 07:00:00,13.6,0,857.2
2023-03-22 08:00:00,16.9,0,705.1
2023-03-22 09:00:00,17.3,0,881.3
2023-03-22 10:00:00,18.9,0,773.2
2023-03-22 11:00:00,18.0,0,766.7
2023-03-22 12:00:00,14.8,0,791.5
2023-03-22 13:00:00,18.6,0,689.0
2023-03-22 14:00:00,12.4,0,836.4
2023-03-22 15:00:00,12.5,0,937.7
2023-03-22 16:00:00,15.1,0,832.0
2023-03-22 17:00:00,15.4,0,859.2
2023-03-22 18:00:00,10.6,0,1129.5
2023-03-22 19:00:00,9.7,0,1385.2
2023-03-22 20:00:00,7.6,0,1603.6
2023-03-22 21:00:00,7.8,0,1435.1
2023-03-22 22:00:00,7.0,0,1522.8
2023-03-22 23:00:00,7.0,0,1466.5
2023-03-23 00:00:00,9.4,0,1228.0
2023-03-23 01:00:00,10.4,0,1091.0
2023-03-23 02:00:00,8.8,0,1180.0
2023-03-23 03:00:00,6.7,0,1499.8
2023-03-23 04:00:00,12.1,0,801.5
2023-03-23 05:00:00,13.7,0,806.5
2023-03-23 06:00:00,15.3,0,850.4
2023-03-23 07:00:00,13.2,0,1000.7
2023-03-23 08:00:00,15.1,0,963.7
2023-03-23 09:00:00,16.6,0,967.2
2023-03-23 10:00:00,17.9,0,860.6
2023-03-23 11:00:00,18.5,0,695.3
2023-03-23 12:00:00,15.8,0,898.1
2023-03-23 13:00:00,19.8,0,730.1
2023-03-23 14:00:00,14.7,0,920.7
2023-03-23 15:00:00,18.9,0,846.4
2023-03-23 16:00:00,15.6,0,951.9
2023-03-23 17:00:00,16.9,0,949.9
2023-03-23 18:00:00,14.0,0,1069.9
2023-03-23 19:00:00,12.4,0,1155.1
2023-03-23 20:00:00,10.6,0,1365.8
2023-03-23 21:00:00,10.6,0,1301.3
2023-03-23 22:00:00,8.4,0,1513.9
2023-03-23 23:00:00,8.8,0,1410.0
2023-03-24 00:00:00,7.1,0,1379.7
2023-03-24 01:00:00,10.2,0,1102.4
2023-03-24 02:00:00,9.2,0,1066.7
2023-03-24 03:00:00,6.0,0,1575.7
2023-03-24 04:00:00,10.3,0,1004.8
2023-03-24 05:00:00,10.2,0,1147.8
2023-03-24 06:00:00,9.9,0,1150.6
2023-03-24 07:00:00,12.0,0,1209.5
2023-03-24 08:00:00,16.5,0,991.4
2023-03-24 09:00:00,13.6,0,1046.9
2023-03-24 10:00:00,20.4,0,902.8
2023-03-24 11:00:00,18.6,0,860.3
2023-03-24 12:00:00,22.3,0,792.7
2023-03-24 13:00:00,21.6,0,817.6
2023-03-24 14:00:00,18.0,0,732.6
2023-03-24 15:00:00,22.0,0,852.4
2023-03-24 16:00:00,18.5,0,822.2
2023-03-24 17:00:00,17.1,0,959.1
2023-03-24 18:00:00,16.2,0,1003.8
2023-03-24 19:00:00,11.6,0,1357.0
2023-03-24 20:00:00,8.2,0,1682.6
2023-03-24 21:00:00,6.4,0,1834.5
2023-03-24 22:00:00,9.7,0,1352.0
2023-03-24 23:00:00,6.1,0,1765.2
2023-03-25 00:00:00,8.1,0,1414.4
2023-03-25 01:00:00,8.8,0,1201.8
2023-03-25 02:00:00,9.4,0,1001.9
2023-03-25 03:00:00,11.7,0,894.2
2023-03-25 04:00:00,8.2,0,1308.5
2023-03-25 05:00:00,12.3,0,961.7
2023-03-25 06:00:00,15.8,0,778.2
2023-03-25 07:00:00,12.3,0,1037.9
2023-03-25 08:00:00,17.5,0,885.5
2023-03-25 09:00:00,17.1,0,942.5
2023-03-25 10:00:00,18.0,0,852.6
2023-03-25 11:00:00,16.8,0,923.8
2023-03-25 12:00:00,18.5,0,816.8
2023-03-25 13:00:00,15.6,0,925.0
2023-03-25 14:00:00,20.5,0,733.8
2023-03-25 15:00:00,17.1,0,882.8
2023-03-25 16:00:00,15.1,0,980.4
2023-03-25 17:00:00,15.5,0,1024.6
2023-03-25 18:00:00,14.0,0,1130.4
2023-03-25 19:00:00,12.5,0,1195.2
2023-03-25 20:00:00,14.0,0,1197.7
2023-03-25 21:00:00,10.7,0,1224.0
2023-03-25 22:00:00,5.3,0,2004.5
2023-03-25 23:00:00,7.9,0,1638.3
2023-03-26 00:00:00,8.9,0,1295.3
2023-03-26 01:00:00,7.2,0,1484.7
2023-03-26 02:00:00,13.5,0,781.2
2023-03-26 03:00:00,10.9,0,962.8
2023-03-26 04:00:00,11.6,0,948.5
2023-03-26 05:00:00,10.1,0,1091.1
2023-03-26 06:00:00,15.4,0,919.9
2023-03-26 07:00:00,15.1,0,945.1
2023-03-26 08:00:00,20.5,0,887.2
2023-03-26 09:00:00,18.6,0,975.7
2023-03-26 10:00:00,17.4,0,878.4
2023-03-26 11:00:00,16.5,0,921.7
2023-03-26 12:00:00,19.0,0,830.0
2023-03-26 13:00:00,18.5,0,795.7
2023-03-26 14:00:00,17.5,0,794.3
2023-03-26 15:00:00,13.1,0,1001.2
2023-03-26 16:00:00,19.9,0,957.9
2023-03-26 17:00:00,15.3,0,918.1
2023-03-26 18:00:00,13.0,0,1150.8
2023-03-26 19:00:00,12.3,0,1219.0
2023-03-26 20:00:00,11.3,0,1212.8
2023-03-26 21:00:00,14.2,0,1090.0
2023-03-26 22:00:00,10.3,0,1343.0
2023-03-26 23:00:00,5.8,0,1849.2
2023-03-27 00:00:00,11.6,0,1022.2
2023-03-27 01:00:00,10.1,0,1039.1
2023-03-27 02:00:00,10.4,0,1017.8
2023-03-27 03:00:00,10.8,0,1061.3
2023-03-27 04:00:00,13.7,0,752.3
2023-03-27 05:00:00,12.8,0,926.6
2023-03-27 06:00:00,13.9,0,916.5
2023-03-27 07:00:00,14.7,0,993.1
2023-03-27 08:00:00,19.2,0,862.5
2023-03-27 09:00:00,14.4,0,1099.2
2023-03-27 10:00:00,18.9,0,843.2
2023-03-27 11:00:00,18.0,0,841.5
2023-03-27 12:00:00,19.2,0,723.6
2023-03-27 13:00:00,20.8,0,723.6
2023-03-27 14:00:00,17.1,0,791.9
2023-03-27 15:00:00,17.8,0,922.9
2023-03-27 16:00:00,14.9,0,1022.4
2023-03-27 17:00:00,12.1,0,1181.0
2023-03-27 18:00:00,13.3,0,1204.0
2023-03-27 19:00:00,9.3,0,1529.2
2023-03-27 20:00:00,8.3,0,1509.8
2023-03-27 21:00:00,8.4,0,1584.8
2023-03-27 22:00:00,10.2,0,1273.2
2023-03-27 23:00:00,11.9,0,1174.1
2023-03-28 00:00:00,10.1,0,1006.2
2023-03-28 01:00:00,11.6,0,842.7
2023-03-28 02:00:00,12.6,0,665.8
2023-03-28 03:00:00,12.6,0,732.0
2023-03-28 04:00:00,11.5,0,848.1
2023-03-28 05:00:00,12.7,0,739.8
2023-03-28 06:00:00,16.8,0,653.4
2023-03-28 07:00:00,17.8,0,648.7
2023-03-28 08:00:00,15.3,0,867.1
2023-03-28 09:00:00,19.4,0,738.0
2023-03-28 10:00:00,19.4,0,745.8
2023-03-28 11:00:00,20.9,0,607.4
2023-03-28 12:00:00,22.4,0,620.5
2023-03-28 13:00:00,18.9,0,695.3
2023-03-28 14:00:00,19.9,0,651.3
2023-03-28 15:00:00,16.0,0,761.3
2023-03-28 16:00:00,12.2,0,1000.8
2023-03-28 17:00:00,13.1,0,868.9
2023-03-28 18:00:00,14.0,0,971.9
2023-03-28 19:00:00,10.6,0,1239.9
2023-03-28 20:00:00,15.4,0,954.3
2023-03-28 21:00:00,7.4,0,1686.8
2023-03-28 22:00:00,11.6,0,1076.6
2023-03-28 23:00:00,8.7,0,1268.7
2023-03-29 00:00:00,9.7,0,1032.5
2023-03-29 01:00:00,8.2,0,1134.0
2023-03-29 02:00:00,8.7,0,895.8
2023-03-29 03:00:00,11.7,0,843.1
2023-03-29 04:00:00,8.2,0,1202.3
2023-03-29 05:00:00,14.2,0,612.7
2023-03-29 06:00:00,13.7,0,872.5
2023-03-29 07:00:00,15.8,0,887.5
2023-03-29 08:00:00,17.7,0,839.5
2023-03-29 09:00:00,21.2,0,779.8
2023-03-29 10:00:00,20.7,0,735.0
2023-03-29 11:00:00,20.3,0,662.9
2023-03-29 12:00:00,21.6,0,675.1
2023-03-29 13:00:00,20.2,0,570.1
2023-03-29 14:00:00,17.8,0,744.5
2023-03-29 15:00:00,21.1,0,700.9
2023-03-29 16:00:00,16.6,0,731.0
2023-03-29 17:00:00,15.3,0,937.4
2023-03-29 18:00:00,17.3,0,885.9
2023-03-29 19:00:00,11.2,0,1123.7
2023-03-29 20:00:00,10.7,0,1296.0
2023-03-29 21:00:00,13.7,0,951.3
2023-03-29 22:00:00,10.5,0,1139.2
2023-03-29 23:00:00,9.8,0,1169.9
2023-03-30 00:00:00,11.7,0,897.1
2023-03-30 01:00:00,9.5,0,1243.1
2023-03-30 02:00:00,11.1,0,1019.3
2023-03-30 03:00:00,12.5,0,808.0
2023-03-30 04:00:00,11.6,0,1014.1
2023-03-30 05:00:00,16.4,0,727.2
2023-03-30 06:00:00,16.3,0,810.9
2023-03-30 07:00:00,14.2,0,1013.9
2023-03-30 08:00:00,16.7,0,832.6
2023-03-30 09:00:00,16.9,0,978.2
2023-03-30 10:00:00,20.9,0,952.0
2023-03-30 11:00:00,19.8,0,902.1
2023-03-30 12:00:00,21.6,0,818.6
2023-03-30 13:00:00,18.2,0,722.6
2023-03-30 14:00:00,20.5,0,834.2
2023-03-30 15:00:00,18.9,0,855.8
2023-03-30 16:00:00,18.1,0,875.5
2023-03-30 17:00:00,17.9,0,979.4
2023-03-30 18:00:00,15.7,0,1067.8
2023-03-30 19:00:00,12.0,0,1261.3
2023-03-30 20:00:00,13.5,0,1066.1
2023-03-30 21:00:00,10.8,0,1399.8
2023-03-30 22:00:00,11.1,0,1260.2
2023-03-30 23:00:00,5.3,0,1875.3
2023-03-31 00:00:00,11.3,0,1014.9
2023-03-31 01:00:00,9.8,0,1186.4
2023-03-31 02:00:00,9.0,0,1192.4
2023-03-31 03:00:00,15.9,0,617.0
2023-03-31 04:00:00,12.7,0,822.5
2023-03-31 05:00:00,12.6,0,971.5
2023-03-31 06:00:00,18.3,0,743.7
2023-03-31 07:00:00,19.8,0,792.9
2023-03-31 08:00:00,19.1,0,832.6
2023-03-31 09:00:00,19.2,0,904.3
2023-03-31 10:00:00,19.0,0,891.5
2023-03-31 11:00:00,17.1,0,847.2
2023-03-31 12:00:00,18.1,0,792.2
2023-03-31 13:00:00,18.3,0,804.6
2023-03-31 14:00:00,20.9,0,752.1
2023-03-31 15:00:00,20.0,0,853.3
2023-03-31 16:00:00,17.8,0,882.6
2023-03-31 17:00:00,15.1,0,995.7
2023-03-31 18:00:00,11.4,0,1279.0
2023-03-31 19:00:00,15.5,0,1045.4
2023-03-31 20:00:00,9.4,0,1476.9
2023-03-31 21:00:00,12.6,0,1155.0
2023-03-31 22:00:00,10.3,0,1313.8
2023-03-31 23:00:00,8.9,0,1414.7
2023-04-01 00:00:00,11.2,0,1049.1
2023-04-01 01:00:00,10.4,0,1074.6
2023-04-01 02:00:00,13.6,0,714.6
2023-04-01 03:00:00,13.6,0,692.6
2023-04-01 04:00:00,10.2,0,1046.6
2023-04-01 05:00:00,14.4,0,721.5
2023-04-01 06:00:00,14.3,0,849.0
2023-04-01 07:00:00,19.7,0,698.0
2023-04-01 08:00:00,16.1,0,909.1
2023-04-01 09:00:00,16.5,0,1025.2
2023-04-01 10:00:00,18.9,0,938.3
2023-04-01 11:00:00,19.7,0,878.1
2023-04-01 12:00:00,19.8,0,773.8
2023-04-01 13:00:00,22.6,0,769.7
2023-04-01 14:00:00,18.5,0,800.4
2023-04-01 15:00:00,20.1,0,816.4
2023-04-01 16:00:00,16.8,0,902.4
2023-04-01 17:00:00,19.0,0,879.8
2023-04-01 18:00:00,13.7,0,1169.3
2023-04-01 19:00:00,11.6,0,1352.9
2023-04-01 20:00:00,16.7,0,1000.0
2023-04-01 21:00:00,10.3,0,1303.2
2023-04-01 22:00:00,12.1,0,1165.7
2023-04-01 23:00:00,8.7,0,1395.4
2023-04-02 00:00:00,9.4,0,1250.4
2023-04-02 01:00:00,11.8,0,883.4
2023-04-02 02:00:00,12.9,0,820.4
2023-04-02 03:00:00,12.5,0,900.2
2023-04-02 04:00:00,11.9,0,829.0
2023-04-02 05:00:00,15.3,0,772.4
2023-04-02 06:00:00,13.4,0,979.6
2023-04-02 07:00:00,19.5,0,894.6
2023-04-02 08:00:00,16.4,0,923.6
2023-04-02 09:00:00,18.4,0,875.2
2023-04-02 10:00:00,15.1,0,1031.3
2023-04-02 11:00:00,20.8,0,938.0
2023-04-02 12:00:00,21.9,0,754.3
2023-04-02 13:00:00,19.5,0,781.7
2023-04-02 14:00:00,18.7,0,840.6
2023-04-02 15:00:00,18.1,0,800.8
2023-04-02 16:00:00,17.2,0,864.2
2023-04-02 17:00:00,15.5,0,1076.1
2023-04-02 18:00:00,14.5,0,1129.2
2023-04-02 19:00:00,16.1,0,1021.1
2023-04-02 20:00:00,13.7,0,1162.5
2023-04-02 21:00:00,11.0,0,1346.0
2023-04-02 22:00:00,11.9,0,1222.9
2023-04-02 23:00:00,11.5,0,1178.8
2023-04-03 00:00:00,8.4,0,1278.2
2023-04-03 01:00:00,10.1,0,1012.6
2023-04-03 02:00:00,14.7,0,642.5
2023-04-03 03:00:00,10.1,0,1057.3
2023-04-03 04:00:00,14.5,0,771.1
2023-04-03 05:00:00,12.9,0,794.3
2023-04-03 06:00:00,14.5,0,849.3
2023-04-03 07:00:00,17.1,0,801.1
2023-04-03 08:00:00,19.7,0,809.0
2023-04-03 09:00:00,18.0,0,885.0
2023-04-03 10:00:00,22.2,0,894.8
2023-04-03 11:00:00,21.3,0,819.5
2023-04-03 12:00:00,25.3,0,935.8
2023-04-03 13:00:00,21.6,0,705.9
2023-04-03 14:00:00,15.2,0,890.5
2023-04-03 15:00:00,19.8,0,785.4
2023-04-03 16:00:00,19.2,0,903.6
2023-04-03 17:00:00,15.6,0,1057.8
2023-04-03 18:00:00,16.7,0,952.9
2023-04-03 19:00:00,13.7,0,1157.7
2023-04-03 20:00:00,10.8,0,1356.6
2023-04-03 21:00:00,14.1,0,1065.1
2023-04-03 22:00:00,8.4,0,1520.6
2023-04-03 23:00:00,13.7,0,1013.6
2023-04-04 00:00:00,11.7,0,875.3
2023-04-04 01:00:00,12.2,0,805.0
2023-04-04 02:00:00,10.1,0,861.1
2023-04-04 03:00:00,15.2,0,491.4
2023-04-04 04:00:00,10.4,0,953.5
2023-04-04 05:00:00,13.6,0,677.9
2023-04-04 06:00:00,14.2,0,678.5
2023-04-04 07:00:00,21.8,0,690.8
2023-04-04 08:00:00,15.0,0,928.7
2023-04-04 09:00:00,22.9,0,808.9
2023-04-04 10:00:00,19.1,0,751.4
2023-04-04 11:00:00,18.3,0,663.6
2023-04-04 12:00:00,18.9,0,703.4
2023-04-04 13:00:00,22.1,0,623.0
2023-04-04 14:00:00,20.9,0,626.8
2023-04-04 15:00:00,20.7,0,770.0
2023-04-04 16:00:00,17.2,0,645.7
2023-04-04 17:00:00,16.7,0,707.3
2023-04-04 18:00:00,17.9,0,780.2
2023-04-04 19:00:00,16.7,0,865.5
2023-04-04 20:00:00,12.9,0,1012.6
2023-04-04 21:00:00,13.4,0,953.8
2023-04-04 22:00:00,9.9,0,1314.3
2023-04-04 23:00:00,11.1,0,1115.8
2023-04-05 00:00:00,9.1,0,1057.5
2023-04-05 01:00:00,12.5,0,687.2
2023-04-05 02:00:00,9.9,0,841.3
2023-04-05 03:00:00,13.2,0,597.1
2023-04-05 04:00:00,14.4,0,546.9
2023-04-05 05:00:00,12.7,0,762.6
2023-04-05 06:00:00,14.9,0,724.2
2023-04-05 07:00:00,16.4,0,762.5
2023-04-05 08:00:00,18.6,0,756.6
2023-04-05 09:00:00,20.3,0,686.6
2023-04-05 10:00:00,21.1,0,622.3
2023-04-05 11:00:00,20.4,0,599.7
2023-04-05 12:00:00,18.7,0,590.3
2023-04-05 13:00:00,25.5,0,802.1
2023-04-05 14:00:00,22.0,0,638.1
2023-04-05 15:00:00,19.9,0,585.4
2023-04-05 16:00:00,16.9,0,729.6
2023-04-05 17:00:00,18.6,0,756.9
2023-04-05 18:00:00,17.9,0,842.1
2023-04-05 19:00:00,9.1,0,1329.7
2023-04-05 20:00:00,15.5,0,892.1
2023-04-05 21:00:00,12.8,0,1022.9
2023-04-05 22:00:00,11.9,0,1018.6
2023-04-05 23:00:00,11.1,0,1096.9
2023-04-06 00:00:00,14.2,0,849.3
2023-04-06 01:00:00,11.7,0,1035.8
2023-04-06 02:00:00,14.2,0,763.6
2023-04-06 03:00:00,10.3,0,977.0
2023-04-06 04:00:00,11.7,0,897.9
2023-04-06 05:00:00,13.1,0,922.0
2023-04-06 06:00:00,15.0,0,912.8
2023-04-06 07:00:00,18.4,0,839.8
2023-04-06 08:00:00,17.7,0,907.1
2023-04-06 09:00:00,19.1,0,777.1
2023-04-06 10:00:00,19.4,0,889.1
2023-04-06 11:00:00,20.7,0,852.9
2023-04-06 12:00:00,22.8,0,836.8
2023-04-06 13:00:00,23.2,0,792.6
2023-04-06 14:00:00,20.6,0,825.9
2023-04-06 15:00:00,18.1,0,798.7
2023-04-06 16:00:00,16.8,0,934.4
2023-04-06 17:00:00,16.9,0,952.7
2023-04-06 18:00:00,16.3,0,958.8
2023-04-06 19:00:00,16.1,0,948.6
2023-04-06 20:00:00,14.0,0,1197.7
2023-04-06 21:00:00,14.9,0,979.0
2023-04-06 22:00:00,12.1,0,1057.3
2023-04-06 23:00:00,13.2,0,1056.4
2023-04-07 00:00:00,10.7,0,1145.6
2023-04-07 01:00:00,13.1,0,918.6
2023-04-07 02:00:00,12.9,0,831.8
2023-04-07 03:00:00,12.9,0,818.5
2023-04-07 04:00:00,14.9,0,704.3
2023-04-07 05:00:00,17.8,0,577.7
2023-04-07 06:00:00,16.5,0,837.7
2023-04-07 07:00:00,18.6,0,814.1
2023-04-07 08:00:00,18.4,0,932.2
2023-04-07 09:00:00,23.0,0,964.3
2023-04-07 10:00:00,21.7,0,851.5
2023-04-07 11:00:00,22.2,0,872.9
2023-04-07 12:00:00,19.0,0,747.5
2023-04-07 13:00:00,25.0,0,915.6
2023-04-07 14:00:00,19.4,0,783.6
2023-04-07 15:00:00,22.3,0,846.1
2023-04-07 16:00:00,18.1,0,801.6
2023-04-07 17:00:00,18.7,0,953.4
2023-04-07 18:00:00,18.7,0,1023.4
2023-04-07 19:00:00,15.3,0,1037.4
2023-04-07 20:00:00,13.3,0,1145.6
2023-04-07 21:00:00,15.0,0,1151.1
2023-04-07 22:00:00,12.7,0,1044.2
2023-04-07 23:00:00,8.4,0,1512.5
2023-04-08 00:00:00,10.4,0,1146.4
2023-04-08 01:00:00,11.4,0,975.4
2023-04-08 02:00:00,14.9,0,759.0
2023-04-08 03:00:00,14.3,0,759.7
2023-04-08 04:00:00,16.1,0,526.9
2023-04-08 05:00:00,13.6,0,825.6
2023-04-08 06:00:00,17.2,0,744.9
2023-04-08 07:00:00,15.9,0,950.5
2023-04-08 08:00:00,21.3,0,835.1
2023-04-08 09:00:00,19.8,0,906.5
2023-04-08 10:00:00,21.9,0,870.4
2023-04-08 11:00:00,20.4,0,845.6
2023-04-08 12:00:00,22.8,0,843.5
2023-04-08 13:00:00,19.1,0,705.6
2023-04-08 14:00:00,23.4,0,709.9
2023-04-08 15:00:00,19.0,0,829.0
2023-04-08 16:00:00,17.9,0,841.5
2023-04-08 17:00:00,18.0,0,873.0
2023-04-08 18:00:00,18.2,0,959.0
2023-04-08 19:00:00,14.5,0,1164.6
2023-04-08 20:00:00,17.9,0,893.8
2023-04-08 21:00:00,12.4,0,1256.9
2023-04-08 22:00:00,14.6,0,1042.5
2023-04-08 23:00:00,11.1,0,1165.8
2023-04-09 00:00:00,11.2,0,1084.3
2023-04-09 01:00:00,11.0,0,1055.1
2023-04-09 02:00:00,12.1,0,805.2
2023-04-09 03:00:00,14.7,0,739.7
2023-04-09 04:00:00,14.9,0,728.1
2023-04-09 05:00:00,19.2,0,708.9
2023-04-09 06:00:00,19.1,0,743.3
2023-04-09 07:00:00,17.1,0,842.2
2023-04-09 08:00:00,18.3,0,887.3
2023-04-09 09:00:00,18.5,0,914.6
2023-04-09 10:00:00,20.8,0,809.7
2023-04-09 11:00:00,20.7,0,886.3
2023-04-09 12:00:00,22.4,0,862.3
2023-04-09 13:00:00,24.0,0,790.2
2023-04-09 14:00:00,18.3,0,704.5
2023-04-09 15:00:00,21.6,0,701.4
2023-04-09 16:00:00,19.2,0,836.8
2023-04-09 17:00:00,19.6,0,876.0
2023-04-09 18:00:00,19.6,0,1032.0
2023-04-09 19:00:00,15.9,0,1052.6
2023-04-09 20:00:00,14.2,0,1076.2
2023-04-09 21:00:00,15.9,0,993.1
2023-04-09 22:00:00,12.4,0,1167.8
2023-04-09 23:00:00,11.0,0,1244.0
2023-04-10 00:00:00,11.0,0,1075.3
2023-04-10 01:00:00,13.6,0,893.4
2023-04-10 02:00:00,14.8,0,676.5
2023-04-10 03:00:00,12.2,0,785.3
2023-04-10 04:00:00,14.7,0,629.2
2023-04-10 05:00:00,18.1,0,610.4
2023-04-10 06:00:00,17.3,0,758.8
2023-04-10 07:00:00,17.5,0,865.1
2023-04-10 08:00:00,20.9,0,885.8
2023-04-10 09:00:00,21.9,0,931.8
2023-04-10 10:00:00,22.1,0,899.6
2023-04-10 11:00:00,20.9,0,778.4
2023-04-10 12:00:00,23.4,0,852.4
2023-04-10 13:00:00,21.0,0,715.3
2023-04-10 14:00:00,19.6,0,793.7
2023-04-10 15:00:00,23.3,0,872.3
2023-04-10 16:00:00,15.3,0,884.7
2023-04-10 17:00:00,16.8,0,977.4
2023-04-10 18:00:00,22.1,0,994.2
2023-04-10 19:00:00,15.1,0,994.7
2023-04-10 20:00:00,16.2,0,1091.3
2023-04-10 21:00:00,16.4,0,973.0
2023-04-10 22:00:00,11.5,0,1260.9
2023-04-10 23:00:00,17.8,0,747.1
2023-04-11 00:00:00,11.3,0,924.1
2023-04-11 01:00:00,12.8,0,741.7
2023-04-11 02:00:00,11.9,0,695.2
2023-04-11 03:00:00,14.4,0,542.5
2023-04-11 04:00:00,14.7,0,684.0
2023-04-11 05:00:00,17.2,0,546.9
2023-04-11 06:00:00,19.8,0,697.1
2023-04-11 07:00:00,16.5,0,684.8
2023-04-11 08:00:00,23.3,0,794.1
2023-04-11 09:00:00,23.7,0,814.7
2023-04-11 10:00:00,22.6,0,799.0
2023-04-11 11:00:00,21.5,0,732.5
2023-04-11 12:00:00,18.2,0,588.5
2023-04-11 13:00:00,21.7,0,502.4
2023-04-11 14:00:00,19.1,0,645.7
2023-04-11 15:00:00,17.5,0,712.5
2023-04-11 16:00:00,16.9,0,758.1
2023-04-11 17:00:00,21.9,0,819.9
2023-04-11 18:00:00,17.5,0,903.7
2023-04-11 19:00:00,15.8,0,912.5
2023-04-11 20:00:00,13.2,0,980.2
2023-04-11 21:00:00,11.2,0,1165.1
2023-04-11 22:00:00,14.5,0,842.0
2023-04-11 23:00:00,11.6,0,1068.7
2023-04-12 00:00:00,10.8,0,1009.5
2023-04-12 01:00:00,15.7,0,548.5
2023-04-12 02:00:00,12.8,0,682.8
2023-04-12 03:00:00,13.5,0,703.8
2023-04-12 04:00:00,18.0,0,526.0
2023-04-12 05:00:00,16.1,0,646.5
2023-04-12 06:00:00,17.9,0,592.0
2023-04-12 07:00:00,22.4,0,726.6
2023-04-12 08:00:00,22.8,0,732.5
2023-04-12 09:00:00,24.0,0,780.7
2023-04-12 10:00:00,19.6,0,708.3
2023-04-12 11:00:00,21.5,0,701.8
2023-04-12 12:00:00,24.7,0,819.1
2023-04-12 13:00:00,22.0,0,615.4
2023-04-12 14:00:00,21.8,0,674.9
2023-04-12 15:00:00,20.6,0,741.0
2023-04-12 16:00:00,18.1,0,702.5
2023-04-12 17:00:00,18.9,0,761.9
2023-04-12 18:00:00,19.6,0,849.4
2023-04-12 19:00:00,14.1,0,954.9
2023-04-12 20:00:00,16.8,0,769.0
2023-04-12 21:00:00,12.0,0,1122.9
2023-04-12 22:00:00,13.9,0,944.9
2023-04-12 23:00:00,15.7,0,777.9
2023-04-13 00:00:00,13.6,0,935.4
2023-04-13 01:00:00,10.8,0,1063.9
2023-04-13 02:00:00,13.7,0,825.1
2023-04-13 03:00:00,11.5,0,1013.7
2023-04-13 04:00:00,15.7,0,650.5
2023-04-13 05:00:00,14.9,0,783.4
2023-04-13 06:00:00,17.3,0,691.9
2023-04-13 07:00:00,21.3,0,758.6
2023-04-13 08:00:00,18.0,0,905.9
2023-04-13 09:00:00,23.1,0,1006.6
2023-04-13 10:00:00,27.6,0,1155.1
2023-04-13 11:00:00,21.4,0,844.6
2023-04-13 12:00:00,22.7,0,824.1
2023-04-13 13:00:00,23.9,0,883.2
2023-04-13 14:00:00,22.6,0,818.5
2023-04-13 15:00:00,23.6,0,947.6
2023-04-13 16:00:00,18.2,0,847.5
2023-04-13 17:00:00,19.2,0,905.6
2023-04-13 18:00:00,20.4,0,966.6
2023-04-13 19:00:00,18.7,0,990.7
2023-04-13 20:00:00,18.5,0,973.1
2023-04-13 21:00:00,13.5,0,1056.4
2023-04-13 22:00:00,14.6,0,1053.2
2023-04-13 23:00:00,15.1,0,893.3
2023-04-14 00:00:00,14.6,0,913.2
2023-04-14 01:00:00,15.8,0,733.9
2023-04-14 02:00:00,13.9,0,749.9
2023-04-14 03:00:00,11.6,0,850.5
2023-04-14 04:00:00,14.9,0,712.9
2023-04-14 05:00:00,16.9,0,752.7
2023-04-14 06:00:00,19.1,0,821.5
2023-04-14 07:00:00,16.9,0,815.7
2023-04-14 08:00:00,21.0,0,830.7
2023-04-14 09:00:00,24.8,0,1015.8
2023-04-14 10:00:00,23.8,0,930.6
2023-04-14 11:00:00,20.5,0,863.3
2023-04-14 12:00:00,25.0,0,889.2
2023-04-14 13:00:00,21.2,0,734.2
2023-04-14 14:00:00,20.6,0,853.6
2023-04-14 15:00:00,22.6,0,911.4
2023-04-14 16:00:00,19.7,0,935.5
2023-04-14 17:00:00,20.7,0,973.7
2023-04-14 18:00:00,19.8,0,1030.1
2023-04-14 19:00:00,18.6,0,956.8
2023-04-14 20:00:00,15.6,0,1084.8
2023-04-14 21:00:00,15.3,0,1080.4
2023-04-14 22:00:00,14.9,0,1036.1
2023-04-14 23:00:00,11.1,0,1159.4
2023-04-15 00:00:00,13.3,0,930.0
2023-04-15 01:00:00,12.9,0,866.0
2023-04-15 02:00:00,13.5,0,712.6
2023-04-15 03:00:00,13.8,0,742.5
2023-04-15 04:00:00,18.1,0,562.4
2023-04-15 05:00:00,18.2,0,670.0
2023-04-15 06:00:00,17.8,0,735.8
2023-04-15 07:00:00,18.7,0,791.9
2023-04-15 08:00:00,18.3,0,998.6
2023-04-15 09:00:00,21.9,0,871.5
2023-04-15 10:00:00,23.4,0,938.6
2023-04-15 11:00:00,25.2,0,943.7
2023-04-15 12:00:00,27.2,0,1153.4
2023-04-15 13:00:00,19.4,0,809.1
2023-04-15 14:00:00,25.4,0,984.0
2023-04-15 15:00:00,24.5,0,915.5
2023-04-15 16:00:00,23.7,0,928.3
2023-04-15 17:00:00,19.4,0,821.2
2023-04-15 18:00:00,18.4,0,985.9
2023-04-15 19:00:00,17.9,0,904.1
2023-04-15 20:00:00,18.2,0,906.4
2023-04-15 21:00:00,18.1,0,1004.9
2023-04-15 22:00:00,12.4,0,1092.0
2023-04-15 23:00:00,15.8,0,931.2
2023-04-16 00:00:00,10.3,0,1143.6
2023-04-16 01:00:00,11.4,0,1003.2
2023-04-16 02:00:00,16.2,0,575.4
2023-04-16 03:00:00,15.1,0,811.8
2023-04-16 04:00:00,17.4,0,669.1
2023-04-16 05:00:00,18.1,0,636.3
2023-04-16 06:00:00,20.3,0,817.7
2023-04-16 07:00:00,17.8,0,788.3
2023-04-16 08:00:00,21.5,0,779.7
2023-04-16 09:00:00,22.6,0,979.0
2023-04-16 10:00:00,21.8,0,902.8
2023-04-16 11:00:00,22.6,0,896.7
2023-04-16 12:00:00,24.3,0,901.9
2023-04-16 13:00:00,20.5,0,657.6
2023-04-16 14:00:00,24.3,0,863.2
2023-04-16 15:00:00,24.9,0,1095.9
2023-04-16 16:00:00,20.3,0,894.3
2023-04-16 17:00:00,19.4,0,884.4
2023-04-16 18:00:00,20.4,0,982.6
2023-04-16 19:00:00,20.8,0,923.1
2023-04-16 20:00:00,15.1,0,1070.1
2023-04-16 21:00:00,10.5,0,1328.7
2023-04-16 22:00:00,12.7,0,1125.7
2023-04-16 23:00:00,14.3,0,914.0
2023-04-17 00:00:00,17.7,0,646.5
2023-04-17 01:00:00,14.4,0,740.0
2023-04-17 02:00:00,16.3,0,685.8
2023-04-17 03:00:00,14.9,0,800.7
2023-04-17 04:00:00,16.1,0,621.3
2023-04-17 05:00:00,16.8,0,632.7
2023-04-17 06:00:00,19.4,0,660.1
2023-04-17 07:00:00,21.3,0,803.0
2023-04-17 08:00:00,22.5,0,882.5
2023-04-17 09:00:00,21.7,0,873.5
2023-04-17 10:00:00,20.9,0,863.6
2023-04-17 11:00:00,24.2,0,905.9
2023-04-17 12:00:00,26.2,0,951.0
2023-04-17 13:00:00,21.5,0,749.6
2023-04-17 14:00:00,22.8,0,792.6
2023-04-17 15:00:00,23.2,0,884.5
2023-04-17 16:00:00,18.3,0,861.6
2023-04-17 17:00:00,17.3,0,1009.8
2023-04-17 18:00:00,18.4,0,981.5
2023-04-17 19:00:00,16.4,0,1010.5
2023-04-17 20:00:00,15.9,0,1093.6
2023-04-17 21:00:00,11.8,0,1317.5
2023-04-17 22:00:00,13.5,0,1015.1
2023-04-17 23:00:00,13.5,0,1006.2
2023-04-18 00:00:00,16.3,0,655.9
2023-04-18 01:00:00,13.2,0,785.5
2023-04-18 02:00:00,12.0,0,802.0
2023-04-18 03:00:00,14.9,0,584.3
2023-04-18 04:00:00,19.6,0,526.1
2023-04-18 05:00:00,16.2,0,480.7
2023-04-18 06:00:00,22.2,0,574.4
2023-04-18 07:00:00,22.3,0,659.8
2023-04-18 08:00:00,21.2,0,754.9
2023-04-18 09:00:00,24.8,0,864.2
2023-04-18 10:00:00,23.9,0,730.8
2023-04-18 11:00:00,29.0,0,1053.1
2023-04-18 12:00:00,25.7,0,777.1
2023-04-18 13:00:00,23.8,0,619.6
2023-04-18 14:00:00,23.4,0,748.5
2023-04-18 15:00:00,23.7,0,680.1
2023-04-18 16:00:00,20.2,0,751.7
2023-04-18 17:00:00,21.7,0,726.5
2023-04-18 18:00:00,20.4,0,819.8
2023-04-18 19:00:00,13.8,0,1021.0
2023-04-18 20:00:00,16.5,0,875.9
2023-04-18 21:00:00,16.2,0,867.1
2023-04-18 22:00:00,14.4,0,834.5
2023-04-18 23:00:00,16.9,0,720.1
2023-04-19 00:00:00,17.5,0,575.5
2023-04-19 01:00:00,12.6,0,693.0
2023-04-19 02:00:00,13.6,0,569.8
2023-04-19 03:00:00,17.1,0,476.0
2023-04-19 04:00:00,20.5,0,431.0
2023-04-19 05:00:00,18.2,0,476.6
2023-04-19 06:00:00,19.7,0,648.9
2023-04-19 07:00:00,22.0,0,816.6
2023-04-19 08:00:00,20.0,0,740.0
2023-04-19 09:00:00,20.5,0,712.5
2023-04-19 10:00:00,24.4,0,864.0
2023-04-19 11:00:00,24.9,0,847.1
2023-04-19 12:00:00,24.6,0,732.5
2023-04-19 13:00:00,24.2,0,681.8
2023-04-19 14:00:00,22.3,0,636.9
2023-04-19 15:00:00,24.5,0,696.8
2023-04-19 16:00:00,22.4,0,715.0
2023-04-19 17:00:00,19.4,0,741.3
2023-04-19 18:00:00,17.7,0,843.1
2023-04-19 19:00:00,16.2,0,968.8
2023-04-19 20:00:00,16.6,0,854.8
2023-04-19 21:00:00,16.6,0,872.4
2023-04-19 22:00:00,12.9,0,944.2
2023-04-19 23:00:00,15.0,0,697.0
2023-04-20 00:00:00,14.5,0,757.3
2023-04-20 01:00:00,15.5,0,678.5
2023-04-20 02:00:00,13.4,0,721.0
2023-04-20 03:00:00,15.2,0,713.0
2023-04-20 04:00:00,19.2,0,532.0
2023-04-20 05:00:00,20.3,0,680.3
2023-04-20 06:00:00,17.9,0,629.4
2023-04-20 07:00:00,20.0,0,908.1
2023-04-20 08:00:00,21.5,0,900.1
2023-04-20 09:00:00,20.5,0,913.5
2023-04-20 10:00:00,22.7,0,969.6
2023-04-20 11:00:00,21.8,0,856.9
2023-04-20 12:00:00,23.9,0,844.5
2023-04-20 13:00:00,26.2,0,1045.1
2023-04-20 14:00:00,23.7,0,935.4
2023-04-20 15:00:00,25.0,0,947.2
2023-04-20 16:00:00,22.7,0,827.9
2023-04-20 17:00:00,19.5,0,893.3
2023-04-20 18:00:00,20.1,0,969.2
2023-04-20 19:00:00,18.2,0,981.8
2023-04-20 20:00:00,13.3,0,1189.6
2023-04-20 21:00:00,16.3,0,1014.5
2023-04-20 22:00:00,15.9,0,959.8
2023-04-20 23:00:00,15.5,0,938.3
2023-04-21 00:00:00,16.1,0,638.4
2023-04-21 01:00:00,12.9,0,921.7
2023-04-21 02:00:00,18.6,0,677.4
2023-04-21 03:00:00,18.7,0,557.0
2023-04-21 04:00:00,16.8,0,683.5
2023-04-21 05:00:00,16.7,0,702.8
2023-04-21 06:00:00,20.8,0,729.1
2023-04-21 07:00:00,21.9,0,914.4
2023-04-21 08:00:00,19.4,0,924.5
2023-04-21 09:00:00,24.4,0,968.6
2023-04-21 10:00:00,23.9,0,1017.5
2023-04-21 11:00:00,23.5,0,826.7
2023-04-21 12:00:00,24.0,0,726.3
2023-04-21 13:00:00,25.5,0,905.7
2023-04-21 14:00:00,24.3,0,878.0
2023-04-21 15:00:00,23.7,0,844.7
2023-04-21 16:00:00,21.9,0,869.8
2023-04-21 17:00:00,20.2,0,855.6
2023-04-21 18:00:00,19.7,0,1021.6
2023-04-21 19:00:00,15.2,0,1102.7
2023-04-21 20:00:00,14.6,0,1084.3
2023-04-21 21:00:00,13.7,0,1199.9
2023-04-21 22:00:00,14.0,0,1010.2
2023-04-21 23:00:00,13.8,0,941.4
2023-04-22 00:00:00,16.3,0,636.1
2023-04-22 01:00:00,17.9,0,604.4
2023-04-22 02:00:00,21.4,0,578.9
2023-04-22 03:00:00,15.8,0,611.4
2023-04-22 04:00:00,15.6,0,755.3
2023-04-22 05:00:00,17.4,0,601.7
2023-04-22 06:00:00,20.0,0,839.9
2023-04-22 07:00:00,20.3,0,794.7
2023-04-22 08:00:00,18.7,0,912.7
2023-04-22 09:00:00,24.0,0,947.7
2023-04-22 10:00:00,26.5,0,1125.9
2023-04-22 11:00:00,24.3,0,959.8
2023-04-22 12:00:00,26.6,0,918.0
2023-04-22 13:00:00,25.4,0,1068.3
2023-04-22 14:00:00,26.0,0,1048.8
2023-04-22 15:00:00,23.2,0,865.1
2023-04-22 16:00:00,21.9,0,994.7
2023-04-22 17:00:00,19.7,0,962.3
2023-04-22 18:00:00,19.4,0,990.6
2023-04-22 19:00:00,16.1,0,1064.3
2023-04-22 20:00:00,17.7,0,1025.7
2023-04-22 21:00:00,15.3,0,1026.3
2023-04-22 22:00:00,14.9,0,993.3
2023-04-22 23:00:00,15.7,0,914.2
2023-04-23 00:00:00,16.9,0,746.1
2023-04-23 01:00:00,13.7,0,966.3
2023-04-23 02:00:00,16.7,0,668.0
2023-04-23 03:00:00,16.3,0,597.0
2023-04-23 04:00:00,17.7,0,718.6
2023-04-23 05:00:00,22.3,0,745.0
2023-04-23 06:00:00,21.6,0,734.2
2023-04-23 07:00:00,19.6,0,806.9
2023-04-23 08:00:00,22.4,0,859.7
2023-04-23 09:00:00,25.7,0,1074.0
2023-04-23 10:00:00,22.6,0,960.2
2023-04-23 11:00:00,24.0,0,936.7
2023-04-23 12:00:00,27.2,0,966.8
2023-04-23 13:00:00,29.2,0,1141.0
2023-04-23 14:00:00,26.5,0,1083.8
2023-04-23 15:00:00,25.5,0,1010.3
2023-04-23 16:00:00,22.9,0,901.9
2023-04-23 17:00:00,22.7,0,919.8
2023-04-23 18:00:00,20.8,0,898.8
2023-04-23 19:00:00,18.9,0,877.3
2023-04-23 20:00:00,16.2,0,1109.6
2023-04-23 21:00:00,15.9,0,1025.2
2023-04-23 22:00:00,15.0,0,1074.8
2023-04-23 23:00:00,17.1,0,856.7
2023-04-24 00:00:00,14.7,0,807.7
2023-04-24 01:00:00,15.3,0,755.7
2023-04-24 02:00:00,17.6,0,707.5
2023-04-24 03:00:00,20.6,0,487.6
2023-04-24 04:00:00,18.8,0,577.7
2023-04-24 05:00:00,20.1,0,661.9
2023-04-24 06:00:00,18.2,0,682.3
2023-04-24 07:00:00,20.7,0,807.7
2023-04-24 08:00:00,23.1,0,991.7
2023-04-24 09:00:00,29.4,0,1369.3
2023-04-24 10:00:00,26.5,0,1091.5
2023-04-24 11:00:00,27.0,0,1021.8
2023-04-24 12:00:00,28.1,0,1130.7
2023-04-24 13:00:00,25.9,0,882.1
2023-04-24 14:00:00,26.7,0,992.3
2023-04-24 15:00:00,22.8,0,957.9
2023-04-24 16:00:00,23.5,0,920.5
2023-04-24 17:00:00,19.3,0,880.1
2023-04-24 18:00:00,20.4,0,959.4
2023-04-24 19:00:00,20.8,0,976.7
2023-04-24 20:00:00,16.2,0,1070.1
2023-04-24 21:00:00,19.8,0,949.3
2023-04-24 22:00:00,17.8,0,823.4
2023-04-24 23:00:00,15.6,0,963.9
2023-04-25 00:00:00,18.7,0,527.1
2023-04-25 01:00:00,18.1,0,484.7
2023-04-25 02:00:00,19.6,0,459.5
2023-04-25 03:00:00,18.8,0,467.1
2023-04-25 04:00:00,18.1,0,441.6
2023-04-25 05:00:00,19.0,0,603.9
2023-04-25 06:00:00,25.5,0,728.2
2023-04-25 07:00:00,23.5,0,742.5
2023-04-25 08:00:00,21.7,0,745.1
2023-04-25 09:00:00,28.6,0,1196.6
2023-04-25 10:00:00,22.2,0,953.5
2023-04-25 11:00:00,28.5,0,1043.2
2023-04-25 12:00:00,27.8,0,853.5
2023-04-25 13:00:00,23.4,0,729.0
2023-04-25 14:00:00,27.4,0,917.3
2023-04-25 15:00:00,24.6,0,824.1
2023-04-25 16:00:00,22.5,0,694.8
2023-04-25 17:00:00,21.2,0,702.0
2023-04-25 18:00:00,24.3,0,972.7
2023-04-25 19:00:00,21.0,0,801.7
2023-04-25 20:00:00,19.0,0,878.2
2023-04-25 21:00:00,20.7,0,750.3
2023-04-25 22:00:00,16.8,0,809.9
2023-04-25 23:00:00,13.5,0,875.7
2023-04-26 00:00:00,14.5,0,820.5
2023-04-26 01:00:00,19.0,0,517.3
2023-04-26 02:00:00,18.6,0,447.9
2023-04-26 03:00:00,20.0,0,449.1
2023-04-26 04:00:00,16.6,0,583.7
2023-04-26 05:00:00,20.2,0,541.5
2023-04-26 06:00:00,20.7,0,552.4
2023-04-26 07:00:00,18.5,0,642.4
2023-04-26 08:00:00,23.6,0,842.3
2023-04-26 09:00:00,23.2,0,785.5
2023-04-26 10:00:00,26.5,0,987.0
2023-04-26 11:00:00,29.0,0,1157.4
2023-04-26 12:00:00,26.6,0,881.3
2023-04-26 13:00:00,22.1,0,670.8
2023-04-26 14:00:00,22.5,0,582.6
2023-04-26 15:00:00,27.6,0,1012.8
2023-04-26 16:00:00,25.6,0,896.6
2023-04-26 17:00:00,21.0,0,856.8
2023-04-26 18:00:00,19.3,0,745.1
2023-04-26 19:00:00,22.3,0,948.3
2023-04-26 20:00:00,18.1,0,840.0
2023-04-26 21:00:00,19.7,0,810.1
2023-04-26 22:00:00,19.4,0,714.7
2023-04-26 23:00:00,18.2,0,712.3
2023-04-27 00:00:00,15.2,0,824.0
2023-04-27 01:00:00,18.5,0,597.8
2023-04-27 02:00:00,14.9,0,784.1
2023-04-27 03:00:00,17.7,0,612.0
2023-04-27 04:00:00,17.4,0,708.8
2023-04-27 05:00:00,19.2,0,711.3
2023-04-27 06:00:00,25.1,0,925.9
2023-04-27 07:00:00,24.4,0,891.7
2023-04-27 08:00:00,23.4,0,1030.1
2023-04-27 09:00:00,25.7,0,983.1
2023-04-27 10:00:00,21.8,0,842.7
2023-04-27 11:00:00,24.9,0,1040.6
2023-04-27 12:00:00,26.9,0,1149.7
2023-04-27 13:00:00,25.4,0,870.0
2023-04-27 14:00:00,24.7,0,863.2
2023-04-27 15:00:00,28.2,0,1134.8
2023-04-27 16:00:00,25.7,0,995.4
2023-04-27 17:00:00,25.0,0,1073.4
2023-04-27 18:00:00,21.7,0,960.6
2023-04-27 19:00:00,19.1,0,1014.3
2023-04-27 20:00:00,23.0,0,1016.0
2023-04-27 21:00:00,21.7,0,862.8
2023-04-27 22:00:00,15.7,0,1023.7
2023-04-27 23:00:00,14.4,0,934.8
2023-04-28 00:00:00,19.0,0,728.2
2023-04-28 01:00:00,18.6,0,610.4
2023-04-28 02:00:00,20.3,0,669.6
2023-04-28 03:00:00,17.1,0,617.0
2023-04-28 04:00:00,20.3,0,553.9
2023-04-28 05:00:00,23.8,0,723.4
2023-04-28 06:00:00,22.9,0,877.0
2023-04-28 07:00:00,24.9,0,871.1
2023-04-28 08:00:00,26.5,0,1147.5
2023-04-28 09:00:00,26.8,0,1126.8
2023-04-28 10:00:00,25.9,0,1063.1
2023-04-28 11:00:00,26.8,0,1066.0
2023-04-28 12:00:00,26.7,0,1029.9
2023-04-28 13:00:00,29.9,0,1309.2
2023-04-28 14:00:00,28.6,0,1213.0
2023-04-28 15:00:00,24.3,0,853.9
2023-04-28 16:00:00,23.3,0,1006.7
2023-04-28 17:00:00,22.6,0,902.5
2023-04-28 18:00:00,22.6,0,1035.6
2023-04-28 19:00:00,21.8,0,999.9
2023-04-28 20:00:00,16.4,0,1008.8
2023-04-28 21:00:00,19.1,0,906.3
2023-04-28 22:00:00,15.6,0,1014.6
2023-04-28 23:00:00,16.0,0,928.3
2023-04-29 00:00:00,17.0,0,776.3
2023-04-29 01:00:00,16.6,0,747.1
2023-04-29 02:00:00,16.5,0,624.6
2023-04-29 03:00:00,20.5,0,531.2
2023-04-29 04:00:00,22.6,0,716.1
2023-04-29 05:00:00,19.9,0,809.9
2023-04-29 06:00:00,24.5,0,894.0
2023-04-29 07:00:00,24.4,0,1014.9
2023-04-29 08:00:00,23.6,0,1002.9
2023-04-29 09:00:00,25.2,0,1082.0
2023-04-29 10:00:00,27.2,0,1136.2
2023-04-29 11:00:00,25.3,0,949.5
2023-04-29 12:00:00,26.5,0,1124.0
2023-04-29 13:00:00,26.3,0,981.5
2023-04-29 14:00:00,28.4,0,1205.5
2023-04-29 15:00:00,23.2,0,906.1
2023-04-29 16:00:00,24.2,0,1007.9
2023-04-29 17:00:00,24.7,0,1104.2
2023-04-29 18:00:00,21.4,0,1039.0
2023-04-29 19:00:00,20.8,0,908.8
2023-04-29 20:00:00,18.0,0,1016.5
2023-04-29 21:00:00,22.0,0,948.6
2023-04-29 22:00:00,15.6,0,984.1
2023-04-29 23:00:00,18.3,0,891.5
2023-04-30 00:00:00,15.7,0,867.6
2023-04-30 01:00:00,17.5,0,707.6
2023-04-30 02:00:00,17.5,0,631.3
2023-04-30 03:00:00,16.5,0,643.4
2023-04-30 04:00:00,19.0,0,595.4
2023-04-30 05:00:00,22.6,0,631.6
2023-04-30 06:00:00,24.9,0,865.2
2023-04-30 07:00:00,26.3,0,1102.0
2023-04-30 08:00:00,20.6,0,930.6
2023-04-30 09:00:00,21.7,0,959.0
2023-04-30 10:00:00,28.1,0,1225.5
2023-04-30 11:00:00,30.7,0,1459.2
2023-04-30 12:00:00,27.9,0,1108.6
2023-04-30 13:00:00,26.0,0,951.1
2023-04-30 14:00:00,26.2,0,1009.3
2023-04-30 15:00:00,28.5,0,1195.0
2023-04-30 16:00:00,26.2,0,1099.8
2023-04-30 17:00:00,25.4,0,1121.3
2023-04-30 18:00:00,23.4,0,1039.8
2023-04-30 19:00:00,23.4,0,1002.1
2023-04-30 20:00:00,19.0,0,1116.8
2023-04-30 21:00:00,18.5,0,894.5
2023-04-30 22:00:00,17.1,0,835.2
2023-04-30 23:00:00,18.5,0,863.4
2023-05-01 00:00:00,15.6,1,581.0
2023-05-01 01:00:00,22.8,1,565.3
2023-05-01 02:00:00,22.2,1,389.5
2023-05-01 03:00:00,17.7,1,434.5
2023-05-01 04:00:00,19.9,1,443.4
2023-05-01 05:00:00,20.2,1,429.4
2023-05-01 06:00:00,23.9,1,599.9
2023-05-01 07:00:00,28.3,1,1039.4
2023-05-01 08:00:00,25.8,1,932.6
2023-05-01 09:00:00,25.7,1,928.6
2023-05-01 10:00:00,23.1,1,837.5
2023-05-01 11:00:00,24.8,1,783.1
2023-05-01 12:00:00,29.2,1,1013.5
2023-05-01 13:00:00,26.8,1,862.3
2023-05-01 14:00:00,29.6,1,1040.9
2023-05-01 15:00:00,28.8,1,955.5
2023-05-01 16:00:00,24.8,1,783.4
2023-05-01 17:00:00,24.1,1,802.9
2023-05-01 18:00:00,21.9,1,814.1
2023-05-01 19:00:00,18.9,1,816.7
2023-05-01 20:00:00,16.1,1,948.7
2023-05-01 21:00:00,17.6,1,746.0
2023-05-01 22:00:00,17.5,1,742.9
2023-05-01 23:00:00,17.5,1,691.4
2023-05-02 00:00:00,16.5,1,494.3
2023-05-02 01:00:00,16.1,1,400.3
2023-05-02 02:00:00,17.3,1,386.0
2023-05-02 03:00:00,15.9,1,363.8
2023-05-02 04:00:00,22.4,1,254.9
2023-05-02 05:00:00,22.6,1,436.9
2023-05-02 06:00:00,21.1,1,418.3
2023-05-02 07:00:00,25.7,1,648.4
2023-05-02 08:00:00,25.5,1,668.0
2023-05-02 09:00:00,24.9,1,818.9
2023-05-02 10:00:00,28.1,1,917.5
2023-05-02 11:00:00,27.0,1,681.1
2023-05-02 12:00:00,28.1,1,774.0
2023-05-02 13:00:00,27.1,1,764.5
2023-05-02 14:00:00,25.3,1,566.3
2023-05-02 15:00:00,27.5,1,801.9
2023-05-02 16:00:00,22.4,1,596.7
2023-05-02 17:00:00,22.5,1,533.2
2023-05-02 18:00:00,22.4,1,558.7
2023-05-02 19:00:00,22.9,1,606.8
2023-05-02 20:00:00,22.0,1,632.9
2023-05-02 21:00:00,20.2,1,601.2
2023-05-02 22:00:00,20.3,1,544.8
2023-05-02 23:00:00,19.3,1,514.8
2023-05-03 00:00:00,15.6,1,371.9
2023-05-03 01:00:00,15.9,1,404.2
2023-05-03 02:00:00,21.6,1,207.7
2023-05-03 03:00:00,18.8,1,184.7
2023-05-03 04:00:00,21.5,1,332.7
2023-05-03 05:00:00,22.3,1,278.0
2023-05-03 06:00:00,26.6,1,661.6
2023-05-03 07:00:00,24.6,1,644.3
2023-05-03 08:00:00,23.1,1,658.6
2023-05-03 09:00:00,28.3,1,913.1
2023-05-03 10:00:00,24.4,1,649.7
2023-05-03 11:00:00,27.6,1,785.9
2023-05-03 12:00:00,24.3,1,606.4
2023-05-03 13:00:00,29.4,1,888.9
2023-05-03 14:00:00,26.4,1,628.2
2023-05-03 15:00:00,23.8,1,590.2
2023-05-03 16:00:00,29.3,1,927.6
2023-05-03 17:00:00,21.0,1,547.9
2023-05-03 18:00:00,21.8,1,607.3
2023-05-03 19:00:00,23.3,1,679.0
2023-05-03 20:00:00,21.3,1,650.3
2023-05-03 21:00:00,20.1,1,584.1
2023-05-03 22:00:00,18.7,1,550.9
2023-05-03 23:00:00,20.8,1,532.2
2023-05-04 00:00:00,20.7,1,513.9
2023-05-04 01:00:00,17.2,1,569.3
2023-05-04 02:00:00,17.4,1,447.7
2023-05-04 03:00:00,22.4,1,385.5
2023-05-04 04:00:00,19.9,1,402.1
2023-05-04 05:00:00,21.6,1,463.4
2023-05-04 06:00:00,24.7,1,700.4
2023-05-04 07:00:00,22.3,1,667.1
2023-05-04 08:00:00,28.4,1,1001.4
2023-05-04 09:00:00,25.7,1,944.3
2023-05-04 10:00:00,27.4,1,1013.1
2023-05-04 11:00:00,29.3,1,1062.6
2023-05-04 12:00:00,27.7,1,905.4
2023-05-04 13:00:00,26.8,1,855.6
2023-05-04 14:00:00,28.1,1,981.0
2023-05-04 15:00:00,25.0,1,915.7
2023-05-04 16:00:00,27.3,1,945.8
2023-05-04 17:00:00,23.8,1,767.5
2023-05-04 18:00:00,23.2,1,857.9
2023-05-04 19:00:00,19.0,1,775.2
2023-05-04 20:00:00,19.7,1,812.8
2023-05-04 21:00:00,19.1,1,661.1
2023-05-04 22:00:00,21.8,1,719.0
2023-05-04 23:00:00,19.6,1,701.6
2023-05-05 00:00:00,20.5,1,477.0
2023-05-05 01:00:00,22.9,1,559.8
2023-05-05 02:00:00,17.0,1,370.1
2023-05-05 03:00:00,18.5,1,437.5
2023-05-05 04:00:00,19.9,1,436.2
2023-05-05 05:00:00,22.2,1,480.0
2023-05-05 06:00:00,26.1,1,773.1
2023-05-05 07:00:00,23.7,1,644.0
2023-05-05 08:00:00,23.8,1,812.3
2023-05-05 09:00:00,28.0,1,1075.7
2023-05-05 10:00:00,28.5,1,1123.9
2023-05-05 11:00:00,24.0,1,712.8
2023-05-05 12:00:00,28.8,1,969.2
2023-05-05 13:00:00,25.6,1,700.0
2023-05-05 14:00:00,25.3,1,781.5
2023-05-05 15:00:00,27.9,1,1093.4
2023-05-05 16:00:00,24.5,1,706.7
2023-05-05 17:00:00,27.2,1,934.2
2023-05-05 18:00:00,22.9,1,933.1
2023-05-05 19:00:00,19.3,1,771.3
2023-05-05 20:00:00,20.2,1,770.8
2023-05-05 21:00:00,15.9,1,749.7
2023-05-05 22:00:00,20.8,1,700.2
2023-05-05 23:00:00,15.1,1,709.4
2023-05-06 00:00:00,21.5,0,615.5
2023-05-06 01:00:00,17.7,0,607.3
2023-05-06 02:00:00,20.8,0,703.6
2023-05-06 03:00:00,22.2,0,677.8
2023-05-06 04:00:00,22.1,0,591.3
2023-05-06 05:00:00,21.8,0,737.8
2023-05-06 06:00:00,19.9,0,781.5
2023-05-06 07:00:00,20.1,0,815.7
2023-05-06 08:00:00,28.0,0,1255.7
2023-05-06 09:00:00,29.1,0,1332.6
2023-05-06 10:00:00,28.7,0,1324.5
2023-05-06 11:00:00,29.3,0,1316.7
2023-05-06 12:00:00,30.6,0,1431.0
2023-05-06 13:00:00,31.3,0,1419.5
2023-05-06 14:00:00,29.1,0,1316.5
2023-05-06 15:00:00,28.3,0,1120.9
2023-05-06 16:00:00,24.2,0,950.6
2023-05-06 17:00:00,24.8,0,1063.7
2023-05-06 18:00:00,23.1,0,935.9
2023-05-06 19:00:00,19.9,0,1098.5
2023-05-06 20:00:00,22.3,0,973.1
2023-05-06 21:00:00,21.0,0,1050.1
2023-05-06 22:00:00,19.2,0,915.4
2023-05-06 23:00:00,17.1,0,887.2
2023-05-07 00:00:00,19.5,0,799.8
2023-05-07 01:00:00,18.9,0,718.0
2023-05-07 02:00:00,20.0,0,731.3
2023-05-07 03:00:00,22.3,0,578.5
2023-05-07 04:00:00,21.7,0,568.3
2023-05-07 05:00:00,18.8,0,688.2
2023-05-07 06:00:00,26.6,0,1006.7
2023-05-07 07:00:00,25.7,0,1018.5
2023-05-07 08:00:00,25.6,0,1037.6
2023-05-07 09:00:00,27.4,0,1232.9
2023-05-07 10:00:00,30.6,0,1410.5
2023-05-07 11:00:00,30.2,0,1492.2
2023-05-07 12:00:00,27.9,0,1159.8
2023-05-07 13:00:00,30.1,0,1393.2
2023-05-07 14:00:00,30.1,0,1289.4
2023-05-07 15:00:00,25.6,0,885.7
2023-05-07 16:00:00,25.8,0,1117.7
2023-05-07 17:00:00,26.1,0,1148.6
2023-05-07 18:00:00,23.7,0,1028.9
2023-05-07 19:00:00,23.7,0,1053.2
2023-05-07 20:00:00,23.3,0,1049.8
2023-05-07 21:00:00,20.2,0,879.2
2023-05-07 22:00:00,19.3,0,933.0
2023-05-07 23:00:00,20.6,0,781.6
2023-05-08 00:00:00,17.3,0,754.1
2023-05-08 01:00:00,18.3,0,569.8
2023-05-08 02:00:00,19.9,0,671.8
2023-05-08 03:00:00,19.6,0,592.4
2023-05-08 04:00:00,18.0,0,612.1
2023-05-08 05:00:00,20.4,0,677.3
2023-05-08 06:00:00,22.2,0,716.1
2023-05-08 07:00:00,23.1,0,943.4
2023-05-08 08:00:00,24.2,0,945.1
2023-05-08 09:00:00,26.4,0,1171.5
2023-05-08 10:00:00,27.9,0,1250.9
2023-05-08 11:00:00,32.5,0,1721.6
2023-05-08 12:00:00,27.9,0,1175.2
2023-05-08 13:00:00,29.8,0,1259.3
2023-05-08 14:00:00,29.9,0,1315.8
2023-05-08 15:00:00,26.7,0,1042.2
2023-05-08 16:00:00,25.5,0,1138.0
2023-05-08 17:00:00,27.4,0,1232.5
2023-05-08 18:00:00,22.1,0,1011.7
2023-05-08 19:00:00,26.9,0,1282.0
2023-05-08 20:00:00,20.5,0,1018.5
2023-05-08 21:00:00,18.0,0,1012.0
2023-05-08 22:00:00,19.1,0,870.8
2023-05-08 23:00:00,19.0,0,918.9
2023-05-09 00:00:00,22.2,0,667.6
2023-05-09 01:00:00,20.8,0,558.3
2023-05-09 02:00:00,19.1,0,458.0
2023-05-09 03:00:00,22.1,0,602.7
2023-05-09 04:00:00,19.8,0,480.0
2023-05-09 05:00:00,25.4,0,672.3
2023-05-09 06:00:00,26.1,0,770.2
2023-05-09 07:00:00,26.1,0,869.3
2023-05-09 08:00:00,24.3,0,842.7
2023-05-09 09:00:00,25.4,0,1009.3
2023-05-09 10:00:00,29.2,0,1216.8
2023-05-09 11:00:00,31.3,0,1467.6
2023-05-09 12:00:00,27.0,0,1002.0
2023-05-09 13:00:00,28.4,0,1065.7
2023-05-09 14:00:00,29.0,0,1080.8
2023-05-09 15:00:00,28.4,0,1082.7
2023-05-09 16:00:00,26.4,0,937.0
2023-05-09 17:00:00,25.8,0,1027.2
2023-05-09 18:00:00,24.9,0,1035.3
2023-05-09 19:00:00,20.7,0,926.4
2023-05-09 20:00:00,21.3,0,994.7
2023-05-09 21:00:00,18.9,0,828.0
2023-05-09 22:00:00,21.9,0,840.5
2023-05-09 23:00:00,19.8,0,657.1
2023-05-10 00:00:00,16.8,0,548.1
2023-05-10 01:00:00,18.0,0,599.2
2023-05-10 02:00:00,24.8,0,694.8
2023-05-10 03:00:00,20.6,0,465.0
2023-05-10 04:00:00,24.0,0,557.5
2023-05-10 05:00:00,19.5,0,513.6
2023-05-10 06:00:00,24.8,0,847.9
2023-05-10 07:00:00,24.5,0,932.1
2023-05-10 08:00:00,29.5,0,1165.0
2023-05-10 09:00:00,27.0,0,1119.4
2023-05-10 10:00:00,25.5,0,961.8
2023-05-10 11:00:00,28.2,0,1183.9
2023-05-10 12:00:00,29.4,0,1150.8
2023-05-10 13:00:00,28.7,0,1074.1
2023-05-10 14:00:00,28.0,0,1046.5
2023-05-10 15:00:00,26.5,0,914.6
2023-05-10 16:00:00,24.7,0,801.3
2023-05-10 17:00:00,25.5,0,945.4
2023-05-10 18:00:00,21.6,0,859.6
2023-05-10 19:00:00,25.4,0,1006.4
2023-05-10 20:00:00,19.9,0,875.1
2023-05-10 21:00:00,19.0,0,797.9
2023-05-10 22:00:00,20.7,0,757.8
2023-05-10 23:00:00,21.4,0,769.3
2023-05-11 00:00:00,19.9,0,671.1
2023-05-11 01:00:00,23.1,0,708.0
2023-05-11 02:00:00,17.6,0,707.0
2023-05-11 03:00:00,22.2,0,581.9
2023-05-11 04:00:00,23.0,0,747.2
2023-05-11 05:00:00,24.1,0,855.7
2023-05-11 06:00:00,26.1,0,977.0
2023-05-11 07:00:00,24.3,0,908.7
2023-05-11 08:00:00,25.1,0,1140.8
2023-05-11 09:00:00,30.5,0,1514.8
2023-05-11 10:00:00,30.2,0,1471.6
2023-05-11 11:00:00,34.5,0,1954.2
2023-05-11 12:00:00,29.5,0,1286.2
2023-05-11 13:00:00,27.7,0,1065.7
2023-05-11 14:00:00,29.4,0,1223.7
2023-05-11 15:00:00,31.1,0,1493.2
2023-05-11 16:00:00,25.4,0,1050.5
2023-05-11 17:00:00,25.6,0,1074.7
2023-05-11 18:00:00,27.9,0,1291.2
2023-05-11 19:00:00,21.6,0,1063.2
2023-05-11 20:00:00,20.4,0,1049.0
2023-05-11 21:00:00,20.7,0,905.8
2023-05-11 22:00:00,17.2,0,907.2
2023-05-11 23:00:00,19.8,0,938.8
2023-05-12 00:00:00,20.5,0,703.6
2023-05-12 01:00:00,18.0,0,774.9
2023-05-12 02:00:00,18.7,0,619.1
2023-05-12 03:00:00,22.7,0,608.5
2023-05-12 04:00:00,19.7,0,659.3
2023-05-12 05:00:00,23.8,0,737.5
2023-05-12 06:00:00,24.8,0,934.1
2023-05-12 07:00:00,25.4,0,1079.3
2023-05-12 08:00:00,24.0,0,1030.7
2023-05-12 09:00:00,29.5,0,1492.1
2023-05-12 10:00:00,25.2,0,1012.2
2023-05-12 11:00:00,28.0,0,1078.7
2023-05-12 12:00:00,32.2,0,1560.2
2023-05-12 13:00:00,32.1,0,1547.6
2023-05-12 14:00:00,26.0,0,981.1
2023-05-12 15:00:00,27.4,0,1242.9
2023-05-12 16:00:00,25.8,0,1027.8
2023-05-12 17:00:00,25.6,0,1184.9
2023-05-12 18:00:00,21.7,0,1086.4
2023-05-12 19:00:00,21.5,0,991.5
2023-05-12 20:00:00,21.7,0,1073.4
2023-05-12 21:00:00,22.4,0,1025.0
2023-05-12 22:00:00,19.7,0,915.8
2023-05-12 23:00:00,20.6,0,879.2
2023-05-13 00:00:00,20.5,0,760.7
2023-05-13 01:00:00,21.6,0,559.0
2023-05-13 02:00:00,20.9,0,628.1
2023-05-13 03:00:00,17.6,0,620.9
2023-05-13 04:00:00,25.8,0,822.0
2023-05-13 05:00:00,25.0,0,814.2
2023-05-13 06:00:00,25.5,0,1007.2
2023-05-13 07:00:00,29.1,0,1249.3
2023-05-13 08:00:00,22.7,0,994.5
2023-05-13 09:00:00,27.7,0,1239.7
2023-05-13 10:00:00,26.1,0,1152.1
2023-05-13 11:00:00,31.7,0,1605.7
2023-05-13 12:00:00,32.2,0,1623.5
2023-05-13 13:00:00,30.5,0,1418.7
2023-05-13 14:00:00,28.3,0,1206.1
2023-05-13 15:00:00,26.6,0,1116.5
2023-05-13 16:00:00,24.5,0,1004.9
2023-05-13 17:00:00,24.9,0,1113.1
2023-05-13 18:00:00,25.3,0,1140.0
2023-05-13 19:00:00,20.3,0,1059.2
2023-05-13 20:00:00,24.7,0,1158.2
2023-05-13 21:00:00,20.7,0,959.9
2023-05-13 22:00:00,17.2,0,966.2
2023-05-13 23:00:00,20.8,0,894.7
2023-05-14 00:00:00,20.2,0,799.2
2023-05-14 01:00:00,19.8,0,686.3
2023-05-14 02:00:00,20.9,0,564.6
2023-05-14 03:00:00,22.3,0,681.5
2023-05-14 04:00:00,19.5,0,694.5
2023-05-14 05:00:00,17.6,0,701.6
2023-05-14 06:00:00,27.7,0,1048.8
2023-05-14 07:00:00,25.9,0,1028.4
2023-05-14 08:00:00,26.1,0,1203.1
2023-05-14 09:00:00,29.2,0,1373.3
2023-05-14 10:00:00,26.2,0,1156.8
2023-05-14 11:00:00,27.2,0,1181.3
2023-05-14 12:00:00,30.1,0,1392.0
2023-05-14 13:00:00,30.6,0,1426.6
2023-05-14 14:00:00,34.1,0,1766.7
2023-05-14 15:00:00,28.8,0,1234.6
2023-05-14 16:00:00,31.0,0,1542.0
2023-05-14 17:00:00,25.4,0,1228.3
2023-05-14 18:00:00,24.3,0,1161.5
2023-05-14 19:00:00,22.3,0,1023.5
2023-05-14 20:00:00,23.5,0,1120.1
2023-05-14 21:00:00,21.0,0,942.3
2023-05-14 22:00:00,20.2,0,1001.7
2023-05-14 23:00:00,22.1,0,922.7
2023-05-15 00:00:00,20.1,0,749.7
2023-05-15 01:00:00,20.4,0,728.7
2023-05-15 02:00:00,21.7,0,736.9
2023-05-15 03:00:00,23.2,0,654.0
2023-05-15 04:00:00,21.5,0,632.3
2023-05-15 05:00:00,25.8,0,884.6
2023-05-15 06:00:00,28.1,0,1187.3
2023-05-15 07:00:00,24.8,0,1034.5
2023-05-15 08:00:00,29.4,0,1363.4
2023-05-15 09:00:00,29.3,0,1432.4
2023-05-15 10:00:00,32.7,0,1743.9
2023-05-15 11:00:00,28.7,0,1269.3
2023-05-15 12:00:00,30.3,0,1385.3
2023-05-15 13:00:00,31.5,0,1606.9
2023-05-15 14:00:00,24.8,0,1027.4
2023-05-15 15:00:00,26.4,0,1089.9
2023-05-15 16:00:00,29.0,0,1344.5
2023-05-15 17:00:00,28.1,0,1378.8
2023-05-15 18:00:00,28.5,0,1461.6
2023-05-15 19:00:00,23.5,0,1181.8
2023-05-15 20:00:00,21.0,0,1046.3
2023-05-15 21:00:00,19.0,0,1005.6
2023-05-15 22:00:00,19.8,0,923.2
2023-05-15 23:00:00,18.3,0,949.7
2023-05-16 00:00:00,19.6,0,548.5
2023-05-16 01:00:00,17.6,0,565.2
2023-05-16 02:00:00,17.7,0,510.8
2023-05-16 03:00:00,21.4,0,495.5
2023-05-16 04:00:00,26.5,0,764.5
2023-05-16 05:00:00,22.9,0,714.3
2023-05-16 06:00:00,25.6,0,894.6
2023-05-16 07:00:00,25.7,0,958.2
2023-05-16 08:00:00,26.9,0,1007.4
2023-05-16 09:00:00,31.2,0,1465.0
2023-05-16 10:00:00,29.6,0,1322.6
2023-05-16 11:00:00,32.5,0,1594.4
2023-05-16 12:00:00,30.5,0,1236.8
2023-05-16 13:00:00,32.0,0,1441.8
2023-05-16 14:00:00,28.5,0,1013.6
2023-05-16 15:00:00,30.7,0,1287.2
2023-05-16 16:00:00,26.9,0,1049.3
2023-05-16 17:00:00,27.5,0,1087.8
2023-05-16 18:00:00,29.4,0,1283.9
2023-05-16 19:00:00,27.5,0,1174.8
2023-05-16 20:00:00,23.6,0,873.5
2023-05-16 21:00:00,23.0,0,889.4
2023-05-16 22:00:00,22.7,0,906.1
2023-05-16 23:00:00,19.9,0,682.7
2023-05-17 00:00:00,20.7,0,603.1
2023-05-17 01:00:00,18.7,0,573.3
2023-05-17 02:00:00,21.7,0,520.7
2023-05-17 03:00:00,18.9,0,528.7
2023-05-17 04:00:00,27.8,0,850.2
2023-05-17 05:00:00,23.7,0,630.1
2023-05-17 06:00:00,25.9,0,759.3
2023-05-17 07:00:00,29.5,0,1158.7
2023-05-17 08:00:00,31.3,0,1451.5
2023-05-17 09:00:00,31.6,0,1492.8
2023-05-17 10:00:00,26.9,0,1101.0
2023-05-17 11:00:00,35.2,0,1930.0
2023-05-17 12:00:00,27.6,0,1042.8
2023-05-17 13:00:00,34.6,0,1770.3
2023-05-17 14:00:00,30.3,0,1253.2
2023-05-17 15:00:00,29.4,0,1208.6
2023-05-17 16:00:00,30.7,0,1337.0
2023-05-17 17:00:00,27.1,0,1021.0
2023-05-17 18:00:00,25.5,0,1027.8
2023-05-17 19:00:00,24.3,0,1004.0
2023-05-17 20:00:00,23.0,0,1033.0
2023-05-17 21:00:00,20.5,0,824.6
2023-05-17 22:00:00,23.4,0,878.7
2023-05-17 23:00:00,24.9,0,910.0
2023-05-18 00:00:00,22.5,0,770.9
2023-05-18 01:00:00,24.1,0,718.5
2023-05-18 02:00:00,22.1,0,658.9
2023-05-18 03:00:00,19.8,0,756.5
2023-05-18 04:00:00,22.8,0,688.2
2023-05-18 05:00:00,24.2,0,790.3
2023-05-18 06:00:00,24.9,0,1018.0
2023-05-18 07:00:00,27.4,0,1223.7
2023-05-18 08:00:00,31.7,0,1712.1
2023-05-18 09:00:00,27.8,0,1319.6
2023-05-18 10:00:00,31.5,0,1623.3
2023-05-18 11:00:00,32.6,0,1726.3
2023-05-18 12:00:00,30.5,0,1430.8
2023-05-18 13:00:00,28.8,0,1297.9
2023-05-18 14:00:00,32.3,0,1612.2
2023-05-18 15:00:00,29.2,0,1353.2
2023-05-18 16:00:00,29.0,0,1375.9
2023-05-18 17:00:00,25.6,0,1242.8
2023-05-18 18:00:00,25.1,0,1103.2
2023-05-18 19:00:00,20.1,0,977.1
2023-05-18 20:00:00,25.0,0,1099.6
2023-05-18 21:00:00,21.2,0,999.6
2023-05-18 22:00:00,21.4,0,921.9
2023-05-18 23:00:00,18.8,0,923.2
2023-05-19 00:00:00,22.0,0,718.7
2023-05-19 01:00:00,21.8,0,774.3
2023-05-19 02:00:00,21.7,0,678.4
2023-05-19 03:00:00,23.0,0,702.9
2023-05-19 04:00:00,24.7,0,729.0
2023-05-19 05:00:00,24.6,0,764.3
2023-05-19 06:00:00,28.4,0,1208.6
2023-05-19 07:00:00,26.6,0,1201.4
2023-05-19 08:00:00,27.1,0,1224.6
2023-05-19 09:00:00,28.1,0,1344.6
2023-05-19 10:00:00,28.9,0,1333.3
2023-05-19 11:00:00,34.9,0,1943.9
2023-05-19 12:00:00,32.5,0,1697.1
2023-05-19 13:00:00,29.7,0,1369.6
2023-05-19 14:00:00,33.6,0,1830.2
2023-05-19 15:00:00,30.0,0,1442.8
2023-05-19 16:00:00,28.3,0,1351.2
2023-05-19 17:00:00,25.6,0,1110.5
2023-05-19 18:00:00,28.7,0,1454.0
2023-05-19 19:00:00,25.2,0,1121.5
2023-05-19 20:00:00,24.7,0,1155.6
2023-05-19 21:00:00,23.2,0,1067.3
2023-05-19 22:00:00,22.6,0,961.6
2023-05-19 23:00:00,19.3,0,846.8
2023-05-20 00:00:00,24.3,0,823.5
2023-05-20 01:00:00,22.9,0,834.0
2023-05-20 02:00:00,23.8,0,698.9
2023-05-20 03:00:00,24.3,0,769.3
2023-05-20 04:00:00,22.9,0,721.6
2023-05-20 05:00:00,23.8,0,850.3
2023-05-20 06:00:00,28.7,0,1141.4
2023-05-20 07:00:00,27.7,0,1236.7
2023-05-20 08:00:00,28.8,0,1362.3
2023-05-20 09:00:00,30.8,0,1641.4
2023-05-20 10:00:00,33.6,0,1891.8
2023-05-20 11:00:00,29.7,0,1355.2
2023-05-20 12:00:00,29.9,0,1394.9
2023-05-20 13:00:00,31.1,0,1490.4
2023-05-20 14:00:00,29.6,0,1347.5
2023-05-20 15:00:00,29.9,0,1504.8
2023-05-20 16:00:00,25.6,0,1075.3
2023-05-20 17:00:00,32.0,0,1727.4
2023-05-20 18:00:00,30.2,0,1524.2
2023-05-20 19:00:00,25.1,0,1216.1
2023-05-20 20:00:00,23.0,0,1142.9
2023-05-20 21:00:00,21.4,0,948.8
2023-05-20 22:00:00,23.1,0,972.6
2023-05-20 23:00:00,20.7,0,933.3
2023-05-21 00:00:00,20.5,0,776.0
2023-05-21 01:00:00,21.0,0,676.7
2023-05-21 02:00:00,25.0,0,792.9
2023-05-21 03:00:00,20.3,0,627.1
2023-05-21 04:00:00,23.7,0,654.2
2023-05-21 05:00:00,23.5,0,807.9
2023-05-21 06:00:00,28.3,0,1141.9
2023-05-21 07:00:00,25.3,0,990.1
2023-05-21 08:00:00,35.3,0,2152.4
2023-05-21 09:00:00,32.1,0,1727.7
2023-05-21 10:00:00,27.5,0,1279.8
2023-05-21 11:00:00,28.8,0,1400.2
2023-05-21 12:00:00,29.1,0,1271.9
2023-05-21 13:00:00,32.5,0,1587.4
2023-05-21 14:00:00,31.0,0,1421.8
2023-05-21 15:00:00,31.9,0,1556.3
2023-05-21 16:00:00,30.6,0,1557.2
2023-05-21 17:00:00,28.7,0,1386.7
2023-05-21 18:00:00,25.8,0,1160.6
2023-05-21 19:00:00,25.8,0,1187.9
2023-05-21 20:00:00,24.0,0,1214.3
2023-05-21 21:00:00,23.0,0,1011.6
2023-05-21 22:00:00,24.7,0,1075.6
2023-05-21 23:00:00,20.2,0,823.6
2023-05-22 00:00:00,22.3,0,758.2
2023-05-22 01:00:00,18.8,0,701.6
2023-05-22 02:00:00,22.5,0,653.7
2023-05-22 03:00:00,23.0,0,716.0
2023-05-22 04:00:00,21.4,0,745.2
2023-05-22 05:00:00,23.6,0,799.8
2023-05-22 06:00:00,28.4,0,1145.9
2023-05-22 07:00:00,30.4,0,1421.9
2023-05-22 08:00:00,26.3,0,1167.7
2023-05-22 09:00:00,30.2,0,1516.6
2023-05-22 10:00:00,28.2,0,1380.5
2023-05-22 11:00:00,30.7,0,1533.1
2023-05-22 12:00:00,30.7,0,1491.9
2023-05-22 13:00:00,32.4,0,1582.7
2023-05-22 14:00:00,30.8,0,1528.1
2023-05-22 15:00:00,30.0,0,1432.6
2023-05-22 16:00:00,27.4,0,1196.6
2023-05-22 17:00:00,27.5,0,1293.3
2023-05-22 18:00:00,22.3,0,1032.9
2023-05-22 19:00:00,25.4,0,1288.0
2023-05-22 20:00:00,25.2,0,1164.6
2023-05-22 21:00:00,23.1,0,970.2
2023-05-22 22:00:00,20.6,0,937.8
2023-05-22 23:00:00,20.2,0,864.6
2023-05-23 00:00:00,21.5,0,700.8
2023-05-23 01:00:00,23.3,0,643.1
2023-05-23 02:00:00,23.9,0,592.9
2023-05-23 03:00:00,20.7,0,532.7
2023-05-23 04:00:00,25.7,0,713.0
2023-05-23 05:00:00,23.1,0,602.8
2023-05-23 06:00:00,26.6,0,919.8
2023-05-23 07:00:00,26.5,0,990.1
2023-05-23 08:00:00,28.3,0,1144.6
2023-05-23 09:00:00,28.2,0,1118.6
2023-05-23 10:00:00,29.1,0,1235.4
2023-05-23 11:00:00,29.4,0,1263.7
2023-05-23 12:00:00,32.6,0,1526.9
2023-05-23 13:00:00,31.4,0,1404.5
2023-05-23 14:00:00,32.7,0,1617.1
2023-05-23 15:00:00,29.0,0,1077.6
2023-05-23 16:00:00,27.8,0,1190.1
2023-05-23 17:00:00,27.2,0,1169.9
2023-05-23 18:00:00,24.9,0,1015.4
2023-05-23 19:00:00,25.2,0,976.1
2023-05-23 20:00:00,23.1,0,885.7
2023-05-23 21:00:00,20.6,0,890.6
2023-05-23 22:00:00,23.6,0,801.6
2023-05-23 23:00:00,22.6,0,760.8
2023-05-24 00:00:00,14.4,0,728.5
2023-05-24 01:00:00,21.5,0,620.9
2023-05-24 02:00:00,23.8,0,553.5
2023-05-24 03:00:00,21.0,0,527.6
2023-05-24 04:00:00,28.2,0,950.4
2023-05-24 05:00:00,24.2,0,667.4
2023-05-24 06:00:00,28.7,0,1013.5
2023-05-24 07:00:00,29.9,0,1248.2
2023-05-24 08:00:00,28.4,0,1213.9
2023-05-24 09:00:00,31.6,0,1574.8
2023-05-24 10:00:00,33.7,0,1777.3
2023-05-24 11:00:00,30.1,0,1318.0
2023-05-24 12:00:00,29.5,0,1223.2
2023-05-24 13:00:00,29.6,0,1179.2
2023-05-24 14:00:00,32.7,0,1609.6
2023-05-24 15:00:00,30.5,0,1276.6
2023-05-24 16:00:00,30.7,0,1410.1
2023-05-24 17:00:00,28.9,0,1291.1
2023-05-24 18:00:00,25.1,0,1023.1
2023-05-24 19:00:00,25.8,0,1095.6
2023-05-24 20:00:00,25.3,0,1010.2
2023-05-24 21:00:00,23.6,0,920.9
2023-05-24 22:00:00,22.0,0,915.0
2023-05-24 23:00:00,17.8,0,712.3
2023-05-25 00:00:00,23.0,0,767.8
2023-05-25 01:00:00,21.7,0,827.5
2023-05-25 02:00:00,23.3,0,668.4
2023-05-25 03:00:00,27.1,0,994.6
2023-05-25 04:00:00,27.3,0,845.5
2023-05-25 05:00:00,26.8,0,949.9
2023-05-25 06:00:00,28.1,0,1150.8
2023-05-25 07:00:00,29.9,0,1377.9
2023-05-25 08:00:00,28.7,0,1393.6
2023-05-25 09:00:00,31.9,0,1708.5
2023-05-25 10:00:00,29.6,0,1446.4
2023-05-25 11:00:00,33.3,0,1850.1
2023-05-25 12:00:00,32.1,0,1670.2
2023-05-25 13:00:00,32.7,0,1567.7
2023-05-25 14:00:00,29.0,0,1347.0
2023-05-25 15:00:00,33.6,0,1825.3
2023-05-25 16:00:00,29.1,0,1277.0
2023-05-25 17:00:00,28.6,0,1369.3
2023-05-25 18:00:00,27.5,0,1409.3
2023-05-25 19:00:00,26.7,0,1333.6
2023-05-25 20:00:00,21.8,0,998.4
2023-05-25 21:00:00,21.8,0,1017.8
2023-05-25 22:00:00,24.4,0,1058.4
2023-05-25 23:00:00,23.6,0,1029.1
2023-05-26 00:00:00,22.5,0,682.4
2023-05-26 01:00:00,23.9,0,815.5
2023-05-26 02:00:00,22.9,0,797.5
2023-05-26 03:00:00,25.3,0,831.9
2023-05-26 04:00:00,26.5,0,983.6
2023-05-26 05:00:00,25.7,0,959.9
2023-05-26 06:00:00,31.6,0,1542.8
2023-05-26 07:00:00,31.9,0,1660.1
2023-05-26 08:00:00,30.5,0,1549.0
2023-05-26 09:00:00,31.0,0,1683.9
2023-05-26 10:00:00,28.2,0,1339.9
2023-05-26 11:00:00,31.3,0,1651.1
2023-05-26 12:00:00,30.3,0,1404.9
2023-05-26 13:00:00,33.3,0,1720.2
2023-05-26 14:00:00,31.1,0,1529.9
2023-05-26 15:00:00,31.6,0,1566.2
2023-05-26 16:00:00,30.5,0,1469.6
2023-05-26 17:00:00,28.7,0,1432.0
2023-05-26 18:00:00,28.8,0,1356.6
2023-05-26 19:00:00,29.1,0,1434.4
2023-05-26 20:00:00,24.7,0,1151.2
2023-05-26 21:00:00,24.1,0,1018.4
2023-05-26 22:00:00,21.2,0,984.6
2023-05-26 23:00:00,20.8,0,920.5
2023-05-27 00:00:00,21.9,0,732.9
2023-05-27 01:00:00,19.3,0,731.1
2023-05-27 02:00:00,21.4,0,746.4
2023-05-27 03:00:00,22.4,0,811.4
2023-05-27 04:00:00,26.2,0,884.4
2023-05-27 05:00:00,25.5,0,948.8
2023-05-27 06:00:00,29.0,0,1297.5
2023-05-27 07:00:00,33.5,0,1850.3
2023-05-27 08:00:00,30.8,0,1523.6
2023-05-27 09:00:00,28.3,0,1454.7
2023-05-27 10:00:00,31.4,0,1666.1
2023-05-27 11:00:00,33.5,0,1805.3
2023-05-27 12:00:00,28.9,0,1311.7
2023-05-27 13:00:00,31.9,0,1643.3
2023-05-27 14:00:00,28.6,0,1284.6
2023-05-27 15:00:00,31.9,0,1709.2
2023-05-27 16:00:00,29.6,0,1539.2
2023-05-27 17:00:00,29.3,0,1477.6
2023-05-27 18:00:00,28.4,0,1415.8
2023-05-27 19:00:00,25.0,0,1220.6
2023-05-27 20:00:00,22.4,0,1077.8
2023-05-27 21:00:00,21.1,0,1082.0
2023-05-27 22:00:00,23.9,0,1033.9
2023-05-27 23:00:00,22.5,0,939.2
2023-05-28 00:00:00,22.1,0,698.3
2023-05-28 01:00:00,22.5,0,773.3
2023-05-28 02:00:00,22.3,0,734.7
2023-05-28 03:00:00,24.6,0,800.9
2023-05-28 04:00:00,25.2,0,876.7
2023-05-28 05:00:00,25.5,0,982.4
2023-05-28 06:00:00,28.0,0,1129.4
2023-05-28 07:00:00,28.1,0,1236.6
2023-05-28 08:00:00,30.1,0,1451.6
2023-05-28 09:00:00,31.2,0,1654.2
2023-05-28 10:00:00,31.9,0,1701.5
2023-05-28 11:00:00,33.7,0,1925.5
2023-05-28 12:00:00,34.0,0,1883.1
2023-05-28 13:00:00,29.4,0,1400.5
2023-05-28 14:00:00,31.9,0,1564.4
2023-05-28 15:00:00,33.7,0,1827.8
2023-05-28 16:00:00,31.4,0,1591.1
2023-05-28 17:00:00,28.6,0,1376.4
2023-05-28 18:00:00,27.8,0,1374.9
2023-05-28 19:00:00,24.6,0,1158.2
2023-05-28 20:00:00,27.7,0,1443.9
2023-05-28 21:00:00,22.0,0,1037.7
2023-05-28 22:00:00,21.4,0,918.5
2023-05-28 23:00:00,24.9,0,1112.5
2023-05-29 00:00:00,21.1,0,809.2
2023-05-29 01:00:00,23.9,0,848.9
2023-05-29 02:00:00,18.8,0,728.8
2023-05-29 03:00:00,24.3,0,781.7
2023-05-29 04:00:00,25.6,0,919.1
2023-05-29 05:00:00,28.0,0,1042.6
2023-05-29 06:00:00,26.1,0,1051.2
2023-05-29 07:00:00,26.4,0,1163.0
2023-05-29 08:00:00,28.5,0,1332.8
2023-05-29 09:00:00,30.3,0,1511.0
2023-05-29 10:00:00,28.5,0,1442.7
2023-05-29 11:00:00,29.9,0,1482.4
2023-05-29 12:00:00,34.1,0,1996.1
2023-05-29 13:00:00,32.2,0,1720.3
2023-05-29 14:00:00,31.6,0,1690.9
2023-05-29 15:00:00,31.7,0,1660.6
2023-05-29 16:00:00,32.3,0,1688.7
2023-05-29 17:00:00,28.8,0,1456.4
2023-05-29 18:00:00,27.4,0,1432.1
2023-05-29 19:00:00,27.5,0,1339.0
2023-05-29 20:00:00,27.1,0,1288.7
2023-05-29 21:00:00,29.2,0,1543.8
2023-05-29 22:00:00,26.1,0,1112.2
2023-05-29 23:00:00,22.4,0,905.0
2023-05-30 00:00:00,23.9,0,872.4
2023-05-30 01:00:00,22.6,0,700.9
2023-05-30 02:00:00,23.0,0,556.5
2023-05-30 03:00:00,26.2,0,837.9
2023-05-30 04:00:00,24.4,0,719.8
2023-05-30 05:00:00,24.8,0,803.5
2023-05-30 06:00:00,26.0,0,846.6
2023-05-30 07:00:00,28.9,0,1211.2
2023-05-30 08:00:00,31.5,0,1595.7
2023-05-30 09:00:00,34.9,0,1955.0
2023-05-30 10:00:00,30.5,0,1470.8
2023-05-30 11:00:00,35.9,0,1986.7
2023-05-30 12:00:00,34.6,0,1873.7
2023-05-30 13:00:00,33.5,0,1641.1
2023-05-30 14:00:00,32.0,0,1505.1
2023-05-30 15:00:00,29.3,0,1275.1
2023-05-30 16:00:00,29.6,0,1266.4
2023-05-30 17:00:00,30.4,0,1459.5
2023-05-30 18:00:00,26.2,0,1088.9
2023-05-30 19:00:00,28.8,0,1328.3
2023-05-30 20:00:00,24.0,0,971.3
2023-05-30 21:00:00,25.2,0,981.4
2023-05-30 22:00:00,23.6,0,979.6
2023-05-30 23:00:00,24.0,0,813.8
2023-05-31 00:00:00,20.5,0,691.4
2023-05-31 01:00:00,21.5,0,616.2
2023-05-31 02:00:00,26.4,0,817.2
2023-05-31 03:00:00,27.1,0,783.5
2023-05-31 04:00:00,24.6,0,689.7
2023-05-31 05:00:00,28.0,0,997.5
2023-05-31 06:00:00,24.7,0,860.4
2023-05-31 07:00:00,27.5,0,1092.5
2023-05-31 08:00:00,29.1,0,1275.6
2023-05-31 09:00:00,31.3,0,1504.5
2023-05-31 10:00:00,32.7,0,1699.6
2023-05-31 11:00:00,32.8,0,1635.7
2023-05-31 12:00:00,30.0,0,1348.9
2023-05-31 13:00:00,29.9,0,1203.9
2023-05-31 14:00:00,33.4,0,1649.4
2023-05-31 15:00:00,30.0,0,1329.1
2023-05-31 16:00:00,27.3,0,1044.9
2023-05-31 17:00:00,27.0,0,1197.9
2023-05-31 18:00:00,28.5,0,1318.3
2023-05-31 19:00:00,30.1,0,1557.1
2023-05-31 20:00:00,25.2,0,1110.4
2023-05-31 21:00:00,21.1,0,878.0
2023-05-31 22:00:00,25.3,0,940.5
2023-05-31 23:00:00,22.5,0,828.3
2023-06-01 00:00:00,20.8,0,910.6
2023-06-01 01:00:00,26.0,0,986.0
2023-06-01 02:00:00,22.0,0,756.8
2023-06-01 03:00:00,24.1,0,782.9
2023-06-01 04:00:00,22.4,0,775.2
2023-06-01 05:00:00,26.0,0,1123.3
2023-06-01 06:00:00,28.2,0,1249.2
2023-06-01 07:00:00,31.8,0,1677.7
2023-06-01 08:00:00,30.0,0,1577.8
2023-06-01 09:00:00,29.1,0,1460.3
2023-06-01 10:00:00,31.9,0,1787.0
2023-06-01 11:00:00,32.0,0,1730.7
2023-06-01 12:00:00,34.9,0,2087.3
2023-06-01 13:00:00,35.3,0,2066.0
2023-06-01 14:00:00,27.5,0,1198.3
2023-06-01 15:00:00,32.0,0,1746.0
2023-06-01 16:00:00,34.2,0,2016.2
2023-06-01 17:00:00,31.3,0,1715.9
2023-06-01 18:00:00,24.2,0,1139.6
2023-06-01 19:00:00,32.2,0,1874.5
2023-06-01 20:00:00,23.2,0,1123.4
2023-06-01 21:00:00,20.5,0,1096.2
2023-06-01 22:00:00,22.0,0,1118.2
2023-06-01 23:00:00,21.9,0,925.3
2023-06-02 00:00:00,23.2,0,887.1
2023-06-02 01:00:00,20.5,0,763.3
2023-06-02 02:00:00,27.1,0,994.0
2023-06-02 03:00:00,25.9,0,871.2
2023-06-02 04:00:00,28.2,0,1145.2
2023-06-02 05:00:00,25.9,0,981.9
2023-06-02 06:00:00,29.1,0,1326.4
2023-06-02 07:00:00,29.2,0,1409.6
2023-06-02 08:00:00,31.0,0,1616.1
2023-06-02 09:00:00,36.1,0,2371.5
2023-06-02 10:00:00,33.9,0,1970.2
2023-06-02 11:00:00,33.3,0,1954.7
2023-06-02 12:00:00,33.2,0,1834.4
2023-06-02 13:00:00,32.4,0,1652.4
2023-06-02 14:00:00,29.4,0,1400.2
2023-06-02 15:00:00,31.7,0,1593.4
2023-06-02 16:00:00,29.9,0,1521.3
2023-06-02 17:00:00,30.3,0,1631.3
2023-06-02 18:00:00,30.3,0,1629.5
2023-06-02 19:00:00,27.6,0,1398.6
2023-06-02 20:00:00,24.5,0,1180.5
2023-06-02 21:00:00,25.2,0,1222.4
2023-06-02 22:00:00,25.9,0,1210.6
2023-06-02 23:00:00,21.1,0,953.5
2023-06-03 00:00:00,23.0,0,865.9
2023-06-03 01:00:00,23.0,0,845.9
2023-06-03 02:00:00,20.8,0,761.3
2023-06-03 03:00:00,23.9,0,739.3
2023-06-03 04:00:00,23.5,0,787.8
2023-06-03 05:00:00,26.3,0,968.7
2023-06-03 06:00:00,30.3,0,1342.5
2023-06-03 07:00:00,34.0,0,1861.3
2023-06-03 08:00:00,27.8,0,1327.1
2023-06-03 09:00:00,32.3,0,1751.6
2023-06-03 10:00:00,30.1,0,1535.1
2023-06-03 11:00:00,32.7,0,1816.5
2023-06-03 12:00:00,39.3,0,2719.1
2023-06-03 13:00:00,34.8,0,2005.0
2023-06-03 14:00:00,32.3,0,1647.8
2023-06-03 15:00:00,33.3,0,1889.0
2023-06-03 16:00:00,32.5,0,1766.3
2023-06-03 17:00:00,29.8,0,1540.3
2023-06-03 18:00:00,24.5,0,1223.8
2023-06-03 19:00:00,25.5,0,1290.2
2023-06-03 20:00:00,25.2,0,1223.3
2023-06-03 21:00:00,25.3,0,1223.9
2023-06-03 22:00:00,25.9,0,1071.4
2023-06-03 23:00:00,26.0,0,1136.2
2023-06-04 00:00:00,23.6,0,897.8
2023-06-04 01:00:00,23.4,0,790.2
2023-06-04 02:00:00,25.1,0,836.9
2023-06-04 03:00:00,25.2,0,862.7
2023-06-04 04:00:00,27.4,0,1049.7
2023-06-04 05:00:00,24.4,0,968.5
2023-06-04 06:00:00,26.8,0,1120.9
2023-06-04 07:00:00,31.5,0,1575.2
2023-06-04 08:00:00,28.5,0,1349.1
2023-06-04 09:00:00,30.5,0,1686.9
2023-06-04 10:00:00,32.8,0,1866.3
2023-06-04 11:00:00,32.4,0,1793.8
2023-06-04 12:00:00,32.1,0,1619.6
2023-06-04 13:00:00,34.1,0,1903.0
2023-06-04 14:00:00,35.6,0,2109.1
2023-06-04 15:00:00,32.0,0,1719.2
2023-06-04 16:00:00,34.7,0,2138.6
2023-06-04 17:00:00,31.8,0,1734.8
2023-06-04 18:00:00,26.6,0,1310.4
2023-06-04 19:00:00,27.9,0,1343.4
2023-06-04 20:00:00,26.7,0,1376.7
2023-06-04 21:00:00,28.0,0,1393.9
2023-06-04 22:00:00,26.6,0,1215.2
2023-06-04 23:00:00,25.0,0,1072.5
2023-06-05 00:00:00,26.8,0,1088.9
2023-06-05 01:00:00,24.0,0,822.8
2023-06-05 02:00:00,26.8,0,857.3
2023-06-05 03:00:00,26.6,0,886.8
2023-06-05 04:00:00,29.4,0,1190.6
2023-06-05 05:00:00,29.6,0,1185.5
2023-06-05 06:00:00,31.9,0,1623.4
2023-06-05 07:00:00,29.2,0,1436.2
2023-06-05 08:00:00,32.7,0,1800.8
2023-06-05 09:00:00,29.8,0,1616.9
2023-06-05 10:00:00,31.1,0,1681.0
2023-06-05 11:00:00,33.0,0,1846.6
2023-06-05 12:00:00,33.3,0,1833.4
2023-06-05 13:00:00,35.8,0,2201.5
2023-06-05 14:00:00,33.4,0,1896.8
2023-06-05 15:00:00,31.0,0,1575.7
2023-06-05 16:00:00,29.8,0,1515.3
2023-06-05 17:00:00,30.3,0,1624.4
2023-06-05 18:00:00,31.4,0,1778.9
2023-06-05 19:00:00,26.8,0,1317.5
2023-06-05 20:00:00,26.4,0,1292.6
2023-06-05 21:00:00,25.1,0,1317.1
2023-06-05 22:00:00,24.4,0,1214.0
2023-06-05 23:00:00,24.6,0,1014.5
2023-06-06 00:00:00,22.2,0,749.1
2023-06-06 01:00:00,24.9,0,778.0
2023-06-06 02:00:00,24.7,0,578.3
2023-06-06 03:00:00,25.5,0,710.5
2023-06-06 04:00:00,25.9,0,757.1
2023-06-06 05:00:00,26.5,0,785.1
2023-06-06 06:00:00,26.5,0,935.5
2023-06-06 07:00:00,28.2,0,1214.7
2023-06-06 08:00:00,34.8,0,1942.8
2023-06-06 09:00:00,35.9,0,2191.8
2023-06-06 10:00:00,35.7,0,2122.6
2023-06-06 11:00:00,30.8,0,1352.0
2023-06-06 12:00:00,35.8,0,2020.4
2023-06-06 13:00:00,31.5,0,1478.2
2023-06-06 14:00:00,35.3,0,2009.7
2023-06-06 15:00:00,35.6,0,2134.3
2023-06-06 16:00:00,29.1,0,1327.2
2023-06-06 17:00:00,31.0,0,1572.6
2023-06-06 18:00:00,30.3,0,1468.1
2023-06-06 19:00:00,27.7,0,1300.5
2023-06-06 20:00:00,25.1,0,1092.0
2023-06-06 21:00:00,26.1,0,1100.6
2023-06-06 22:00:00,21.4,0,816.5
2023-06-06 23:00:00,27.8,0,1057.0
2023-06-07 00:00:00,24.3,0,772.9
2023-06-07 01:00:00,21.8,0,635.2
2023-06-07 02:00:00,26.3,0,715.5
2023-06-07 03:00:00,24.7,0,698.8
2023-06-07 04:00:00,26.3,0,815.4
2023-06-07 05:00:00,30.1,0,1188.9
2023-06-07 06:00:00,29.4,0,1067.2
2023-06-07 07:00:00,28.6,0,1202.0
2023-06-07 08:00:00,30.3,0,1367.3
2023-06-07 09:00:00,33.2,0,1802.0
2023-06-07 10:00:00,33.4,0,1763.7
2023-06-07 11:00:00,34.9,0,2014.9
2023-06-07 12:00:00,36.4,0,2174.5
2023-06-07 13:00:00,33.6,0,1786.7
2023-06-07 14:00:00,35.7,0,2046.6
2023-06-07 15:00:00,31.4,0,1389.8
2023-06-07 16:00:00,28.1,0,1088.0
2023-06-07 17:00:00,26.3,0,1144.6
2023-06-07 18:00:00,28.9,0,1300.5
2023-06-07 19:00:00,25.5,0,1021.4
2023-06-07 20:00:00,24.4,0,1008.4
2023-06-07 21:00:00,24.6,0,987.9
2023-06-07 22:00:00,29.8,0,1303.7
2023-06-07 23:00:00,25.9,0,973.1
2023-06-08 00:00:00,19.7,0,917.0
2023-06-08 01:00:00,27.2,0,1048.0
2023-06-08 02:00:00,25.1,0,868.0
2023-06-08 03:00:00,26.6,0,993.2
2023-06-08 04:00:00,25.9,0,964.4
2023-06-08 05:00:00,27.5,0,1110.4
2023-06-08 06:00:00,26.9,0,1115.9
2023-06-08 07:00:00,27.9,0,1375.4
2023-06-08 08:00:00,31.6,0,1728.3
2023-06-08 09:00:00,32.5,0,1877.0
2023-06-08 10:00:00,28.6,0,1370.6
2023-06-08 11:00:00,32.9,0,1808.5
2023-06-08 12:00:00,31.1,0,1532.7
2023-06-08 13:00:00,34.3,0,2020.2
2023-06-08 14:00:00,31.5,0,1598.2
2023-06-08 15:00:00,33.1,0,1864.1
2023-06-08 16:00:00,29.0,0,1402.8
2023-06-08 17:00:00,33.1,0,1967.3
2023-06-08 18:00:00,29.7,0,1550.4
2023-06-08 19:00:00,26.2,0,1430.4
2023-06-08 20:00:00,25.9,0,1309.5
2023-06-08 21:00:00,27.5,0,1301.2
2023-06-08 22:00:00,24.8,0,1117.1
2023-06-08 23:00:00,23.5,0,952.6
2023-06-09 00:00:00,26.1,0,1000.5
2023-06-09 01:00:00,23.6,0,799.4
2023-06-09 02:00:00,26.3,0,952.6
2023-06-09 03:00:00,23.0,0,829.3
2023-06-09 04:00:00,28.6,0,1079.4
2023-06-09 05:00:00,26.5,0,1036.0
2023-06-09 06:00:00,30.6,0,1470.7
2023-06-09 07:00:00,29.4,0,1421.8
2023-06-09 08:00:00,26.1,0,1228.3
2023-06-09 09:00:00,31.9,0,1801.2
2023-06-09 10:00:00,38.0,0,2708.2
2023-06-09 11:00:00,32.8,0,1771.4
2023-06-09 12:00:00,33.9,0,1972.7
2023-06-09 13:00:00,32.1,0,1690.4
2023-06-09 14:00:00,34.2,0,1968.3
2023-06-09 15:00:00,30.9,0,1593.2
2023-06-09 16:00:00,33.0,0,1863.6
2023-06-09 17:00:00,30.5,0,1712.6
2023-06-09 18:00:00,27.5,0,1358.7
2023-06-09 19:00:00,25.2,0,1305.7
2023-06-09 20:00:00,31.3,0,1718.4
2023-06-09 21:00:00,22.0,0,1144.4
2023-06-09 22:00:00,26.9,0,1355.5
2023-06-09 23:00:00,22.7,0,1072.7
2023-06-10 00:00:00,22.8,0,919.7
2023-06-10 01:00:00,20.7,0,770.9
2023-06-10 02:00:00,22.6,0,718.1
2023-06-10 03:00:00,20.6,0,767.1
2023-06-10 04:00:00,28.0,0,1090.4
2023-06-10 05:00:00,25.3,0,983.6
2023-06-10 06:00:00,28.1,0,1284.6
2023-06-10 07:00:00,28.6,0,1393.3
2023-06-10 08:00:00,31.0,0,1623.4
2023-06-10 09:00:00,32.1,0,1821.3
2023-06-10 10:00:00,32.1,0,1821.0
2023-06-10 11:00:00,34.8,0,2093.9
2023-06-10 12:00:00,33.4,0,1844.6
2023-06-10 13:00:00,32.4,0,1736.2
2023-06-10 14:00:00,33.9,0,1859.9
2023-06-10 15:00:00,32.1,0,1663.3
2023-06-10 16:00:00,31.6,0,1684.5
2023-06-10 17:00:00,29.4,0,1551.1
2023-06-10 18:00:00,28.9,0,1583.9
2023-06-10 19:00:00,28.1,0,1488.6
2023-06-10 20:00:00,23.2,0,1097.6
2023-06-10 21:00:00,28.9,0,1631.8
2023-06-10 22:00:00,22.5,0,1082.4
2023-06-10 23:00:00,25.1,0,1126.1
2023-06-11 00:00:00,24.3,0,961.8
2023-06-11 01:00:00,26.4,0,1054.8
2023-06-11 02:00:00,27.8,0,983.6
2023-06-11 03:00:00,26.7,0,1056.8
2023-06-11 04:00:00,25.3,0,973.1
2023-06-11 05:00:00,29.7,0,1242.3
2023-06-11 06:00:00,27.1,0,1246.7
2023-06-11 07:00:00,29.6,0,1501.9
2023-06-11 08:00:00,30.7,0,1657.0
2023-06-11 09:00:00,38.4,0,2830.0
2023-06-11 10:00:00,32.6,0,2002.6
2023-06-11 11:00:00,35.0,0,2141.2
2023-06-11 12:00:00,36.9,0,2432.8
2023-06-11 13:00:00,36.2,0,2304.4
2023-06-11 14:00:00,35.9,0,2231.8
2023-06-11 15:00:00,32.9,0,1891.5
2023-06-11 16:00:00,28.5,0,1334.3
2023-06-11 17:00:00,31.1,0,1710.0
2023-06-11 18:00:00,25.1,0,1334.2
2023-06-11 19:00:00,27.9,0,1473.0
2023-06-11 20:00:00,26.8,0,1336.8
2023-06-11 21:00:00,25.3,0,1292.1
2023-06-11 22:00:00,23.1,0,1061.9
2023-06-11 23:00:00,23.2,0,1032.4
2023-06-12 00:00:00,26.8,0,1037.4
2023-06-12 01:00:00,24.5,0,896.5
2023-06-12 02:00:00,27.3,0,1134.6
2023-06-12 03:00:00,24.0,0,814.8
2023-06-12 04:00:00,25.9,0,944.5
2023-06-12 05:00:00,27.4,0,1095.8
2023-06-12 06:00:00,25.6,0,1035.3
2023-06-12 07:00:00,32.5,0,1667.8
2023-06-12 08:00:00,33.1,0,1976.8
2023-06-12 09:00:00,33.6,0,2030.4
2023-06-12 10:00:00,33.9,0,2076.6
2023-06-12 11:00:00,33.0,0,1903.5
2023-06-12 12:00:00,33.4,0,1870.2
2023-06-12 13:00:00,32.9,0,1841.8
2023-06-12 14:00:00,35.4,0,2229.4
2023-06-12 15:00:00,33.1,0,1936.1
2023-06-12 16:00:00,30.8,0,1688.6
2023-06-12 17:00:00,29.8,0,1584.3
2023-06-12 18:00:00,26.8,0,1413.4
2023-06-12 19:00:00,27.2,0,1489.0
2023-06-12 20:00:00,28.7,0,1529.9
2023-06-12 21:00:00,26.3,0,1340.6
2023-06-12 22:00:00,25.2,0,1226.5
2023-06-12 23:00:00,25.1,0,1094.0
2023-06-13 00:00:00,25.1,0,806.3
2023-06-13 01:00:00,20.8,0,636.4
2023-06-13 02:00:00,25.7,0,847.0
2023-06-13 03:00:00,25.7,0,750.7
2023-06-13 04:00:00,25.6,0,824.4
2023-06-13 05:00:00,27.0,0,944.7
2023-06-13 06:00:00,29.3,0,1272.5
2023-06-13 07:00:00,27.9,0,1173.0
2023-06-13 08:00:00,33.3,0,1787.2
2023-06-13 09:00:00,36.4,0,2300.2
2023-06-13 10:00:00,28.6,0,1341.4
2023-06-13 11:00:00,36.5,0,2237.8
2023-06-13 12:00:00,35.0,0,1957.1
2023-06-13 13:00:00,32.9,0,1706.8
2023-06-13 14:00:00,31.7,0,1592.8
2023-06-13 15:00:00,32.2,0,1681.6
2023-06-13 16:00:00,32.1,0,1631.4
2023-06-13 17:00:00,30.4,0,1483.2
2023-06-13 18:00:00,31.9,0,1686.3
2023-06-13 19:00:00,27.6,0,1301.0
2023-06-13 20:00:00,25.0,0,1139.7
2023-06-13 21:00:00,24.7,0,1099.1
2023-06-13 22:00:00,21.7,0,938.3
2023-06-13 23:00:00,27.9,0,1157.4
2023-06-14 00:00:00,22.3,0,710.6
2023-06-14 01:00:00,24.1,0,717.7
2023-06-14 02:00:00,26.6,0,792.2
2023-06-14 03:00:00,25.6,0,842.2
2023-06-14 04:00:00,28.5,0,930.3
2023-06-14 05:00:00,28.8,0,1081.8
2023-06-14 06:00:00,28.1,0,1077.9
2023-06-14 07:00:00,30.3,0,1392.7
2023-06-14 08:00:00,31.6,0,1600.0
2023-06-14 09:00:00,34.5,0,1978.8
2023-06-14 10:00:00,36.4,0,2351.7
2023-06-14 11:00:00,34.5,0,1916.3
2023-06-14 12:00:00,35.0,0,1976.1
2023-06-14 13:00:00,34.5,0,1898.8
2023-06-14 14:00:00,33.1,0,1683.8
2023-06-14 15:00:00,33.0,0,1629.5
2023-06-14 16:00:00,31.0,0,1502.3
2023-06-14 17:00:00,28.1,0,1228.5
2023-06-14 18:00:00,28.1,0,1393.0
2023-06-14 19:00:00,28.6,0,1375.4
2023-06-14 20:00:00,32.8,0,1880.0
2023-06-14 21:00:00,25.7,0,1010.8
2023-06-14 22:00:00,22.7,0,924.3
2023-06-14 23:00:00,26.1,0,1073.4
2023-06-15 00:00:00,27.4,0,1151.6
2023-06-15 01:00:00,24.2,0,893.6
2023-06-15 02:00:00,22.6,0,950.0
2023-06-15 03:00:00,26.2,0,927.8
2023-06-15 04:00:00,26.9,0,1047.2
2023-06-15 05:00:00,26.3,0,1029.4
2023-06-15 06:00:00,24.9,0,1102.0
2023-06-15 07:00:00,31.1,0,1599.8
2023-06-15 08:00:00,28.6,0,1488.6
2023-06-15 09:00:00,34.1,0,2172.2
2023-06-15 10:00:00,33.2,0,1995.6
2023-06-15 11:00:00,31.3,0,1684.1
2023-06-15 12:00:00,33.2,0,1929.8
2023-06-15 13:00:00,31.7,0,1677.5
2023-06-15 14:00:00,34.7,0,1999.6
2023-06-15 15:00:00,30.9,0,1630.9
2023-06-15 16:00:00,34.2,0,2065.0
2023-06-15 17:00:00,29.7,0,1500.9
2023-06-15 18:00:00,31.4,0,1735.2
2023-06-15 19:00:00,29.6,0,1684.7
2023-06-15 20:00:00,27.1,0,1428.5
2023-06-15 21:00:00,22.9,0,1230.4
2023-06-15 22:00:00,21.9,0,1064.9
2023-06-15 23:00:00,28.7,0,1416.1
2023-06-16 00:00:00,25.0,0,1096.0
2023-06-16 01:00:00,23.1,0,859.1
2023-06-16 02:00:00,28.0,0,1067.5
2023-06-16 03:00:00,27.0,0,1003.7
2023-06-16 04:00:00,27.1,0,1014.8
2023-06-16 05:00:00,27.7,0,1152.7
2023-06-16 06:00:00,30.9,0,1560.1
2023-06-16 07:00:00,31.9,0,1739.4
2023-06-16 08:00:00,33.1,0,1882.7
2023-06-16 09:00:00,35.0,0,2256.7
2023-06-16 10:00:00,32.0,0,1742.7
2023-06-16 11:00:00,35.4,0,2235.1
2023-06-16 12:00:00,32.7,0,1863.4
2023-06-16 13:00:00,35.4,0,2239.6
2023-06-16 14:00:00,37.5,0,2522.8
2023-06-16 15:00:00,34.7,0,2088.8
2023-06-16 16:00:00,31.1,0,1713.9
2023-06-16 17:00:00,35.6,0,2395.0
2023-06-16 18:00:00,32.6,0,1954.6
2023-06-16 19:00:00,28.4,0,1612.3
2023-06-16 20:00:00,27.7,0,1568.9
2023-06-16 21:00:00,26.6,0,1433.5
2023-06-16 22:00:00,25.9,0,1227.7
2023-06-16 23:00:00,27.5,0,1283.3
2023-06-17 00:00:00,22.8,0,939.5
2023-06-17 01:00:00,26.0,0,1014.5
2023-06-17 02:00:00,25.1,0,938.9
2023-06-17 03:00:00,28.2,0,1081.3
2023-06-17 04:00:00,28.4,0,1126.3
2023-06-17 05:00:00,29.0,0,1315.7
2023-06-17 06:00:00,28.4,0,1363.4
2023-06-17 07:00:00,27.7,0,1357.3
2023-06-17 08:00:00,36.6,0,2491.1
2023-06-17 09:00:00,32.7,0,2048.7
2023-06-17 10:00:00,32.0,0,1855.0
2023-06-17 11:00:00,33.3,0,1887.6
2023-06-17 12:00:00,35.6,0,2345.9
2023-06-17 13:00:00,34.8,0,2089.9
2023-06-17 14:00:00,33.1,0,1932.2
2023-06-17 15:00:00,34.3,0,2141.0
2023-06-17 16:00:00,33.3,0,1945.4
2023-06-17 17:00:00,33.8,0,2038.5
2023-06-17 18:00:00,31.4,0,1870.4
2023-06-17 19:00:00,24.9,0,1278.8
2023-06-17 20:00:00,26.9,0,1405.6
2023-06-17 21:00:00,24.4,0,1208.2
2023-06-17 22:00:00,26.5,0,1316.3
2023-06-17 23:00:00,22.3,0,1047.9
2023-06-18 00:00:00,24.2,0,936.8
2023-06-18 01:00:00,27.3,0,1060.2
2023-06-18 02:00:00,25.4,0,804.6
2023-06-18 03:00:00,29.8,0,1219.6
2023-06-18 04:00:00,24.8,0,969.1
2023-06-18 05:00:00,30.0,0,1367.2
2023-06-18 06:00:00,31.7,0,1665.7
2023-06-18 07:00:00,35.9,0,2300.6
2023-06-18 08:00:00,34.1,0,2144.6
2023-06-18 09:00:00,33.4,0,2068.7
2023-06-18 10:00:00,34.0,0,1953.0
2023-06-18 11:00:00,35.6,0,2288.5
2023-06-18 12:00:00,36.4,0,2394.0
2023-06-18 13:00:00,33.0,0,1778.5
2023-06-18 14:00:00,35.2,0,2162.0
2023-06-18 15:00:00,31.1,0,1689.2
2023-06-18 16:00:00,33.8,0,2074.7
2023-06-18 17:00:00,30.4,0,1727.5
2023-06-18 18:00:00,28.5,0,1365.0
2023-06-18 19:00:00,28.7,0,1571.2
2023-06-18 20:00:00,27.0,0,1465.5
2023-06-18 21:00:00,28.8,0,1403.8
2023-06-18 22:00:00,24.8,0,1089.6
2023-06-18 23:00:00,24.0,0,1071.2
2023-06-19 00:00:00,21.7,0,949.1
2023-06-19 01:00:00,25.2,0,1044.6
2023-06-19 02:00:00,23.3,0,811.3
2023-06-19 03:00:00,24.5,0,864.9
2023-06-19 04:00:00,24.6,0,925.6
2023-06-19 05:00:00,34.1,0,1922.7
2023-06-19 06:00:00,29.2,0,1394.0
2023-06-19 07:00:00,30.9,0,1693.6
2023-06-19 08:00:00,29.3,0,1545.5
2023-06-19 09:00:00,33.0,0,1988.8
2023-06-19 10:00:00,32.9,0,1901.9
2023-06-19 11:00:00,39.0,0,2772.6
2023-06-19 12:00:00,32.9,0,1914.1
2023-06-19 13:00:00,33.4,0,1924.5
2023-06-19 14:00:00,33.7,0,2049.7
2023-06-19 15:00:00,32.5,0,1806.5
2023-06-19 16:00:00,34.9,0,2263.3
2023-06-19 17:00:00,29.8,0,1564.9
2023-06-19 18:00:00,31.3,0,1844.8
2023-06-19 19:00:00,26.7,0,1330.9
2023-06-19 20:00:00,25.0,0,1390.9
2023-06-19 21:00:00,25.0,0,1278.0
2023-06-19 22:00:00,31.5,0,1826.1
2023-06-19 23:00:00,25.7,0,1261.2
2023-06-20 00:00:00,24.0,0,732.1
2023-06-20 01:00:00,25.1,0,788.7
2023-06-20 02:00:00,29.1,0,1069.7
2023-06-20 03:00:00,24.6,0,693.6
2023-06-20 04:00:00,25.6,0,803.9
2023-06-20 05:00:00,27.8,0,955.6
2023-06-20 06:00:00,31.5,0,1509.9
2023-06-20 07:00:00,33.6,0,1805.3
2023-06-20 08:00:00,33.6,0,1914.9
2023-06-20 09:00:00,33.4,0,1895.7
2023-06-20 10:00:00,36.2,0,2302.5
2023-06-20 11:00:00,35.0,0,2066.8
2023-06-20 12:00:00,35.2,0,2030.0
2023-06-20 13:00:00,37.7,0,2456.1
2023-06-20 14:00:00,34.5,0,1983.6
2023-06-20 15:00:00,33.6,0,1841.3
2023-06-20 16:00:00,35.4,0,2086.6
2023-06-20 17:00:00,30.8,0,1620.1
2023-06-20 18:00:00,26.3,0,1096.1
2023-06-20 19:00:00,26.7,0,1256.3
2023-06-20 20:00:00,21.8,0,1012.6
2023-06-20 21:00:00,26.3,0,1263.5
2023-06-20 22:00:00,25.7,0,1113.1
2023-06-20 23:00:00,23.4,0,972.6
2023-06-21 00:00:00,25.6,0,962.4
2023-06-21 01:00:00,24.6,0,848.7
2023-06-21 02:00:00,24.3,0,815.6
2023-06-21 03:00:00,29.1,0,1129.2
2023-06-21 04:00:00,27.0,0,879.9
2023-06-21 05:00:00,30.3,0,1302.1
2023-06-21 06:00:00,25.5,0,1034.7
2023-06-21 07:00:00,32.7,0,1799.1
2023-06-21 08:00:00,31.6,0,1549.0
2023-06-21 09:00:00,34.8,0,2071.9
2023-06-21 10:00:00,36.1,0,2320.7
2023-06-21 11:00:00,33.8,0,1874.5
2023-06-21 12:00:00,34.5,0,1906.9
2023-06-21 13:00:00,33.9,0,1887.0
2023-06-21 14:00:00,34.0,0,1806.4
2023-06-21 15:00:00,33.7,0,1782.7
2023-06-21 16:00:00,28.3,0,1317.9
2023-06-21 17:00:00,31.7,0,1736.0
2023-06-21 18:00:00,27.9,0,1368.7
2023-06-21 19:00:00,27.7,0,1389.2
2023-06-21 20:00:00,28.9,0,1508.6
2023-06-21 21:00:00,24.5,0,1049.9
2023-06-21 22:00:00,27.1,0,1186.4
2023-06-21 23:00:00,27.3,0,1231.4
2023-06-22 00:00:00,25.2,0,950.8
2023-06-22 01:00:00,28.0,0,1298.6
2023-06-22 02:00:00,28.0,0,1157.2
2023-06-22 03:00:00,25.5,0,974.7
2023-06-22 04:00:00,24.2,0,948.0
2023-06-22 05:00:00,29.2,0,1220.6
2023-06-22 06:00:00,28.9,0,1430.7
2023-06-22 07:00:00,30.3,0,1667.7
2023-06-22 08:00:00,37.1,0,2644.8
2023-06-22 09:00:00,31.5,0,1810.3
2023-06-22 10:00:00,32.6,0,1922.2
2023-06-22 11:00:00,33.4,0,1972.0
2023-06-22 12:00:00,37.2,0,2536.6
2023-06-22 13:00:00,32.0,0,1649.7
2023-06-22 14:00:00,37.6,0,2631.7
2023-06-22 15:00:00,34.1,0,2105.9
2023-06-22 16:00:00,28.2,0,1408.1
2023-06-22 17:00:00,30.0,0,1740.5
2023-06-22 18:00:00,34.1,0,2190.9
2023-06-22 19:00:00,25.6,0,1377.8
2023-06-22 20:00:00,23.8,0,1286.4
2023-06-22 21:00:00,24.9,0,1322.4
2023-06-22 22:00:00,21.6,0,1129.3
2023-06-22 23:00:00,23.1,0,1133.9
2023-06-23 00:00:00,26.6,0,1079.1
2023-06-23 01:00:00,25.1,0,974.3
2023-06-23 02:00:00,21.3,0,830.4
2023-06-23 03:00:00,27.4,0,1191.8
2023-06-23 04:00:00,26.7,0,1093.7
2023-06-23 05:00:00,28.1,0,1256.6
2023-06-23 06:00:00,29.1,0,1424.2
2023-06-23 07:00:00,33.6,0,1960.3
2023-06-23 08:00:00,29.5,0,1553.1
2023-06-23 09:00:00,34.1,0,2091.2
2023-06-23 10:00:00,35.3,0,2388.8
2023-06-23 11:00:00,34.1,0,2008.2
2023-06-23 12:00:00,36.5,0,2365.5
2023-06-23 13:00:00,34.6,0,2133.3
2023-06-23 14:00:00,34.1,0,1971.4
2023-06-23 15:00:00,32.8,0,1864.9
2023-06-23 16:00:00,31.4,0,1756.0
2023-06-23 17:00:00,28.8,0,1502.2
2023-06-23 18:00:00,30.7,0,1797.5
2023-06-23 19:00:00,30.4,0,1767.6
2023-06-23 20:00:00,24.2,0,1268.8
2023-06-23 21:00:00,26.6,0,1354.8
2023-06-23 22:00:00,27.4,0,1445.7
2023-06-23 23:00:00,24.5,0,1126.2
2023-06-24 00:00:00,26.4,0,1016.0
2023-06-24 01:00:00,22.2,0,920.1
2023-06-24 02:00:00,25.2,0,938.4
2023-06-24 03:00:00,28.0,0,1145.6
2023-06-24 04:00:00,25.2,0,990.4
2023-06-24 05:00:00,29.3,0,1307.8
2023-06-24 06:00:00,32.7,0,1766.5
2023-06-24 07:00:00,28.3,0,1454.1
2023-06-24 08:00:00,33.9,0,2069.6
2023-06-24 09:00:00,29.8,0,1639.2
2023-06-24 10:00:00,37.1,0,2701.8
2023-06-24 11:00:00,34.1,0,2056.9
2023-06-24 12:00:00,34.5,0,2048.2
2023-06-24 13:00:00,37.0,0,2422.6
2023-06-24 14:00:00,32.0,0,1662.6
2023-06-24 15:00:00,32.1,0,1737.5
2023-06-24 16:00:00,30.0,0,1622.4
2023-06-24 17:00:00,31.7,0,1858.4
2023-06-24 18:00:00,26.8,0,1473.8
2023-06-24 19:00:00,27.4,0,1495.7
2023-06-24 20:00:00,30.0,0,1711.4
2023-06-24 21:00:00,22.1,0,1139.5
2023-06-24 22:00:00,28.4,0,1418.1
2023-06-24 23:00:00,26.5,0,1293.4
2023-06-25 00:00:00,22.6,0,1079.7
2023-06-25 01:00:00,22.4,0,935.6
2023-06-25 02:00:00,23.1,0,911.1
2023-06-25 03:00:00,26.8,0,1076.4
2023-06-25 04:00:00,30.5,0,1396.7
2023-06-25 05:00:00,26.7,0,1135.7
2023-06-25 06:00:00,28.4,0,1344.7
2023-06-25 07:00:00,30.8,0,1708.6
2023-06-25 08:00:00,34.3,0,2225.8
2023-06-25 09:00:00,33.7,0,2083.3
2023-06-25 10:00:00,32.7,0,1962.7
2023-06-25 11:00:00,36.6,0,2438.2
2023-06-25 12:00:00,35.1,0,2220.4
2023-06-25 13:00:00,31.2,0,1695.5
2023-06-25 14:00:00,32.0,0,1845.9
2023-06-25 15:00:00,32.8,0,1894.3
2023-06-25 16:00:00,33.6,0,2066.0
2023-06-25 17:00:00,32.4,0,1885.8
2023-06-25 18:00:00,33.4,0,2085.2
2023-06-25 19:00:00,28.5,0,1602.4
2023-06-25 20:00:00,27.3,0,1470.2
2023-06-25 21:00:00,24.5,0,1204.5
2023-06-25 22:00:00,22.1,0,1097.3
2023-06-25 23:00:00,25.8,0,1272.4
2023-06-26 00:00:00,24.2,0,936.7
2023-06-26 01:00:00,26.1,0,1130.2
2023-06-26 02:00:00,26.0,0,1002.7
2023-06-26 03:00:00,27.8,0,1028.6
2023-06-26 04:00:00,26.8,0,1071.6
2023-06-26 05:00:00,29.1,0,1377.0
2023-06-26 06:00:00,30.6,0,1602.5
2023-06-26 07:00:00,36.4,0,2460.2
2023-06-26 08:00:00,34.1,0,2119.8
2023-06-26 09:00:00,32.5,0,1906.6
2023-06-26 10:00:00,35.4,0,2330.7
2023-06-26 11:00:00,36.2,0,2416.0
2023-06-26 12:00:00,36.6,0,2366.4
2023-06-26 13:00:00,34.3,0,2041.3
2023-06-26 14:00:00,33.8,0,2045.5
2023-06-26 15:00:00,33.1,0,1966.7
2023-06-26 16:00:00,33.0,0,1902.4
2023-06-26 17:00:00,30.7,0,1733.3
2023-06-26 18:00:00,33.3,0,2104.2
2023-06-26 19:00:00,28.7,0,1619.9
2023-06-26 20:00:00,26.6,0,1485.9
2023-06-26 21:00:00,27.4,0,1386.5
2023-06-26 22:00:00,25.7,0,1279.7
2023-06-26 23:00:00,22.6,0,1115.7
2023-06-27 00:00:00,25.5,0,941.4
2023-06-27 01:00:00,26.3,0,989.1
2023-06-27 02:00:00,24.2,0,824.8
2023-06-27 03:00:00,27.1,0,973.5
2023-06-27 04:00:00,24.0,0,741.6
2023-06-27 05:00:00,31.5,0,1475.0
2023-06-27 06:00:00,26.9,0,1090.4
2023-06-27 07:00:00,28.4,0,1322.4
2023-06-27 08:00:00,32.6,0,1719.4
2023-06-27 09:00:00,33.9,0,2066.5
2023-06-27 10:00:00,32.6,0,1817.7
2023-06-27 11:00:00,32.9,0,1775.2
2023-06-27 12:00:00,31.4,0,1677.4
2023-06-27 13:00:00,37.6,0,2393.2
2023-06-27 14:00:00,36.4,0,2183.2
2023-06-27 15:00:00,35.1,0,2114.9
2023-06-27 16:00:00,35.1,0,2155.5
2023-06-27 17:00:00,31.1,0,1630.1
2023-06-27 18:00:00,30.3,0,1606.4
2023-06-27 19:00:00,31.7,0,1841.5
2023-06-27 20:00:00,27.2,0,1444.0
2023-06-27 21:00:00,25.3,0,1105.2
2023-06-27 22:00:00,25.4,0,1216.7
2023-06-27 23:00:00,27.5,0,1178.9
2023-06-28 00:00:00,23.6,0,835.2
2023-06-28 01:00:00,25.8,0,894.0
2023-06-28 02:00:00,24.1,0,769.7
2023-06-28 03:00:00,27.7,0,1110.8
2023-06-28 04:00:00,29.0,0,1071.8
2023-06-28 05:00:00,28.6,0,1059.4
2023-06-28 06:00:00,30.8,0,1441.8
2023-06-28 07:00:00,30.7,0,1643.2
2023-06-28 08:00:00,31.8,0,1628.9
2023-06-28 09:00:00,36.0,0,2341.0
2023-06-28 10:00:00,33.6,0,1954.1
2023-06-28 11:00:00,34.5,0,1958.0
2023-06-28 12:00:00,33.6,0,1882.1
2023-06-28 13:00:00,37.1,0,2345.5
2023-06-28 14:00:00,36.9,0,2392.2
2023-06-28 15:00:00,33.8,0,1919.4
2023-06-28 16:00:00,32.7,0,1746.8
2023-06-28 17:00:00,27.9,0,1354.9
2023-06-28 18:00:00,28.9,0,1542.5
2023-06-28 19:00:00,26.6,0,1290.4
2023-06-28 20:00:00,24.8,0,1200.1
2023-06-28 21:00:00,27.1,0,1303.5
2023-06-28 22:00:00,25.9,0,1267.7
2023-06-28 23:00:00,24.2,0,1055.2
2023-06-29 00:00:00,25.4,0,1010.3
2023-06-29 01:00:00,25.6,0,1134.8
2023-06-29 02:00:00,25.1,0,974.4
2023-06-29 03:00:00,27.9,0,1167.5
2023-06-29 04:00:00,25.3,0,949.5
2023-06-29 05:00:00,28.4,0,1361.1
2023-06-29 06:00:00,30.4,0,1510.0
2023-06-29 07:00:00,30.1,0,1551.3
2023-06-29 08:00:00,31.2,0,1804.5
2023-06-29 09:00:00,34.6,0,2328.4
2023-06-29 10:00:00,32.6,0,1874.7
2023-06-29 11:00:00,37.4,0,2593.3
2023-06-29 12:00:00,35.0,0,2204.9
2023-06-29 13:00:00,33.9,0,1988.1
2023-06-29 14:00:00,32.4,0,1899.1
2023-06-29 15:00:00,34.6,0,2185.2
2023-06-29 16:00:00,34.0,0,2184.3
2023-06-29 17:00:00,33.9,0,2158.4
2023-06-29 18:00:00,27.6,0,1421.3
2023-06-29 19:00:00,28.9,0,1655.4
2023-06-29 20:00:00,29.5,0,1783.1
2023-06-29 21:00:00,27.1,0,1439.2
2023-06-29 22:00:00,23.2,0,1180.1
2023-06-29 23:00:00,24.2,0,1289.8
2023-06-30 00:00:00,24.1,0,965.1
2023-06-30 01:00:00,25.3,0,1069.1
2023-06-30 02:00:00,24.1,0,1018.1
2023-06-30 03:00:00,24.5,0,1067.7
2023-06-30 04:00:00,24.2,0,1024.9
2023-06-30 05:00:00,26.8,0,1192.6
2023-06-30 06:00:00,27.8,0,1273.3
2023-06-30 07:00:00,31.4,0,1821.9
2023-06-30 08:00:00,30.1,0,1677.6
2023-06-30 09:00:00,40.2,0,3272.2
2023-06-30 10:00:00,32.3,0,1998.9
2023-06-30 11:00:00,31.7,0,1746.5
2023-06-30 12:00:00,34.1,0,2044.5
2023-06-30 13:00:00,33.7,0,2047.1
2023-06-30 14:00:00,33.3,0,1945.0
2023-06-30 15:00:00,32.3,0,1892.3
2023-06-30 16:00:00,32.6,0,2001.7
2023-06-30 17:00:00,33.9,0,2281.7
2023-06-30 18:00:00,28.2,0,1516.0
2023-06-30 19:00:00,27.3,0,1415.1
2023-06-30 20:00:00,26.1,0,1378.1
2023-06-30 21:00:00,28.3,0,1594.1
2023-06-30 22:00:00,23.8,0,1297.1
2023-06-30 23:00:00,25.4,0,1221.8
2023-07-01 00:00:00,20.3,0,940.2
2023-07-01 01:00:00,24.9,0,1006.2
2023-07-01 02:00:00,24.0,0,912.8
2023-07-01 03:00:00,28.2,0,1188.5
2023-07-01 04:00:00,31.5,0,1559.8
2023-07-01 05:00:00,27.1,0,1179.7
2023-07-01 06:00:00,28.8,0,1433.3
2023-07-01 07:00:00,34.0,0,2114.4
2023-07-01 08:00:00,35.8,0,2381.3
2023-07-01 09:00:00,35.9,0,2459.3
2023-07-01 10:00:00,32.5,0,1908.3
2023-07-01 11:00:00,37.5,0,2631.9
2023-07-01 12:00:00,35.0,0,2216.6
2023-07-01 13:00:00,35.7,0,2308.5
2023-07-01 14:00:00,32.2,0,1897.6
2023-07-01 15:00:00,29.7,0,1554.9
2023-07-01 16:00:00,32.8,0,1956.7
2023-07-01 17:00:00,30.8,0,1848.8
2023-07-01 18:00:00,31.2,0,1853.0
2023-07-01 19:00:00,28.6,0,1494.5
2023-07-01 20:00:00,28.0,0,1522.7
2023-07-01 21:00:00,31.0,0,1901.6
2023-07-01 22:00:00,21.9,0,1177.1
2023-07-01 23:00:00,23.8,0,1160.7
2023-07-02 00:00:00,25.9,0,1087.4
2023-07-02 01:00:00,24.2,0,1079.0
2023-07-02 02:00:00,23.9,0,967.7
2023-07-02 03:00:00,26.8,0,1185.3
2023-07-02 04:00:00,28.0,0,1139.7
2023-07-02 05:00:00,31.6,0,1628.6
2023-07-02 06:00:00,28.7,0,1364.6
2023-07-02 07:00:00,34.7,0,2133.8
2023-07-02 08:00:00,30.2,0,1697.8
2023-07-02 09:00:00,31.5,0,1894.9
2023-07-02 10:00:00,36.0,0,2443.1
2023-07-02 11:00:00,38.5,0,2803.2
2023-07-02 12:00:00,31.7,0,1764.7
2023-07-02 13:00:00,34.4,0,2125.8
2023-07-02 14:00:00,36.1,0,2348.9
2023-07-02 15:00:00,35.1,0,2247.7
2023-07-02 16:00:00,35.9,0,2338.5
2023-07-02 17:00:00,32.5,0,1960.2
2023-07-02 18:00:00,31.5,0,1869.4
2023-07-02 19:00:00,25.5,0,1443.8
2023-07-02 20:00:00,30.1,0,1698.6
2023-07-02 21:00:00,28.5,0,1496.6
2023-07-02 22:00:00,25.7,0,1385.3
2023-07-02 23:00:00,24.2,0,1142.1
2023-07-03 00:00:00,24.6,0,1048.2
2023-07-03 01:00:00,26.5,0,1190.9
2023-07-03 02:00:00,28.4,0,1246.9
2023-07-03 03:00:00,24.1,0,884.2
2023-07-03 04:00:00,27.1,0,1142.6
2023-07-03 05:00:00,26.0,0,1113.9
2023-07-03 06:00:00,30.9,0,1596.0
2023-07-03 07:00:00,34.7,0,2143.3
2023-07-03 08:00:00,33.4,0,2090.3
2023-07-03 09:00:00,35.2,0,2429.9
2023-07-03 10:00:00,28.9,0,1668.6
2023-07-03 11:00:00,33.8,0,2109.9
2023-07-03 12:00:00,37.0,0,2523.2
2023-07-03 13:00:00,33.0,0,1861.5
2023-07-03 14:00:00,37.1,0,2495.4
2023-07-03 15:00:00,37.4,0,2623.5
2023-07-03 16:00:00,34.5,0,2283.2
2023-07-03 17:00:00,34.2,0,2263.9
2023-07-03 18:00:00,29.2,0,1682.7
2023-07-03 19:00:00,27.0,0,1582.1
2023-07-03 20:00:00,30.0,0,1843.7
2023-07-03 21:00:00,28.7,0,1595.2
2023-07-03 22:00:00,23.1,0,1229.5
2023-07-03 23:00:00,25.7,0,1318.4
2023-07-04 00:00:00,27.0,0,1083.6
2023-07-04 01:00:00,24.0,0,896.8
2023-07-04 02:00:00,25.5,0,996.7
2023-07-04 03:00:00,25.8,0,915.3
2023-07-04 04:00:00,28.1,0,1128.7
2023-07-04 05:00:00,27.2,0,1042.7
2023-07-04 06:00:00,31.3,0,1571.5
2023-07-04 07:00:00,27.8,0,1264.8
2023-07-04 08:00:00,28.8,0,1427.1
2023-07-04 09:00:00,32.9,0,1905.3
2023-07-04 10:00:00,31.9,0,1805.5
2023-07-04 11:00:00,34.5,0,2146.1
2023-07-04 12:00:00,37.0,0,2427.3
2023-07-04 13:00:00,33.1,0,1735.5
2023-07-04 14:00:00,33.0,0,1840.6
2023-07-04 15:00:00,35.6,0,2182.3
2023-07-04 16:00:00,30.7,0,1572.6
2023-07-04 17:00:00,30.7,0,1567.8
2023-07-04 18:00:00,30.4,0,1714.4
2023-07-04 19:00:00,31.1,0,1750.2
2023-07-04 20:00:00,25.6,0,1201.2
2023-07-04 21:00:00,28.1,0,1454.8
2023-07-04 22:00:00,26.5,0,1233.2
2023-07-04 23:00:00,23.0,0,1032.2
2023-07-05 00:00:00,25.8,0,956.8
2023-07-05 01:00:00,24.9,0,860.5
2023-07-05 02:00:00,25.4,0,868.0
2023-07-05 03:00:00,26.6,0,994.1
2023-07-05 04:00:00,25.7,0,875.0
2023-07-05 05:00:00,24.9,0,927.2
2023-07-05 06:00:00,25.8,0,1056.4
2023-07-05 07:00:00,30.9,0,1606.8
2023-07-05 08:00:00,32.7,0,1887.8
2023-07-05 09:00:00,33.4,0,1960.3
2023-07-05 10:00:00,34.3,0,2025.1
2023-07-05 11:00:00,33.9,0,2070.8
2023-07-05 12:00:00,34.0,0,1916.0
2023-07-05 13:00:00,34.8,0,2017.4
2023-07-05 14:00:00,34.8,0,2147.0
2023-07-05 15:00:00,32.2,0,1644.0
2023-07-05 16:00:00,28.7,0,1393.5
2023-07-05 17:00:00,28.6,0,1444.0
2023-07-05 18:00:00,31.1,0,1704.9
2023-07-05 19:00:00,32.8,0,1904.1
2023-07-05 20:00:00,30.8,0,1752.8
2023-07-05 21:00:00,27.3,0,1292.9
2023-07-05 22:00:00,26.1,0,1237.6
2023-07-05 23:00:00,23.8,0,1106.3
2023-07-06 00:00:00,26.2,0,1147.8
2023-07-06 01:00:00,27.3,0,1258.9
2023-07-06 02:00:00,23.3,0,947.0
2023-07-06 03:00:00,28.1,0,1128.8
2023-07-06 04:00:00,27.1,0,1209.3
2023-07-06 05:00:00,25.7,0,1142.3
2023-07-06 06:00:00,27.7,0,1319.0
2023-07-06 07:00:00,31.5,0,1746.4
2023-07-06 08:00:00,31.5,0,1842.2
2023-07-06 09:00:00,31.3,0,1839.2
2023-07-06 10:00:00,33.8,0,2211.0
2023-07-06 11:00:00,37.5,0,2631.2
2023-07-06 12:00:00,35.1,0,2260.6
2023-07-06 13:00:00,31.5,0,1744.5
2023-07-06 14:00:00,32.6,0,1910.9
2023-07-06 15:00:00,36.8,0,2488.8
2023-07-06 16:00:00,32.0,0,1973.4
2023-07-06 17:00:00,30.0,0,1747.5
2023-07-06 18:00:00,28.6,0,1653.7
2023-07-06 19:00:00,28.2,0,1584.4
2023-07-06 20:00:00,22.4,0,1220.5
2023-07-06 21:00:00,26.8,0,1354.8
2023-07-06 22:00:00,26.6,0,1378.8
2023-07-06 23:00:00,24.9,0,1264.2
2023-07-07 00:00:00,22.8,0,916.3
2023-07-07 01:00:00,29.1,0,1394.1
2023-07-07 02:00:00,26.1,0,1171.4
2023-07-07 03:00:00,25.7,0,1022.3
2023-07-07 04:00:00,27.2,0,1258.0
2023-07-07 05:00:00,29.1,0,1363.3
2023-07-07 06:00:00,35.1,0,2251.9
2023-07-07 07:00:00,28.8,0,1564.4
2023-07-07 08:00:00,31.2,0,1792.7
2023-07-07 09:00:00,31.1,0,1871.8
2023-07-07 10:00:00,30.4,0,1775.1
2023-07-07 11:00:00,37.2,0,2610.7
2023-07-07 12:00:00,34.0,0,2182.3
2023-07-07 13:00:00,33.5,0,2086.1
2023-07-07 14:00:00,36.5,0,2459.3
2023-07-07 15:00:00,33.1,0,2009.3
2023-07-07 16:00:00,30.7,0,1715.0
2023-07-07 17:00:00,31.2,0,1777.1
2023-07-07 18:00:00,32.1,0,1988.8
2023-07-07 19:00:00,30.1,0,1798.1
2023-07-07 20:00:00,22.0,0,1277.4
2023-07-07 21:00:00,25.4,0,1428.8
2023-07-07 22:00:00,26.4,0,1366.4
2023-07-07 23:00:00,22.7,0,1186.9
2023-07-08 00:00:00,22.0,0,957.8
2023-07-08 01:00:00,25.8,0,1147.1
2023-07-08 02:00:00,27.5,0,1157.1
2023-07-08 03:00:00,26.1,0,1109.1
2023-07-08 04:00:00,26.5,0,1113.5
2023-07-08 05:00:00,28.1,0,1259.3
2023-07-08 06:00:00,28.1,0,1236.9
2023-07-08 07:00:00,30.8,0,1669.8
2023-07-08 08:00:00,29.7,0,1680.3
2023-07-08 09:00:00,31.6,0,1925.4
2023-07-08 10:00:00,33.0,0,2151.6
2023-07-08 11:00:00,35.7,0,2437.7
2023-07-08 12:00:00,33.5,0,2011.5
2023-07-08 13:00:00,35.2,0,2230.6
2023-07-08 14:00:00,33.0,0,1906.4
2023-07-08 15:00:00,32.6,0,1980.9
2023-07-08 16:00:00,31.5,0,1762.7
2023-07-08 17:00:00,30.8,0,1882.5
2023-07-08 18:00:00,28.9,0,1712.5
2023-07-08 19:00:00,31.1,0,1899.0
2023-07-08 20:00:00,27.0,0,1502.6
2023-07-08 21:00:00,27.8,0,1522.9
2023-07-08 22:00:00,23.3,0,1219.7
2023-07-08 23:00:00,21.9,0,1217.7
2023-07-09 00:00:00,26.6,0,1217.8
2023-07-09 01:00:00,24.2,0,1019.2
2023-07-09 02:00:00,24.5,0,1054.6
2023-07-09 03:00:00,25.9,0,1084.8
2023-07-09 04:00:00,29.9,0,1392.1
2023-07-09 05:00:00,28.4,0,1265.9
2023-07-09 06:00:00,30.5,0,1616.7
2023-07-09 07:00:00,30.8,0,1750.2
2023-07-09 08:00:00,31.9,0,1877.5
2023-07-09 09:00:00,33.3,0,2127.8
2023-07-09 10:00:00,34.2,0,2205.7
2023-07-09 11:00:00,33.7,0,2080.4
2023-07-09 12:00:00,33.7,0,2081.6
2023-07-09 13:00:00,35.8,0,2317.3
2023-07-09 14:00:00,34.4,0,2080.6
2023-07-09 15:00:00,35.0,0,2276.3
2023-07-09 16:00:00,33.1,0,2058.4
2023-07-09 17:00:00,31.1,0,1874.6
2023-07-09 18:00:00,29.7,0,1774.0
2023-07-09 19:00:00,31.8,0,2050.1
2023-07-09 20:00:00,31.8,0,2048.9
2023-07-09 21:00:00,25.9,0,1397.4
2023-07-09 22:00:00,22.3,0,1264.7
2023-07-09 23:00:00,24.7,0,1284.6
2023-07-10 00:00:00,26.0,0,1153.9
2023-07-10 01:00:00,23.5,0,1050.5
2023-07-10 02:00:00,25.1,0,1032.4
2023-07-10 03:00:00,29.8,0,1354.6
2023-07-10 04:00:00,24.1,0,976.3
2023-07-10 05:00:00,28.8,0,1316.4
2023-07-10 06:00:00,27.2,0,1294.2
2023-07-10 07:00:00,31.2,0,1701.6
2023-07-10 08:00:00,28.5,0,1565.2
2023-07-10 09:00:00,36.1,0,2564.5
2023-07-10 10:00:00,32.1,0,2003.2
2023-07-10 11:00:00,36.2,0,2408.6
2023-07-10 12:00:00,33.5,0,2081.5
2023-07-10 13:00:00,31.9,0,1778.8
2023-07-10 14:00:00,36.4,0,2494.8
2023-07-10 15:00:00,31.1,0,1811.4
2023-07-10 16:00:00,32.8,0,2035.6
2023-07-10 17:00:00,30.0,0,1666.0
2023-07-10 18:00:00,28.1,0,1541.5
2023-07-10 19:00:00,28.1,0,1646.6
2023-07-10 20:00:00,27.1,0,1486.3
2023-07-10 21:00:00,27.2,0,1515.8
2023-07-10 22:00:00,25.5,0,1373.3
2023-07-10 23:00:00,26.7,0,1342.0
2023-07-11 00:00:00,26.3,0,992.9
2023-07-11 01:00:00,22.8,0,885.5
2023-07-11 02:00:00,25.9,0,1011.1
2023-07-11 03:00:00,26.6,0,979.6
2023-07-11 04:00:00,27.7,0,1114.2
2023-07-11 05:00:00,26.7,0,1116.5
2023-07-11 06:00:00,28.9,0,1252.0
2023-07-11 07:00:00,31.2,0,1669.9
2023-07-11 08:00:00,30.8,0,1689.2
2023-07-11 09:00:00,33.1,0,1884.1
2023-07-11 10:00:00,36.6,0,2462.5
2023-07-11 11:00:00,33.3,0,1891.4
2023-07-11 12:00:00,38.1,0,2575.6
2023-07-11 13:00:00,34.4,0,1992.2
2023-07-11 14:00:00,35.8,0,2204.8
2023-07-11 15:00:00,34.9,0,2139.3
2023-07-11 16:00:00,34.7,0,2122.2
2023-07-11 17:00:00,31.9,0,1777.6
2023-07-11 18:00:00,29.2,0,1523.9
2023-07-11 19:00:00,26.0,0,1278.9
2023-07-11 20:00:00,28.1,0,1516.8
2023-07-11 21:00:00,24.5,0,1226.3
2023-07-11 22:00:00,26.1,0,1290.3
2023-07-11 23:00:00,26.9,0,1239.5
2023-07-12 00:00:00,25.1,0,931.7
2023-07-12 01:00:00,23.6,0,899.1
2023-07-12 02:00:00,25.5,0,923.1
2023-07-12 03:00:00,27.3,0,1032.2
2023-07-12 04:00:00,26.9,0,1021.0
2023-07-12 05:00:00,30.8,0,1388.8
2023-07-12 06:00:00,25.2,0,1044.6
2023-07-12 07:00:00,32.7,0,1816.7
2023-07-12 08:00:00,31.4,0,1734.8
2023-07-12 09:00:00,33.0,0,2031.5
2023-07-12 10:00:00,35.4,0,2238.6
2023-07-12 11:00:00,32.9,0,1853.1
2023-07-12 12:00:00,34.1,0,1961.1
2023-07-12 13:00:00,34.9,0,2075.9
2023-07-12 14:00:00,33.0,0,1845.7
2023-07-12 15:00:00,34.9,0,2136.7
2023-07-12 16:00:00,30.9,0,1656.5
2023-07-12 17:00:00,35.1,0,2181.0
2023-07-12 18:00:00,29.1,0,1594.9
2023-07-12 19:00:00,29.8,0,1607.5
2023-07-12 20:00:00,26.0,0,1377.5
2023-07-12 21:00:00,27.9,0,1399.6
2023-07-12 22:00:00,27.0,0,1321.2
2023-07-12 23:00:00,28.4,0,1270.2
2023-07-13 00:00:00,25.1,0,1200.8
2023-07-13 01:00:00,27.4,0,1364.8
2023-07-13 02:00:00,26.4,0,1099.5
2023-07-13 03:00:00,26.6,0,1165.0
2023-07-13 04:00:00,28.1,0,1197.9
2023-07-13 05:00:00,28.3,0,1382.5
2023-07-13 06:00:00,29.6,0,1599.2
2023-07-13 07:00:00,29.7,0,1676.0
2023-07-13 08:00:00,30.9,0,1776.6
2023-07-13 09:00:00,34.3,0,2319.4
2023-07-13 10:00:00,31.8,0,1861.5
2023-07-13 11:00:00,35.3,0,2353.7
2023-07-13 12:00:00,33.8,0,2074.4
2023-07-13 13:00:00,33.5,0,2012.8
2023-07-13 14:00:00,32.0,0,1889.3
2023-07-13 15:00:00,31.2,0,1743.5
2023-07-13 16:00:00,32.1,0,1993.1
2023-07-13 17:00:00,30.6,0,1912.0
2023-07-13 18:00:00,28.6,0,1677.2
2023-07-13 19:00:00,29.0,0,1631.5
2023-07-13 20:00:00,26.2,0,1466.2
2023-07-13 21:00:00,21.2,0,1305.9
2023-07-13 22:00:00,25.2,0,1328.7
2023-07-13 23:00:00,25.9,0,1368.9
2023-07-14 00:00:00,22.9,0,1115.1
2023-07-14 01:00:00,22.4,0,1029.7
2023-07-14 02:00:00,27.0,0,1223.1
2023-07-14 03:00:00,24.5,0,1077.7
2023-07-14 04:00:00,28.1,0,1335.2
2023-07-14 05:00:00,23.6,0,1074.9
2023-07-14 06:00:00,31.6,0,1719.1
2023-07-14 07:00:00,28.0,0,1475.4
2023-07-14 08:00:00,34.1,0,2241.0
2023-07-14 09:00:00,32.9,0,2105.0
2023-07-14 10:00:00,37.5,0,2806.4
2023-07-14 11:00:00,35.4,0,2312.2
2023-07-14 12:00:00,35.3,0,2322.0
2023-07-14 13:00:00,31.6,0,1831.2
2023-07-14 14:00:00,37.2,0,2647.6
2023-07-14 15:00:00,30.6,0,1771.9
2023-07-14 16:00:00,35.6,0,2505.7
2023-07-14 17:00:00,35.3,0,2404.4
2023-07-14 18:00:00,30.9,0,1894.0
2023-07-14 19:00:00,26.0,0,1543.2
2023-07-14 20:00:00,28.5,0,1631.2
2023-07-14 21:00:00,28.1,0,1675.1
2023-07-14 22:00:00,25.0,0,1344.3
2023-07-14 23:00:00,24.0,0,1291.8
2023-07-15 00:00:00,22.8,0,1038.3
2023-07-15 01:00:00,21.9,0,1052.8
2023-07-15 02:00:00,23.0,0,961.0
2023-07-15 03:00:00,24.1,0,979.0
2023-07-15 04:00:00,26.6,0,1207.4
2023-07-15 05:00:00,27.9,0,1420.4
2023-07-15 06:00:00,29.0,0,1602.0
2023-07-15 07:00:00,29.8,0,1678.8
2023-07-15 08:00:00,31.5,0,1895.6
2023-07-15 09:00:00,32.9,0,2121.8
2023-07-15 10:00:00,32.1,0,2014.9
2023-07-15 11:00:00,36.4,0,2641.3
2023-07-15 12:00:00,31.5,0,1845.3
2023-07-15 13:00:00,36.4,0,2490.9
2023-07-15 14:00:00,38.7,0,2865.4
2023-07-15 15:00:00,32.1,0,2005.4
2023-07-15 16:00:00,31.1,0,1836.3
2023-07-15 17:00:00,30.8,0,1980.2
2023-07-15 18:00:00,27.8,0,1564.2
2023-07-15 19:00:00,25.8,0,1500.3
2023-07-15 20:00:00,25.8,0,1483.0
2023-07-15 21:00:00,23.6,0,1389.9
2023-07-15 22:00:00,23.7,0,1270.0
2023-07-15 23:00:00,24.8,0,1339.1
2023-07-16 00:00:00,22.4,0,1072.0
2023-07-16 01:00:00,25.8,0,1187.9
2023-07-16 02:00:00,26.7,0,1184.3
2023-07-16 03:00:00,25.1,0,1094.2
2023-07-16 04:00:00,28.6,0,1333.0
2023-07-16 05:00:00,23.3,0,1059.4
2023-07-16 06:00:00,26.2,0,1363.5
2023-07-16 07:00:00,30.9,0,1857.4
2023-07-16 08:00:00,31.2,0,1877.2
2023-07-16 09:00:00,31.3,0,1897.1
2023-07-16 10:00:00,33.9,0,2281.3
2023-07-16 11:00:00,33.6,0,2190.1
2023-07-16 12:00:00,37.1,0,2596.1
2023-07-16 13:00:00,32.1,0,1898.1
2023-07-16 14:00:00,35.4,0,2232.5
2023-07-16 15:00:00,34.6,0,2266.5
2023-07-16 16:00:00,31.3,0,1979.8
2023-07-16 17:00:00,31.1,0,1867.1
2023-07-16 18:00:00,29.8,0,1755.3
2023-07-16 19:00:00,27.7,0,1588.6
2023-07-16 20:00:00,28.1,0,1665.0
2023-07-16 21:00:00,27.5,0,1604.2
2023-07-16 22:00:00,23.6,0,1220.8
2023-07-16 23:00:00,24.0,0,1286.9
2023-07-17 00:00:00,24.8,0,1183.6
2023-07-17 01:00:00,26.4,0,1198.9
2023-07-17 02:00:00,23.5,0,1069.8
2023-07-17 03:00:00,28.1,0,1329.6
2023-07-17 04:00:00,29.6,0,1411.2
2023-07-17 05:00:00,27.3,0,1281.8
2023-07-17 06:00:00,30.9,0,1683.7
2023-07-17 07:00:00,31.6,0,1858.2
2023-07-17 08:00:00,32.1,0,2021.3
2023-07-17 09:00:00,36.3,0,2665.6
2023-07-17 10:00:00,31.6,0,1775.7
2023-07-17 11:00:00,34.8,0,2323.3
2023-07-17 12:00:00,34.9,0,2294.2
2023-07-17 13:00:00,34.0,0,2201.7
2023-07-17 14:00:00,34.7,0,2198.2
2023-07-17 15:00:00,34.2,0,2146.8
2023-07-17 16:00:00,31.8,0,1994.2
2023-07-17 17:00:00,28.6,0,1730.9
2023-07-17 18:00:00,30.2,0,1839.1
2023-07-17 19:00:00,28.9,0,1683.4
2023-07-17 20:00:00,28.8,0,1779.1
2023-07-17 21:00:00,25.5,0,1475.6
2023-07-17 22:00:00,24.7,0,1371.3
2023-07-17 23:00:00,26.7,0,1298.8
2023-07-18 00:00:00,25.7,0,1095.0
2023-07-18 01:00:00,25.5,0,1045.6
2023-07-18 02:00:00,21.4,0,792.4
2023-07-18 03:00:00,23.8,0,899.6
2023-07-18 04:00:00,28.1,0,1021.0
2023-07-18 05:00:00,30.2,0,1470.9
2023-07-18 06:00:00,30.7,0,1538.3
2023-07-18 07:00:00,29.6,0,1513.9
2023-07-18 08:00:00,32.9,0,2054.1
2023-07-18 09:00:00,31.7,0,1897.2
2023-07-18 10:00:00,36.5,0,2484.5
2023-07-18 11:00:00,36.5,0,2446.7
2023-07-18 12:00:00,31.8,0,1756.4
2023-07-18 13:00:00,36.5,0,2359.4
2023-07-18 14:00:00,32.9,0,1817.8
2023-07-18 15:00:00,28.9,0,1439.2
2023-07-18 16:00:00,35.0,0,2215.6
2023-07-18 17:00:00,30.4,0,1669.6
2023-07-18 18:00:00,29.9,0,1661.6
2023-07-18 19:00:00,24.6,0,1292.2
2023-07-18 20:00:00,23.9,0,1248.7
2023-07-18 21:00:00,27.5,0,1362.4
2023-07-18 22:00:00,24.0,0,1152.3
2023-07-18 23:00:00,24.4,0,1091.7
2023-07-19 00:00:00,26.3,0,1064.9
2023-07-19 01:00:00,23.5,0,858.3
2023-07-19 02:00:00,23.2,0,839.4
2023-07-19 03:00:00,23.8,0,952.0
2023-07-19 04:00:00,30.7,0,1416.9
2023-07-19 05:00:00,33.2,0,1787.4
2023-07-19 06:00:00,26.3,0,1172.7
2023-07-19 07:00:00,31.8,0,1748.9
2023-07-19 08:00:00,30.9,0,1565.1
2023-07-19 09:00:00,31.9,0,1809.2
2023-07-19 10:00:00,31.6,0,1793.6
2023-07-19 11:00:00,33.0,0,2017.6
2023-07-19 12:00:00,32.3,0,1734.0
2023-07-19 13:00:00,31.0,0,1606.2
2023-07-19 14:00:00,35.2,0,2153.9
2023-07-19 15:00:00,33.9,0,2040.5
2023-07-19 16:00:00,33.7,0,2051.3
2023-07-19 17:00:00,30.9,0,1663.3
2023-07-19 18:00:00,29.8,0,1666.6
2023-07-19 19:00:00,29.4,0,1606.8
2023-07-19 20:00:00,24.2,0,1380.3
2023-07-19 21:00:00,23.5,0,1184.2
2023-07-19 22:00:00,22.9,0,1166.9
2023-07-19 23:00:00,23.8,0,1043.8
2023-07-20 00:00:00,26.2,0,1243.7
2023-07-20 01:00:00,24.6,0,1168.3
2023-07-20 02:00:00,25.8,0,1165.3
2023-07-20 03:00:00,23.8,0,949.5
2023-07-20 04:00:00,29.2,0,1286.0
2023-07-20 05:00:00,29.9,0,1539.9
2023-07-20 06:00:00,31.0,0,1800.4
2023-07-20 07:00:00,29.2,0,1629.8
2023-07-20 08:00:00,31.8,0,2061.5
2023-07-20 09:00:00,32.3,0,2108.8
2023-07-20 10:00:00,31.6,0,1847.7
2023-07-20 11:00:00,34.2,0,2277.4
2023-07-20 12:00:00,34.6,0,2318.8
2023-07-20 13:00:00,34.8,0,2255.3
2023-07-20 14:00:00,33.9,0,2173.2
2023-07-20 15:00:00,36.8,0,2447.6
2023-07-20 16:00:00,31.2,0,1799.6
2023-07-20 17:00:00,29.6,0,1694.5
2023-07-20 18:00:00,29.3,0,1788.3
2023-07-20 19:00:00,27.7,0,1761.7
2023-07-20 20:00:00,24.8,0,1470.5
2023-07-20 21:00:00,24.7,0,1433.3
2023-07-20 22:00:00,21.8,0,1267.1
2023-07-20 23:00:00,23.1,0,1152.2
2023-07-21 00:00:00,22.9,0,1180.9
2023-07-21 01:00:00,23.5,0,1058.7
2023-07-21 02:00:00,29.2,0,1423.8
2023-07-21 03:00:00,25.2,0,1075.8
2023-07-21 04:00:00,23.3,0,1010.0
2023-07-21 05:00:00,25.9,0,1235.0
2023-07-21 06:00:00,26.9,0,1305.1
2023-07-21 07:00:00,27.9,0,1509.9
2023-07-21 08:00:00,31.1,0,1924.7
2023-07-21 09:00:00,28.5,0,1746.1
2023-07-21 10:00:00,33.2,0,2044.9
2023-07-21 11:00:00,32.2,0,1888.6
2023-07-21 12:00:00,34.9,0,2325.7
2023-07-21 13:00:00,34.9,0,2262.9
2023-07-21 14:00:00,31.5,0,1904.7
2023-07-21 15:00:00,33.4,0,2186.9
2023-07-21 16:00:00,33.0,0,2012.5
2023-07-21 17:00:00,31.6,0,2066.9
2023-07-21 18:00:00,27.7,0,1688.5
2023-07-21 19:00:00,30.8,0,1961.8
2023-07-21 20:00:00,27.4,0,1577.0
2023-07-21 21:00:00,27.7,0,1596.4
2023-07-21 22:00:00,24.5,0,1392.5
2023-07-21 23:00:00,21.2,0,1221.1
2023-07-22 00:00:00,22.4,0,1099.9
2023-07-22 01:00:00,25.3,0,1129.0
2023-07-22 02:00:00,24.6,0,1138.2
2023-07-22 03:00:00,22.7,0,993.3
2023-07-22 04:00:00,26.6,0,1243.5
2023-07-22 05:00:00,30.1,0,1560.0
2023-07-22 06:00:00,27.3,0,1381.5
2023-07-22 07:00:00,29.6,0,1666.3
2023-07-22 08:00:00,37.0,0,2713.8
2023-07-22 09:00:00,35.3,0,2501.7
2023-07-22 10:00:00,34.1,0,2218.6
2023-07-22 11:00:00,30.5,0,1790.3
2023-07-22 12:00:00,33.1,0,2044.0
2023-07-22 13:00:00,34.8,0,2264.4
2023-07-22 14:00:00,35.6,0,2337.7
2023-07-22 15:00:00,30.4,0,1728.3
2023-07-22 16:00:00,32.8,0,2084.8
2023-07-22 17:00:00,30.7,0,1863.4
2023-07-22 18:00:00,25.5,0,1445.8
2023-07-22 19:00:00,28.4,0,1703.4
2023-07-22 20:00:00,25.8,0,1440.5
2023-07-22 21:00:00,25.7,0,1417.6
2023-07-22 22:00:00,24.4,0,1368.7
2023-07-22 23:00:00,22.4,0,1223.6
2023-07-23 00:00:00,26.3,0,1243.1
2023-07-23 01:00:00,26.6,0,1203.4
2023-07-23 02:00:00,24.9,0,1082.4
2023-07-23 03:00:00,20.8,0,941.1
2023-07-23 04:00:00,27.1,0,1248.5
2023-07-23 05:00:00,27.1,0,1280.0
2023-07-23 06:00:00,31.1,0,1776.9
2023-07-23 07:00:00,28.2,0,1530.2
2023-07-23 08:00:00,30.2,0,1704.6
2023-07-23 09:00:00,30.6,0,1916.4
2023-07-23 10:00:00,34.6,0,2323.1
2023-07-23 11:00:00,36.2,0,2542.3
2023-07-23 12:00:00,34.7,0,2327.8
2023-07-23 13:00:00,33.0,0,2114.2
2023-07-23 14:00:00,32.8,0,2045.2
2023-07-23 15:00:00,31.1,0,1857.7
2023-07-23 16:00:00,31.2,0,1880.7
2023-07-23 17:00:00,33.9,0,2296.2
2023-07-23 18:00:00,29.4,0,1778.7
2023-07-23 19:00:00,27.4,0,1599.0
2023-07-23 20:00:00,24.8,0,1427.2
2023-07-23 21:00:00,29.2,0,1736.9
2023-07-23 22:00:00,26.0,0,1429.6
2023-07-23 23:00:00,28.6,0,1571.8
2023-07-24 00:00:00,23.1,0,1124.1
2023-07-24 01:00:00,22.1,0,1065.1
2023-07-24 02:00:00,21.3,0,1063.5
2023-07-24 03:00:00,23.6,0,1063.4
2023-07-24 04:00:00,25.7,0,1184.5
2023-07-24 05:00:00,28.5,0,1411.6
2023-07-24 06:00:00,29.3,0,1619.7
2023-07-24 07:00:00,31.5,0,1844.8
2023-07-24 08:00:00,34.5,0,2418.8
2023-07-24 09:00:00,33.4,0,2284.3
2023-07-24 10:00:00,34.6,0,2291.2
2023-07-24 11:00:00,37.0,0,2631.3
2023-07-24 12:00:00,38.3,0,2824.4
2023-07-24 13:00:00,35.2,0,2355.1
2023-07-24 14:00:00,35.2,0,2285.9
2023-07-24 15:00:00,32.4,0,1928.0
2023-07-24 16:00:00,31.5,0,1936.5
2023-07-24 17:00:00,26.6,0,1597.8
2023-07-24 18:00:00,26.4,0,1542.5
2023-07-24 19:00:00,27.6,0,1706.8
2023-07-24 20:00:00,27.8,0,1683.8
2023-07-24 21:00:00,27.3,0,1592.3
2023-07-24 22:00:00,22.4,0,1330.6
2023-07-24 23:00:00,23.0,0,1248.8
2023-07-25 00:00:00,22.4,0,980.9
2023-07-25 01:00:00,25.1,0,974.5
2023-07-25 02:00:00,26.3,0,1041.8
2023-07-25 03:00:00,23.8,0,918.4
2023-07-25 04:00:00,25.0,0,962.8
2023-07-25 05:00:00,27.0,0,1100.0
2023-07-25 06:00:00,30.4,0,1525.0
2023-07-25 07:00:00,26.0,0,1289.2
2023-07-25 08:00:00,32.5,0,1947.5
2023-07-25 09:00:00,33.2,0,2008.9
2023-07-25 10:00:00,37.4,0,2679.5
2023-07-25 11:00:00,35.5,0,2323.6
2023-07-25 12:00:00,31.7,0,1754.5
2023-07-25 13:00:00,35.0,0,2174.7
2023-07-25 14:00:00,32.7,0,1856.1
2023-07-25 15:00:00,30.3,0,1588.8
2023-07-25 16:00:00,33.5,0,2040.1
2023-07-25 17:00:00,30.2,0,1675.7
2023-07-25 18:00:00,29.9,0,1740.4
2023-07-25 19:00:00,25.9,0,1419.8
2023-07-25 20:00:00,25.2,0,1388.9
2023-07-25 21:00:00,23.7,0,1285.2
2023-07-25 22:00:00,22.5,0,1185.0
2023-07-25 23:00:00,24.4,0,1089.8
2023-07-26 00:00:00,22.5,0,949.6
2023-07-26 01:00:00,19.9,0,912.1
2023-07-26 02:00:00,19.9,0,917.3
2023-07-26 03:00:00,26.6,0,1034.5
2023-07-26 04:00:00,23.9,0,967.0
2023-07-26 05:00:00,26.8,0,1082.9
2023-07-26 06:00:00,28.5,0,1311.6
2023-07-26 07:00:00,30.6,0,1791.2
2023-07-26 08:00:00,30.8,0,1711.5
2023-07-26 09:00:00,34.8,0,2290.2
2023-07-26 10:00:00,33.6,0,2009.9
2023-07-26 11:00:00,36.3,0,2410.3
2023-07-26 12:00:00,36.7,0,2439.5
2023-07-26 13:00:00,36.3,0,2330.8
2023-07-26 14:00:00,32.4,0,1831.5
2023-07-26 15:00:00,34.2,0,2126.7
2023-07-26 16:00:00,33.0,0,2023.9
2023-07-26 17:00:00,30.5,0,1737.9
2023-07-26 18:00:00,28.5,0,1545.5
2023-07-26 19:00:00,23.8,0,1499.1
2023-07-26 20:00:00,29.2,0,1752.9
2023-07-26 21:00:00,28.8,0,1566.2
2023-07-26 22:00:00,22.9,0,1200.5
2023-07-26 23:00:00,23.9,0,1218.2
2023-07-27 00:00:00,24.5,0,1206.5
2023-07-27 01:00:00,21.5,0,1120.1
2023-07-27 02:00:00,26.4,0,1194.3
2023-07-27 03:00:00,25.3,0,1192.0
2023-07-27 04:00:00,27.4,0,1290.4
2023-07-27 05:00:00,28.6,0,1368.7
2023-07-27 06:00:00,29.6,0,1633.4
2023-07-27 07:00:00,30.8,0,1758.1
2023-07-27 08:00:00,30.6,0,1912.8
2023-07-27 09:00:00,31.8,0,2036.7
2023-07-27 10:00:00,33.9,0,2299.5
2023-07-27 11:00:00,32.9,0,2180.8
2023-07-27 12:00:00,32.7,0,1991.9
2023-07-27 13:00:00,36.4,0,2553.8
2023-07-27 14:00:00,31.7,0,1891.9
2023-07-27 15:00:00,30.6,0,1743.4
2023-07-27 16:00:00,32.7,0,2073.2
2023-07-27 17:00:00,31.5,0,1984.5
2023-07-27 18:00:00,29.4,0,1796.6
2023-07-27 19:00:00,26.8,0,1577.6
2023-07-27 20:00:00,25.9,0,1528.0
2023-07-27 21:00:00,25.1,0,1415.5
2023-07-27 22:00:00,20.3,0,1299.7
2023-07-27 23:00:00,23.0,0,1263.8
2023-07-28 00:00:00,22.8,0,1149.4
2023-07-28 01:00:00,24.4,0,1102.1
2023-07-28 02:00:00,23.1,0,1047.7
2023-07-28 03:00:00,28.2,0,1311.7
2023-07-28 04:00:00,26.9,0,1253.8
2023-07-28 05:00:00,25.4,0,1229.1
2023-07-28 06:00:00,32.1,0,1890.8
2023-07-28 07:00:00,29.3,0,1731.9
2023-07-28 08:00:00,28.3,0,1580.0
2023-07-28 09:00:00,29.0,0,1729.8
2023-07-28 10:00:00,32.1,0,2042.8
2023-07-28 11:00:00,37.4,0,2799.8
2023-07-28 12:00:00,31.7,0,1902.0
2023-07-28 13:00:00,35.8,0,2500.9
2023-07-28 14:00:00,31.7,0,1871.6
2023-07-28 15:00:00,32.1,0,1945.0
2023-07-28 16:00:00,32.2,0,2047.5
2023-07-28 17:00:00,27.9,0,1680.7
2023-07-28 18:00:00,27.8,0,1673.6
2023-07-28 19:00:00,27.6,0,1666.8
2023-07-28 20:00:00,25.8,0,1481.7
2023-07-28 21:00:00,24.8,0,1452.0
2023-07-28 22:00:00,22.2,0,1285.4
2023-07-28 23:00:00,24.3,0,1294.3
2023-07-29 00:00:00,25.8,0,1252.8
2023-07-29 01:00:00,24.5,0,1123.3
2023-07-29 02:00:00,26.0,0,1153.6
2023-07-29 03:00:00,24.0,0,1131.4
2023-07-29 04:00:00,24.6,0,1218.4
2023-07-29 05:00:00,28.9,0,1498.9
2023-07-29 06:00:00,28.6,0,1590.8
2023-07-29 07:00:00,29.8,0,1716.8
2023-07-29 08:00:00,31.0,0,1935.9
2023-07-29 09:00:00,35.4,0,2500.1
2023-07-29 10:00:00,31.0,0,1961.9
2023-07-29 11:00:00,31.3,0,1964.7
2023-07-29 12:00:00,35.0,0,2337.6
2023-07-29 13:00:00,33.2,0,1985.0
2023-07-29 14:00:00,30.2,0,1731.7
2023-07-29 15:00:00,29.6,0,1705.8
2023-07-29 16:00:00,33.9,0,2196.0
2023-07-29 17:00:00,26.5,0,1440.1
2023-07-29 18:00:00,30.6,0,2000.0
2023-07-29 19:00:00,26.1,0,1718.3
2023-07-29 20:00:00,22.7,0,1405.7
2023-07-29 21:00:00,23.8,0,1463.5
2023-07-29 22:00:00,19.2,0,1321.7
2023-07-29 23:00:00,23.0,0,1346.6
2023-07-30 00:00:00,22.5,0,1215.2
2023-07-30 01:00:00,25.2,0,1116.4
2023-07-30 02:00:00,23.0,0,1129.2
2023-07-30 03:00:00,25.5,0,1121.3
2023-07-30 04:00:00,24.0,0,1045.4
2023-07-30 05:00:00,27.0,0,1290.3
2023-07-30 06:00:00,28.3,0,1510.2
2023-07-30 07:00:00,32.7,0,2045.7
2023-07-30 08:00:00,29.8,0,1786.2
2023-07-30 09:00:00,30.8,0,2007.1
2023-07-30 10:00:00,29.6,0,1780.0
2023-07-30 11:00:00,34.4,0,2309.0
2023-07-30 12:00:00,36.6,0,2620.4
2023-07-30 13:00:00,33.4,0,2066.8
2023-07-30 14:00:00,31.2,0,1815.2
2023-07-30 15:00:00,34.7,0,2342.3
2023-07-30 16:00:00,28.8,0,1633.3
2023-07-30 17:00:00,28.2,0,1720.1
2023-07-30 18:00:00,29.5,0,1828.6
2023-07-30 19:00:00,24.7,0,1446.7
2023-07-30 20:00:00,24.6,0,1429.4
2023-07-30 21:00:00,21.3,0,1415.8
2023-07-30 22:00:00,18.9,0,1207.8
2023-07-30 23:00:00,22.7,0,1335.4
2023-07-31 00:00:00,25.1,0,1233.2
2023-07-31 01:00:00,21.9,0,1061.3
2023-07-31 02:00:00,23.3,0,1077.0
2023-07-31 03:00:00,24.9,0,1109.4
2023-07-31 04:00:00,26.6,0,1228.9
2023-07-31 05:00:00,23.3,0,1113.4
2023-07-31 06:00:00,26.5,0,1434.3
2023-07-31 07:00:00,32.9,0,2076.3
2023-07-31 08:00:00,30.9,0,1871.4
2023-07-31 09:00:00,32.8,0,2131.1
2023-07-31 10:00:00,29.5,0,1728.4
2023-07-31 11:00:00,32.2,0,2083.2
2023-07-31 12:00:00,32.0,0,1939.2
2023-07-31 13:00:00,34.8,0,2316.8
2023-07-31 14:00:00,31.3,0,1867.7
2023-07-31 15:00:00,29.7,0,1652.2
2023-07-31 16:00:00,26.4,0,1546.4
2023-07-31 17:00:00,28.7,0,1763.2
2023-07-31 18:00:00,26.9,0,1552.9
2023-07-31 19:00:00,28.4,0,1711.4
2023-07-31 20:00:00,28.1,0,1699.5
2023-07-31 21:00:00,21.7,0,1412.5
2023-07-31 22:00:00,26.1,0,1491.4
2023-07-31 23:00:00,23.2,0,1342.6
2023-08-01 00:00:00,23.2,0,1037.8
2023-08-01 01:00:00,25.5,0,1138.6
2023-08-01 02:00:00,17.1,0,953.7
2023-08-01 03:00:00,22.0,0,758.8
2023-08-01 04:00:00,25.8,0,1112.4
2023-08-01 05:00:00,25.2,0,1100.4
2023-08-01 06:00:00,30.5,0,1525.6
2023-08-01 07:00:00,29.3,0,1544.1
2023-08-01 08:00:00,30.3,0,1769.9
2023-08-01 09:00:00,32.2,0,1978.7
2023-08-01 10:00:00,33.1,0,2093.0
2023-08-01 11:00:00,34.3,0,2041.4
2023-08-01 12:00:00,32.6,0,1836.3
2023-08-01 13:00:00,33.5,0,2063.4
2023-08-01 14:00:00,29.8,0,1520.2
2023-08-01 15:00:00,34.3,0,2107.7
2023-08-01 16:00:00,24.7,0,1319.8
2023-08-01 17:00:00,31.9,0,1957.0
2023-08-01 18:00:00,26.8,0,1475.9
2023-08-01 19:00:00,26.5,0,1459.7
2023-08-01 20:00:00,27.6,0,1597.0
2023-08-01 21:00:00,28.2,0,1558.4
2023-08-01 22:00:00,21.9,0,1212.9
2023-08-01 23:00:00,20.4,0,1065.4
2023-08-02 00:00:00,20.8,0,1087.3
2023-08-02 01:00:00,23.4,0,825.1
2023-08-02 02:00:00,24.0,0,882.7
2023-08-02 03:00:00,30.1,0,1394.9
2023-08-02 04:00:00,24.4,0,915.6
2023-08-02 05:00:00,26.8,0,1118.6
2023-08-02 06:00:00,25.8,0,1220.9
2023-08-02 07:00:00,31.8,0,1761.4
2023-08-02 08:00:00,31.2,0,1848.5
2023-08-02 09:00:00,28.8,0,1636.9
2023-08-02 10:00:00,28.6,0,1557.8
2023-08-02 11:00:00,33.5,0,2045.2
2023-08-02 12:00:00,33.0,0,1877.8
2023-08-02 13:00:00,32.6,0,1808.7
2023-08-02 14:00:00,36.8,0,2442.3
2023-08-02 15:00:00,30.7,0,1664.6
2023-08-02 16:00:00,31.0,0,1833.6
2023-08-02 17:00:00,28.3,0,1470.5
2023-08-02 18:00:00,27.4,0,1543.0
2023-08-02 19:00:00,28.9,0,1601.3
2023-08-02 20:00:00,24.3,0,1327.5
2023-08-02 21:00:00,21.4,0,1222.9
2023-08-02 22:00:00,21.7,0,1164.1
2023-08-02 23:00:00,22.6,0,1155.9
2023-08-03 00:00:00,21.6,0,1174.3
2023-08-03 01:00:00,20.8,0,1074.2
2023-08-03 02:00:00,21.3,0,1058.6
2023-08-03 03:00:00,25.0,0,1108.8
2023-08-03 04:00:00,22.1,0,1116.9
2023-08-03 05:00:00,28.6,0,1403.0
2023-08-03 06:00:00,28.4,0,1520.5
2023-08-03 07:00:00,25.7,0,1377.7
2023-08-03 08:00:00,32.1,0,2045.3
2023-08-03 09:00:00,34.8,0,2484.6
2023-08-03 10:00:00,28.4,0,1746.2
2023-08-03 11:00:00,36.9,0,2659.1
2023-08-03 12:00:00,34.0,0,2183.6
2023-08-03 13:00:00,33.6,0,2209.4
2023-08-03 14:00:00,32.6,0,2087.4
2023-08-03 15:00:00,32.9,0,2179.3
2023-08-03 16:00:00,30.6,0,1874.2
2023-08-03 17:00:00,29.0,0,1802.7
2023-08-03 18:00:00,27.1,0,1629.6
2023-08-03 19:00:00,26.1,0,1477.6
2023-08-03 20:00:00,28.6,0,1851.0
2023-08-03 21:00:00,26.6,0,1476.1
2023-08-03 22:00:00,24.1,0,1417.3
2023-08-03 23:00:00,21.4,0,1311.6
2023-08-04 00:00:00,21.8,0,1147.6
2023-08-04 01:00:00,22.1,0,1075.0
2023-08-04 02:00:00,24.8,0,1145.6
2023-08-04 03:00:00,24.9,0,1106.8
2023-08-04 04:00:00,22.5,0,1031.5
2023-08-04 05:00:00,29.5,0,1439.7
2023-08-04 06:00:00,27.6,0,1456.6
2023-08-04 07:00:00,27.7,0,1470.9
2023-08-04 08:00:00,28.2,0,1659.3
2023-08-04 09:00:00,28.7,0,1846.9
2023-08-04 10:00:00,26.9,0,1485.7
2023-08-04 11:00:00,32.1,0,1982.2
2023-08-04 12:00:00,32.8,0,2063.2
2023-08-04 13:00:00,32.2,0,1965.5
2023-08-04 14:00:00,29.5,0,1696.4
2023-08-04 15:00:00,27.8,0,1627.1
2023-08-04 16:00:00,31.1,0,1934.8
2023-08-04 17:00:00,31.5,0,1997.9
2023-08-04 18:00:00,26.6,0,1681.0
2023-08-04 19:00:00,26.0,0,1707.2
2023-08-04 20:00:00,24.9,0,1588.5
2023-08-04 21:00:00,20.8,0,1461.1
2023-08-04 22:00:00,20.7,0,1323.5
2023-08-04 23:00:00,22.2,0,1318.5
2023-08-05 00:00:00,21.4,0,1201.5
2023-08-05 01:00:00,20.6,0,1134.4
2023-08-05 02:00:00,24.2,0,1112.1
2023-08-05 03:00:00,20.8,0,1111.0
2023-08-05 04:00:00,28.5,0,1369.1
2023-08-05 05:00:00,29.1,0,1590.0
2023-08-05 06:00:00,27.6,0,1528.3
2023-08-05 07:00:00,27.5,0,1479.3
2023-08-05 08:00:00,30.2,0,1921.5
2023-08-05 09:00:00,30.8,0,1957.0
2023-08-05 10:00:00,33.0,0,2103.3
2023-08-05 11:00:00,32.4,0,2064.9
2023-08-05 12:00:00,31.5,0,1870.0
2023-08-05 13:00:00,31.6,0,1915.2
2023-08-05 14:00:00,29.8,0,1719.6
2023-08-05 15:00:00,34.0,0,2308.9
2023-08-05 16:00:00,32.0,0,2066.2
2023-08-05 17:00:00,29.0,0,1844.8
2023-08-05 18:00:00,24.5,0,1404.6
2023-08-05 19:00:00,25.2,0,1528.3
2023-08-05 20:00:00,25.6,0,1609.3
2023-08-05 21:00:00,26.1,0,1663.4
2023-08-05 22:00:00,19.7,0,1220.6
2023-08-05 23:00:00,22.8,0,1389.5
2023-08-06 00:00:00,17.3,0,1078.3
2023-08-06 01:00:00,17.4,0,1201.5
2023-08-06 02:00:00,24.7,0,1234.6
2023-08-06 03:00:00,23.7,0,1142.2
2023-08-06 04:00:00,21.1,0,1088.2
2023-08-06 05:00:00,22.5,0,1103.5
2023-08-06 06:00:00,27.9,0,1453.5
2023-08-06 07:00:00,29.4,0,1725.2
2023-08-06 08:00:00,28.9,0,1752.2
2023-08-06 09:00:00,30.8,0,1970.4
2023-08-06 10:00:00,29.7,0,1807.6
2023-08-06 11:00:00,28.1,0,1629.2
2023-08-06 12:00:00,31.4,0,1853.3
2023-08-06 13:00:00,34.2,0,2290.4
2023-08-06 14:00:00,32.8,0,2038.2
2023-08-06 15:00:00,29.9,0,1844.6
2023-08-06 16:00:00,29.5,0,1839.5
2023-08-06 17:00:00,30.1,0,1843.0
2023-08-06 18:00:00,25.3,0,1584.4
2023-08-06 19:00:00,27.7,0,1777.9
2023-08-06 20:00:00,27.9,0,1691.3
2023-08-06 21:00:00,22.4,0,1456.0
2023-08-06 22:00:00,23.9,0,1487.2
2023-08-06 23:00:00,22.7,0,1211.8
2023-08-07 00:00:00,22.6,0,1164.4
2023-08-07 01:00:00,20.0,0,1089.9
2023-08-07 02:00:00,27.6,0,1267.7
2023-08-07 03:00:00,20.0,0,1025.2
2023-08-07 04:00:00,24.0,0,1155.8
2023-08-07 05:00:00,21.6,0,1207.3
2023-08-07 06:00:00,27.4,0,1503.6
2023-08-07 07:00:00,31.8,0,2069.3
2023-08-07 08:00:00,28.1,0,1695.3
2023-08-07 09:00:00,29.0,0,1770.0
2023-08-07 10:00:00,35.3,0,2427.8
2023-08-07 11:00:00,34.6,0,2401.6
2023-08-07 12:00:00,35.8,0,2509.2
2023-08-07 13:00:00,29.6,0,1702.0
2023-08-07 14:00:00,31.6,0,1870.3
2023-08-07 15:00:00,29.0,0,1738.8
2023-08-07 16:00:00,32.9,0,2086.0
2023-08-07 17:00:00,27.3,0,1659.6
2023-08-07 18:00:00,26.6,0,1596.1
2023-08-07 19:00:00,27.0,0,1658.1
2023-08-07 20:00:00,25.9,0,1679.5
2023-08-07 21:00:00,23.1,0,1411.3
2023-08-07 22:00:00,25.3,0,1471.1
2023-08-07 23:00:00,20.8,0,1328.3
2023-08-08 00:00:00,21.8,0,922.9
2023-08-08 01:00:00,24.8,0,1071.7
2023-08-08 02:00:00,23.6,0,932.4
2023-08-08 03:00:00,25.1,0,1039.8
2023-08-08 04:00:00,27.4,0,1235.2
2023-08-08 05:00:00,23.5,0,1010.9
2023-08-08 06:00:00,24.6,0,1150.0
2023-08-08 07:00:00,26.6,0,1402.4
2023-08-08 08:00:00,28.3,0,1617.6
2023-08-08 09:00:00,29.3,0,1749.3
2023-08-08 10:00:00,29.1,0,1620.8
2023-08-08 11:00:00,33.4,0,2069.3
2023-08-08 12:00:00,31.7,0,1818.9
2023-08-08 13:00:00,31.5,0,1698.8
2023-08-08 14:00:00,32.2,0,1818.3
2023-08-08 15:00:00,27.9,0,1498.8
2023-08-08 16:00:00,29.9,0,1653.3
2023-08-08 17:00:00,29.5,0,1720.4
2023-08-08 18:00:00,28.2,0,1639.5
2023-08-08 19:00:00,27.2,0,1508.9
2023-08-08 20:00:00,23.0,0,1308.7
2023-08-08 21:00:00,23.6,0,1283.8
2023-08-08 22:00:00,23.0,0,1231.7
2023-08-08 23:00:00,20.0,0,1015.0
2023-08-09 00:00:00,23.0,0,1049.4
2023-08-09 01:00:00,20.9,0,826.4
2023-08-09 02:00:00,23.5,0,965.1
2023-08-09 03:00:00,26.3,0,1096.3
2023-08-09 04:00:00,27.6,0,1180.4
2023-08-09 05:00:00,19.7,0,1047.0
2023-08-09 06:00:00,30.1,0,1609.0
2023-08-09 07:00:00,29.1,0,1642.1
2023-08-09 08:00:00,28.7,0,1503.0
2023-08-09 09:00:00,30.8,0,1850.2
2023-08-09 10:00:00,28.9,0,1661.6
2023-08-09 11:00:00,33.5,0,2057.9
2023-08-09 12:00:00,33.1,0,1948.3
2023-08-09 13:00:00,28.8,0,1450.8
2023-08-09 14:00:00,29.8,0,1571.0
2023-08-09 15:00:00,29.1,0,1547.7
2023-08-09 16:00:00,31.9,0,1923.1
2023-08-09 17:00:00,28.0,0,1596.4
2023-08-09 18:00:00,25.8,0,1493.2
2023-08-09 19:00:00,26.3,0,1483.7
2023-08-09 20:00:00,20.2,0,1286.1
2023-08-09 21:00:00,22.6,0,1327.0
2023-08-09 22:00:00,18.4,0,1217.2
2023-08-09 23:00:00,22.6,0,1130.0
2023-08-10 00:00:00,18.9,0,1261.3
2023-08-10 01:00:00,21.3,0,1137.3
2023-08-10 02:00:00,20.2,0,1099.1
2023-08-10 03:00:00,24.3,0,1130.9
2023-08-10 04:00:00,24.0,0,1133.2
2023-08-10 05:00:00,24.7,0,1270.9
2023-08-10 06:00:00,26.7,0,1487.2
2023-08-10 07:00:00,27.1,0,1548.1
2023-08-10 08:00:00,28.9,0,1748.2
2023-08-10 09:00:00,31.3,0,2064.7
2023-08-10 10:00:00,30.2,0,1953.7
2023-08-10 11:00:00,27.8,0,1637.8
2023-08-10 12:00:00,27.0,0,1561.4
2023-08-10 13:00:00,30.1,0,1743.5
2023-08-10 14:00:00,28.6,0,1587.3
2023-08-10 15:00:00,29.4,0,1793.2
2023-08-10 16:00:00,30.6,0,1909.4
2023-08-10 17:00:00,30.3,0,2050.0
2023-08-10 18:00:00,26.4,0,1602.9
2023-08-10 19:00:00,21.2,0,1537.7
2023-08-10 20:00:00,24.3,0,1511.3
2023-08-10 21:00:00,24.0,0,1567.8
2023-08-10 22:00:00,24.3,0,1564.5
2023-08-10 23:00:00,18.9,0,1253.2
2023-08-11 00:00:00,19.9,0,1132.5
2023-08-11 01:00:00,27.1,0,1366.9
2023-08-11 02:00:00,19.8,0,1051.8
2023-08-11 03:00:00,24.6,0,1221.3
2023-08-11 04:00:00,23.3,0,1219.0
2023-08-11 05:00:00,29.1,0,1584.1
2023-08-11 06:00:00,27.0,0,1552.8
2023-08-11 07:00:00,26.4,0,1481.9
2023-08-11 08:00:00,28.9,0,1713.5
2023-08-11 09:00:00,29.3,0,1865.5
2023-08-11 10:00:00,33.2,0,2281.3
2023-08-11 11:00:00,32.3,0,2056.4
2023-08-11 12:00:00,34.7,0,2341.9
2023-08-11 13:00:00,30.5,0,1716.7
2023-08-11 14:00:00,31.9,0,1989.6
2023-08-11 15:00:00,32.0,0,2027.9
2023-08-11 16:00:00,27.9,0,1677.5
2023-08-11 17:00:00,23.7,0,1477.6
2023-08-11 18:00:00,28.6,0,1886.0
2023-08-11 19:00:00,22.1,0,1499.9
2023-08-11 20:00:00,20.7,0,1492.5
2023-08-11 21:00:00,23.5,0,1439.3
2023-08-11 22:00:00,21.5,0,1353.9
2023-08-11 23:00:00,22.3,0,1418.3
2023-08-12 00:00:00,27.5,0,1382.7
2023-08-12 01:00:00,21.3,0,1121.0
2023-08-12 02:00:00,20.5,0,1117.1
2023-08-12 03:00:00,24.8,0,1186.1
2023-08-12 04:00:00,26.4,0,1309.8
2023-08-12 05:00:00,23.9,0,1230.5
2023-08-12 06:00:00,25.2,0,1339.9
2023-08-12 07:00:00,25.5,0,1550.0
2023-08-12 08:00:00,30.1,0,1867.4
2023-08-12 09:00:00,29.8,0,1822.9
2023-08-12 10:00:00,30.2,0,1953.1
2023-08-12 11:00:00,29.9,0,1868.3
2023-08-12 12:00:00,33.0,0,2139.1
2023-08-12 13:00:00,28.9,0,1644.7
2023-08-12 14:00:00,30.2,0,1883.4
2023-08-12 15:00:00,28.9,0,1668.9
2023-08-12 16:00:00,28.9,0,1700.7
2023-08-12 17:00:00,27.5,0,1634.7
2023-08-12 18:00:00,26.5,0,1665.6
2023-08-12 19:00:00,23.6,0,1485.2
2023-08-12 20:00:00,23.7,0,1535.6
2023-08-12 21:00:00,22.6,0,1442.7
2023-08-12 22:00:00,20.6,0,1311.0
2023-08-12 23:00:00,19.3,0,1333.2
2023-08-13 00:00:00,20.2,0,1192.2
2023-08-13 01:00:00,21.6,0,1178.1
2023-08-13 02:00:00,24.0,0,1090.2
2023-08-13 03:00:00,23.3,0,1078.4
2023-08-13 04:00:00,23.8,0,1176.3
2023-08-13 05:00:00,25.6,0,1236.3
2023-08-13 06:00:00,29.1,0,1671.9
2023-08-13 07:00:00,22.9,0,1289.1
2023-08-13 08:00:00,28.9,0,1773.7
2023-08-13 09:00:00,34.8,0,2552.7
2023-08-13 10:00:00,29.9,0,1880.1
2023-08-13 11:00:00,30.2,0,1942.3
2023-08-13 12:00:00,32.4,0,2031.9
2023-08-13 13:00:00,34.8,0,2478.3
2023-08-13 14:00:00,29.1,0,1643.9
2023-08-13 15:00:00,30.8,0,1905.4
2023-08-13 16:00:00,26.4,0,1678.1
2023-08-13 17:00:00,25.9,0,1639.1
2023-08-13 18:00:00,26.5,0,1635.9
2023-08-13 19:00:00,26.2,0,1663.9
2023-08-13 20:00:00,22.4,0,1567.4
2023-08-13 21:00:00,23.8,0,1508.7
2023-08-13 22:00:00,18.0,0,1318.1
2023-08-13 23:00:00,20.6,0,1367.4
2023-08-14 00:00:00,24.9,0,1355.4
2023-08-14 01:00:00,18.5,0,1190.4
2023-08-14 02:00:00,21.7,0,989.8
2023-08-14 03:00:00,24.9,0,1151.5
2023-08-14 04:00:00,27.1,0,1352.9
2023-08-14 05:00:00,25.5,0,1313.8
2023-08-14 06:00:00,26.3,0,1463.7
2023-08-14 07:00:00,22.1,0,1284.1
2023-08-14 08:00:00,29.9,0,1899.6
2023-08-14 09:00:00,26.7,0,1713.1
2023-08-14 10:00:00,28.1,0,1704.2
2023-08-14 11:00:00,32.7,0,2126.4
2023-08-14 12:00:00,33.2,0,2125.1
2023-08-14 13:00:00,32.3,0,2092.3
2023-08-14 14:00:00,26.6,0,1509.0
2023-08-14 15:00:00,33.1,0,2075.6
2023-08-14 16:00:00,28.5,0,1759.4
2023-08-14 17:00:00,23.5,0,1402.7
2023-08-14 18:00:00,28.2,0,1743.5
2023-08-14 19:00:00,20.1,0,1452.6
2023-08-14 20:00:00,21.3,0,1514.8
2023-08-14 21:00:00,23.9,0,1526.4
2023-08-14 22:00:00,22.0,0,1393.2
2023-08-14 23:00:00,19.3,0,1293.6
2023-08-15 00:00:00,19.8,0,981.6
2023-08-15 01:00:00,19.2,0,1003.4
2023-08-15 02:00:00,21.2,0,864.3
2023-08-15 03:00:00,19.9,0,916.8
2023-08-15 04:00:00,19.0,0,998.3
2023-08-15 05:00:00,25.9,0,1229.2
2023-08-15 06:00:00,24.8,0,1104.1
2023-08-15 07:00:00,26.7,0,1393.0
2023-08-15 08:00:00,27.2,0,1442.2
2023-08-15 09:00:00,27.2,0,1500.1
2023-08-15 10:00:00,31.7,0,1912.7
2023-08-15 11:00:00,29.0,0,1663.9
2023-08-15 12:00:00,32.1,0,1832.8
2023-08-15 13:00:00,29.9,0,1629.7
2023-08-15 14:00:00,29.7,0,1549.1
2023-08-15 15:00:00,28.8,0,1620.8
2023-08-15 16:00:00,30.5,0,1805.2
2023-08-15 17:00:00,27.0,0,1520.6
2023-08-15 18:00:00,27.1,0,1560.4
2023-08-15 19:00:00,24.4,0,1414.5
2023-08-15 20:00:00,23.6,0,1359.2
2023-08-15 21:00:00,22.9,0,1324.5
2023-08-15 22:00:00,25.2,0,1340.2
2023-08-15 23:00:00,20.4,0,1214.2
2023-08-16 00:00:00,21.7,0,1124.7
2023-08-16 01:00:00,20.2,0,970.9
2023-08-16 02:00:00,24.2,0,1114.9
2023-08-16 03:00:00,21.7,0,949.9
2023-08-16 04:00:00,23.4,0,1037.0
2023-08-16 05:00:00,24.5,0,1069.6
2023-08-16 06:00:00,28.8,0,1444.5
2023-08-16 07:00:00,24.8,0,1329.2
2023-08-16 08:00:00,26.0,0,1448.9
2023-08-16 09:00:00,30.7,0,1823.9
2023-08-16 10:00:00,29.6,0,1682.3
2023-08-16 11:00:00,32.0,0,1916.0
2023-08-16 12:00:00,32.2,0,1931.1
2023-08-16 13:00:00,30.3,0,1518.7
2023-08-16 14:00:00,30.9,0,1810.5
2023-08-16 15:00:00,30.4,0,1707.5
2023-08-16 16:00:00,25.9,0,1342.9
2023-08-16 17:00:00,26.6,0,1527.4
2023-08-16 18:00:00,28.7,0,1587.4
2023-08-16 19:00:00,25.0,0,1549.2
2023-08-16 20:00:00,22.5,0,1284.3
2023-08-16 21:00:00,21.4,0,1311.2
2023-08-16 22:00:00,21.5,0,1272.5
2023-08-16 23:00:00,20.5,0,1221.6
2023-08-17 00:00:00,19.6,0,1163.7
2023-08-17 01:00:00,15.3,0,1160.1
2023-08-17 02:00:00,24.2,0,1168.9
2023-08-17 03:00:00,19.9,0,1007.0
2023-08-17 04:00:00,23.6,0,1114.0
2023-08-17 05:00:00,21.1,0,1068.2
2023-08-17 06:00:00,26.3,0,1455.8
2023-08-17 07:00:00,25.2,0,1528.4
2023-08-17 08:00:00,28.8,0,1752.3
2023-08-17 09:00:00,28.3,0,1764.9
2023-08-17 10:00:00,27.4,0,1652.8
2023-08-17 11:00:00,30.8,0,1914.9
2023-08-17 12:00:00,31.3,0,1925.5
2023-08-17 13:00:00,30.1,0,1757.1
2023-08-17 14:00:00,32.1,0,2052.5
2023-08-17 15:00:00,29.0,0,1718.4
2023-08-17 16:00:00,28.1,0,1709.4
2023-08-17 17:00:00,27.8,0,1756.6
2023-08-17 18:00:00,29.1,0,1896.8
2023-08-17 19:00:00,25.2,0,1599.6
2023-08-17 20:00:00,19.8,0,1461.5
2023-08-17 21:00:00,17.5,0,1430.4
2023-08-17 22:00:00,21.5,0,1280.7
2023-08-17 23:00:00,21.6,0,1351.5
2023-08-18 00:00:00,19.2,0,1212.8
2023-08-18 01:00:00,21.5,0,1098.6
2023-08-18 02:00:00,20.1,0,1063.0
2023-08-18 03:00:00,16.9,0,1120.4
2023-08-18 04:00:00,21.8,0,1158.2
2023-08-18 05:00:00,23.0,0,1179.2
2023-08-18 06:00:00,24.2,0,1290.6
2023-08-18 07:00:00,28.8,0,1724.8
2023-08-18 08:00:00,27.1,0,1642.9
2023-08-18 09:00:00,28.2,0,1789.7
2023-08-18 10:00:00,26.1,0,1600.0
2023-08-18 11:00:00,30.0,0,1842.3
2023-08-18 12:00:00,30.6,0,1905.5
2023-08-18 13:00:00,28.0,0,1602.4
2023-08-18 14:00:00,29.1,0,1762.9
2023-08-18 15:00:00,30.4,0,1793.1
2023-08-18 16:00:00,27.2,0,1630.4
2023-08-18 17:00:00,24.7,0,1546.0
2023-08-18 18:00:00,27.9,0,1816.4
2023-08-18 19:00:00,20.5,0,1491.5
2023-08-18 20:00:00,22.1,0,1473.5
2023-08-18 21:00:00,21.5,0,1439.4
2023-08-18 22:00:00,23.1,0,1452.0
2023-08-18 23:00:00,18.4,0,1360.4
2023-08-19 00:00:00,20.9,0,1226.6
2023-08-19 01:00:00,21.7,0,1060.9
2023-08-19 02:00:00,21.6,0,1170.5
2023-08-19 03:00:00,18.7,0,1178.5
2023-08-19 04:00:00,20.2,0,1176.6
2023-08-19 05:00:00,24.4,0,1277.3
2023-08-19 06:00:00,26.0,0,1396.5
2023-08-19 07:00:00,25.3,0,1464.6
2023-08-19 08:00:00,28.7,0,1735.9
2023-08-19 09:00:00,30.1,0,1981.7
2023-08-19 10:00:00,31.0,0,1994.4
2023-08-19 11:00:00,33.9,0,2281.0
2023-08-19 12:00:00,28.5,0,1745.4
2023-08-19 13:00:00,30.7,0,1934.7
2023-08-19 14:00:00,29.9,0,1834.5
2023-08-19 15:00:00,26.9,0,1565.7
2023-08-19 16:00:00,26.1,0,1532.7
2023-08-19 17:00:00,22.4,0,1528.4
2023-08-19 18:00:00,21.4,0,1455.9
2023-08-19 19:00:00,24.6,0,1699.1
2023-08-19 20:00:00,20.3,0,1441.8
2023-08-19 21:00:00,20.9,0,1493.9
2023-08-19 22:00:00,20.7,0,1396.9
2023-08-19 23:00:00,18.1,0,1372.8
2023-08-20 00:00:00,17.5,0,1274.8
2023-08-20 01:00:00,22.0,0,1150.1
2023-08-20 02:00:00,21.0,0,1033.9
2023-08-20 03:00:00,18.1,0,1108.1
2023-08-20 04:00:00,20.9,0,1054.8
2023-08-20 05:00:00,22.8,0,1331.0
2023-08-20 06:00:00,23.9,0,1353.5
2023-08-20 07:00:00,28.5,0,1727.8
2023-08-20 08:00:00,30.6,0,1934.9
2023-08-20 09:00:00,29.8,0,1909.4
2023-08-20 10:00:00,30.3,0,1822.3
2023-08-20 11:00:00,28.7,0,1705.4
2023-08-20 12:00:00,24.7,0,1457.2
2023-08-20 13:00:00,30.1,0,1871.3
2023-08-20 14:00:00,28.5,0,1659.0
2023-08-20 15:00:00,23.9,0,1393.4
2023-08-20 16:00:00,28.2,0,1761.6
2023-08-20 17:00:00,28.3,0,1640.6
2023-08-20 18:00:00,24.5,0,1536.4
2023-08-20 19:00:00,24.0,0,1502.0
2023-08-20 20:00:00,21.8,0,1414.1
2023-08-20 21:00:00,21.4,0,1502.9
2023-08-20 22:00:00,19.9,0,1343.5
2023-08-20 23:00:00,20.0,0,1325.7
2023-08-21 00:00:00,20.5,0,1216.9
2023-08-21 01:00:00,20.3,0,1065.2
2023-08-21 02:00:00,20.7,0,1078.9
2023-08-21 03:00:00,23.7,0,1135.7
2023-08-21 04:00:00,22.1,0,1136.5
2023-08-21 05:00:00,21.2,0,1257.1
2023-08-21 06:00:00,25.7,0,1454.2
2023-08-21 07:00:00,26.4,0,1545.1
2023-08-21 08:00:00,26.8,0,1623.1
2023-08-21 09:00:00,24.6,0,1560.6
2023-08-21 10:00:00,26.5,0,1705.6
2023-08-21 11:00:00,29.6,0,1890.0
2023-08-21 12:00:00,29.0,0,1724.9
2023-08-21 13:00:00,34.1,0,2263.2
2023-08-21 14:00:00,29.2,0,1750.8
2023-08-21 15:00:00,29.0,0,1678.7
2023-08-21 16:00:00,26.1,0,1489.0
2023-08-21 17:00:00,25.1,0,1538.6
2023-08-21 18:00:00,22.7,0,1463.9
2023-08-21 19:00:00,21.9,0,1555.3
2023-08-21 20:00:00,21.0,0,1500.2
2023-08-21 21:00:00,20.0,0,1522.9
2023-08-21 22:00:00,18.9,0,1429.2
2023-08-21 23:00:00,18.3,0,1325.7
2023-08-22 00:00:00,15.5,0,1133.1
2023-08-22 01:00:00,18.3,0,972.2
2023-08-22 02:00:00,19.1,0,1086.2
2023-08-22 03:00:00,19.1,0,893.7
2023-08-22 04:00:00,23.5,0,1020.3
2023-08-22 05:00:00,21.6,0,1006.6
2023-08-22 06:00:00,25.7,0,1164.5
2023-08-22 07:00:00,29.5,0,1586.1
2023-08-22 08:00:00,27.5,0,1466.2
2023-08-22 09:00:00,26.3,0,1507.4
2023-08-22 10:00:00,28.0,0,1590.3
2023-08-22 11:00:00,30.5,0,1726.3
2023-08-22 12:00:00,27.9,0,1471.1
2023-08-22 13:00:00,30.1,0,1697.3
2023-08-22 14:00:00,29.2,0,1521.9
2023-08-22 15:00:00,29.0,0,1577.7
2023-08-22 16:00:00,27.8,0,1613.9
2023-08-22 17:00:00,24.3,0,1345.0
2023-08-22 18:00:00,26.7,0,1580.9
2023-08-22 19:00:00,25.3,0,1489.4
2023-08-22 20:00:00,20.1,0,1268.8
2023-08-22 21:00:00,19.3,0,1314.2
2023-08-22 22:00:00,18.9,0,1266.4
2023-08-22 23:00:00,19.1,0,1218.1
2023-08-23 00:00:00,22.5,0,1075.7
2023-08-23 01:00:00,15.8,0,1014.5
2023-08-23 02:00:00,19.9,0,963.5
2023-08-23 03:00:00,18.0,0,1033.1
2023-08-23 04:00:00,21.6,0,940.1
2023-08-23 05:00:00,20.4,0,1075.1
2023-08-23 06:00:00,23.4,0,1186.5
2023-08-23 07:00:00,24.6,0,1308.0
2023-08-23 08:00:00,25.4,0,1390.4
2023-08-23 09:00:00,27.9,0,1626.7
2023-08-23 10:00:00,26.9,0,1462.2
2023-08-23 11:00:00,28.5,0,1502.6
2023-08-23 12:00:00,26.8,0,1356.2
2023-08-23 13:00:00,30.2,0,1737.4
2023-08-23 14:00:00,29.6,0,1650.2
2023-08-23 15:00:00,28.2,0,1548.5
2023-08-23 16:00:00,27.4,0,1510.1
2023-08-23 17:00:00,25.4,0,1458.0
2023-08-23 18:00:00,23.3,0,1370.0
2023-08-23 19:00:00,26.4,0,1454.9
2023-08-23 20:00:00,18.9,0,1356.7
2023-08-23 21:00:00,23.8,0,1349.2
2023-08-23 22:00:00,20.7,0,1240.0
2023-08-23 23:00:00,16.6,0,1240.4
2023-08-24 00:00:00,21.9,0,1257.4
2023-08-24 01:00:00,16.5,0,1140.0
2023-08-24 02:00:00,19.6,0,1120.3
2023-08-24 03:00:00,21.7,0,1076.8
2023-08-24 04:00:00,24.7,0,1294.6
2023-08-24 05:00:00,17.5,0,1206.4
2023-08-24 06:00:00,22.8,0,1295.0
2023-08-24 07:00:00,23.8,0,1460.0
2023-08-24 08:00:00,26.7,0,1633.4
2023-08-24 09:00:00,25.3,0,1485.6
2023-08-24 10:00:00,28.0,0,1704.2
2023-08-24 11:00:00,28.8,0,1717.8
2023-08-24 12:00:00,24.9,0,1449.7
2023-08-24 13:00:00,29.5,0,1841.1
2023-08-24 14:00:00,29.1,0,1659.0
2023-08-24 15:00:00,28.5,0,1686.8
2023-08-24 16:00:00,24.3,0,1547.1
2023-08-24 17:00:00,26.2,0,1624.2
2023-08-24 18:00:00,23.8,0,1662.2
2023-08-24 19:00:00,20.4,0,1469.2
2023-08-24 20:00:00,22.0,0,1516.3
2023-08-24 21:00:00,21.0,0,1427.3
2023-08-24 22:00:00,15.2,0,1495.9
2023-08-24 23:00:00,18.3,0,1251.2
2023-08-25 00:00:00,16.8,0,1231.2
2023-08-25 01:00:00,14.7,0,1306.5
2023-08-25 02:00:00,20.3,0,1104.2
2023-08-25 03:00:00,19.1,0,1145.6
2023-08-25 04:00:00,22.7,0,1094.9
2023-08-25 05:00:00,25.1,0,1325.6
2023-08-25 06:00:00,24.1,0,1348.4
2023-08-25 07:00:00,24.0,0,1426.5
2023-08-25 08:00:00,23.0,0,1518.3
2023-08-25 09:00:00,21.9,0,1441.1
2023-08-25 10:00:00,25.4,0,1559.9
2023-08-25 11:00:00,28.8,0,1805.4
2023-08-25 12:00:00,26.0,0,1512.4
2023-08-25 13:00:00,30.6,0,1831.6
2023-08-25 14:00:00,28.6,0,1645.0
2023-08-25 15:00:00,27.5,0,1690.2
2023-08-25 16:00:00,24.5,0,1461.1
2023-08-25 17:00:00,23.5,0,1514.7
2023-08-25 18:00:00,28.4,0,1766.0
2023-08-25 19:00:00,24.2,0,1602.7
2023-08-25 20:00:00,20.6,0,1445.4
2023-08-25 21:00:00,14.5,0,1600.0
2023-08-25 22:00:00,19.8,0,1462.8
2023-08-25 23:00:00,17.5,0,1412.3
2023-08-26 00:00:00,19.5,0,1108.5
2023-08-26 01:00:00,18.7,0,1113.1
2023-08-26 02:00:00,18.9,0,1030.2
2023-08-26 03:00:00,21.6,0,1171.5
2023-08-26 04:00:00,23.6,0,1142.5
2023-08-26 05:00:00,25.5,0,1313.3
2023-08-26 06:00:00,24.9,0,1377.0
2023-08-26 07:00:00,22.8,0,1434.7
2023-08-26 08:00:00,24.6,0,1575.1
2023-08-26 09:00:00,29.0,0,1856.1
2023-08-26 10:00:00,24.3,0,1584.2
2023-08-26 11:00:00,26.7,0,1551.2
2023-08-26 12:00:00,26.1,0,1512.9
2023-08-26 13:00:00,30.6,0,1869.4
2023-08-26 14:00:00,28.2,0,1642.9
2023-08-26 15:00:00,25.6,0,1513.9
2023-08-26 16:00:00,26.3,0,1678.2
2023-08-26 17:00:00,24.5,0,1515.9
2023-08-26 18:00:00,21.1,0,1604.0
2023-08-26 19:00:00,25.3,0,1677.5
2023-08-26 20:00:00,21.1,0,1489.1
2023-08-26 21:00:00,19.9,0,1477.1
2023-08-26 22:00:00,21.8,0,1472.7
2023-08-26 23:00:00,16.6,0,1486.0
2023-08-27 00:00:00,16.9,0,1299.2
2023-08-27 01:00:00,17.6,0,1231.6
2023-08-27 02:00:00,20.9,0,1179.3
2023-08-27 03:00:00,17.4,0,1120.6
2023-08-27 04:00:00,21.0,0,1163.2
2023-08-27 05:00:00,20.8,0,1281.5
2023-08-27 06:00:00,21.6,0,1257.4
2023-08-27 07:00:00,24.4,0,1474.7
2023-08-27 08:00:00,24.8,0,1502.3
2023-08-27 09:00:00,26.4,0,1650.8
2023-08-27 10:00:00,27.4,0,1730.8
2023-08-27 11:00:00,25.9,0,1527.0
2023-08-27 12:00:00,24.8,0,1499.6
2023-08-27 13:00:00,23.6,0,1422.5
2023-08-27 14:00:00,32.4,0,2123.2
2023-08-27 15:00:00,27.8,0,1703.8
2023-08-27 16:00:00,26.7,0,1559.5
2023-08-27 17:00:00,26.5,0,1640.2
2023-08-27 18:00:00,23.6,0,1591.5
2023-08-27 19:00:00,21.6,0,1420.8
2023-08-27 20:00:00,18.2,0,1438.0
2023-08-27 21:00:00,20.7,0,1484.1
2023-08-27 22:00:00,19.5,0,1475.5
2023-08-27 23:00:00,17.5,0,1450.5
2023-08-28 00:00:00,15.9,0,1291.6
2023-08-28 01:00:00,15.0,0,1332.4
2023-08-28 02:00:00,17.0,0,1168.8
2023-08-28 03:00:00,17.2,0,1177.5
2023-08-28 04:00:00,19.1,0,1211.7
2023-08-28 05:00:00,21.3,0,1140.2
2023-08-28 06:00:00,21.2,0,1283.9
2023-08-28 07:00:00,24.0,0,1552.4
2023-08-28 08:00:00,25.7,0,1644.0
2023-08-28 09:00:00,26.0,0,1717.1
2023-08-28 10:00:00,28.3,0,1762.1
2023-08-28 11:00:00,28.8,0,1653.8
2023-08-28 12:00:00,30.2,0,1867.0
2023-08-28 13:00:00,27.4,0,1561.1
2023-08-28 14:00:00,29.0,0,1713.0
2023-08-28 15:00:00,27.6,0,1590.4
2023-08-28 16:00:00,23.8,0,1503.7
2023-08-28 17:00:00,25.4,0,1637.2
2023-08-28 18:00:00,21.9,0,1571.6
2023-08-28 19:00:00,25.1,0,1568.1
2023-08-28 20:00:00,20.1,0,1491.4
2023-08-28 21:00:00,17.8,0,1426.1
2023-08-28 22:00:00,17.1,0,1504.9
2023-08-28 23:00:00,16.7,0,1305.6
2023-08-29 00:00:00,16.5,0,1065.0
2023-08-29 01:00:00,14.1,0,1191.4
2023-08-29 02:00:00,18.1,0,944.7
2023-08-29 03:00:00,19.4,0,995.5
2023-08-29 04:00:00,17.9,0,928.1
2023-08-29 05:00:00,21.9,0,1041.3
2023-08-29 06:00:00,22.2,0,1187.5
2023-08-29 07:00:00,22.0,0,1267.4
2023-08-29 08:00:00,23.9,0,1360.1
2023-08-29 09:00:00,21.0,0,1263.9
2023-08-29 10:00:00,27.3,0,1527.7
2023-08-29 11:00:00,28.0,0,1590.9
2023-08-29 12:00:00,29.7,0,1673.8
2023-08-29 13:00:00,24.3,0,1240.0
2023-08-29 14:00:00,24.5,0,1310.6
2023-08-29 15:00:00,30.5,0,1748.6
2023-08-29 16:00:00,24.6,0,1253.5
2023-08-29 17:00:00,26.7,0,1514.6
2023-08-29 18:00:00,21.4,0,1280.9
2023-08-29 19:00:00,18.1,0,1386.0
2023-08-29 20:00:00,18.1,0,1443.7
2023-08-29 21:00:00,16.8,0,1296.1
2023-08-29 22:00:00,21.8,0,1241.8
2023-08-29 23:00:00,15.2,0,1388.8
2023-08-30 00:00:00,18.9,0,1153.4
2023-08-30 01:00:00,14.9,0,1131.8
2023-08-30 02:00:00,20.6,0,933.1
2023-08-30 03:00:00,14.9,0,1046.9
2023-08-30 04:00:00,18.5,0,963.9
2023-08-30 05:00:00,21.5,0,1057.1
2023-08-30 06:00:00,23.7,0,1249.6
2023-08-30 07:00:00,22.0,0,1270.4
2023-08-30 08:00:00,27.9,0,1577.6
2023-08-30 09:00:00,25.7,0,1438.5
2023-08-30 10:00:00,25.4,0,1428.9
2023-08-30 11:00:00,24.6,0,1350.2
2023-08-30 12:00:00,33.4,0,2089.3
2023-08-30 13:00:00,26.9,0,1340.0
2023-08-30 14:00:00,24.5,0,1239.1
2023-08-30 15:00:00,25.4,0,1303.9
2023-08-30 16:00:00,24.2,0,1287.4
2023-08-30 17:00:00,26.0,0,1488.8
2023-08-30 18:00:00,22.1,0,1324.5
2023-08-30 19:00:00,20.3,0,1329.8
2023-08-30 20:00:00,19.6,0,1353.8
2023-08-30 21:00:00,22.3,0,1296.1
2023-08-30 22:00:00,20.2,0,1166.3
2023-08-30 23:00:00,18.1,0,1223.4
2023-08-31 00:00:00,20.1,0,1201.4
2023-08-31 01:00:00,13.7,0,1330.8
2023-08-31 02:00:00,17.2,0,1251.6
2023-08-31 03:00:00,21.7,0,1200.2
2023-08-31 04:00:00,17.9,0,1145.7
2023-08-31 05:00:00,21.6,0,1316.6
2023-08-31 06:00:00,25.7,0,1469.4
2023-08-31 07:00:00,22.0,0,1368.2
2023-08-31 08:00:00,23.8,0,1473.1
2023-08-31 09:00:00,24.9,0,1596.2
2023-08-31 10:00:00,24.7,0,1538.5
2023-08-31 11:00:00,29.0,0,1764.7
2023-08-31 12:00:00,29.3,0,1723.4
2023-08-31 13:00:00,27.3,0,1564.5
2023-08-31 14:00:00,27.7,0,1560.6
2023-08-31 15:00:00,26.9,0,1643.8
2023-08-31 16:00:00,22.8,0,1438.8
2023-08-31 17:00:00,24.5,0,1468.7
2023-08-31 18:00:00,24.2,0,1524.6
2023-08-31 19:00:00,23.5,0,1615.9
2023-08-31 20:00:00,20.7,0,1591.3
2023-08-31 21:00:00,20.9,0,1507.7
2023-08-31 22:00:00,16.3,0,1533.5
2023-08-31 23:00:00,16.2,0,1452.5
2023-09-01 00:00:00,17.4,0,1201.5
2023-09-01 01:00:00,15.2,0,1288.4
2023-09-01 02:00:00,19.3,0,1075.1
2023-09-01 03:00:00,19.8,0,1192.3
2023-09-01 04:00:00,18.7,0,1166.2
2023-09-01 05:00:00,23.8,0,1227.8
2023-09-01 06:00:00,24.2,0,1367.4
2023-09-01 07:00:00,24.6,0,1447.9
2023-09-01 08:00:00,28.0,0,1721.6
2023-09-01 09:00:00,24.3,0,1630.4
2023-09-01 10:00:00,25.1,0,1662.2
2023-09-01 11:00:00,24.4,0,1429.2
2023-09-01 12:00:00,26.3,0,1533.2
2023-09-01 13:00:00,27.0,0,1598.9
2023-09-01 14:00:00,27.2,0,1516.8
2023-09-01 15:00:00,26.9,0,1559.2
2023-09-01 16:00:00,20.4,0,1395.5
2023-09-01 17:00:00,21.8,0,1522.9
2023-09-01 18:00:00,20.9,0,1499.6
2023-09-01 19:00:00,21.8,0,1571.0
2023-09-01 20:00:00,15.7,0,1611.9
2023-09-01 21:00:00,17.8,0,1580.3
2023-09-01 22:00:00,19.6,0,1503.5
2023-09-01 23:00:00,17.3,0,1480.2
2023-09-02 00:00:00,17.2,0,1188.8
2023-09-02 01:00:00,19.1,0,1229.4
2023-09-02 02:00:00,15.9,0,1182.7
2023-09-02 03:00:00,18.6,0,1120.8
2023-09-02 04:00:00,16.7,0,1243.4
2023-09-02 05:00:00,19.9,0,1246.1
2023-09-02 06:00:00,15.6,0,1355.9
2023-09-02 07:00:00,25.7,0,1563.8
2023-09-02 08:00:00,24.8,0,1504.3
2023-09-02 09:00:00,24.8,0,1607.9
2023-09-02 10:00:00,27.2,0,1636.4
2023-09-02 11:00:00,28.1,0,1776.2
2023-09-02 12:00:00,25.8,0,1431.9
2023-09-02 13:00:00,25.2,0,1647.8
2023-09-02 14:00:00,24.5,0,1412.2
2023-09-02 15:00:00,27.2,0,1658.1
2023-09-02 16:00:00,24.3,0,1516.3
2023-09-02 17:00:00,23.9,0,1467.3
2023-09-02 18:00:00,23.1,0,1585.4
2023-09-02 19:00:00,19.1,0,1521.2
2023-09-02 20:00:00,19.9,0,1555.5
2023-09-02 21:00:00,15.1,0,1588.0
2023-09-02 22:00:00,19.3,0,1404.9
2023-09-02 23:00:00,19.9,0,1434.9
2023-09-03 00:00:00,16.7,0,1247.2
2023-09-03 01:00:00,17.8,0,1199.2
2023-09-03 02:00:00,21.0,0,1186.4
2023-09-03 03:00:00,17.5,0,1127.6
2023-09-03 04:00:00,20.5,0,1106.9
2023-09-03 05:00:00,20.0,0,1230.1
2023-09-03 06:00:00,22.8,0,1372.3
2023-09-03 07:00:00,24.7,0,1621.1
2023-09-03 08:00:00,24.4,0,1492.6
2023-09-03 09:00:00,24.0,0,1548.7
2023-09-03 10:00:00,24.2,0,1542.9
2023-09-03 11:00:00,26.5,0,1553.6
2023-09-03 12:00:00,26.1,0,1533.9
2023-09-03 13:00:00,26.5,0,1428.9
2023-09-03 14:00:00,26.6,0,1518.1
2023-09-03 15:00:00,26.5,0,1537.0
2023-09-03 16:00:00,23.3,0,1572.5
2023-09-03 17:00:00,22.7,0,1494.1
2023-09-03 18:00:00,22.4,0,1526.6
2023-09-03 19:00:00,18.3,0,1553.6
2023-09-03 20:00:00,19.7,0,1474.5
2023-09-03 21:00:00,14.9,0,1471.7
2023-09-03 22:00:00,19.8,0,1521.7
2023-09-03 23:00:00,17.1,0,1401.1
2023-09-04 00:00:00,19.8,0,1260.7
2023-09-04 01:00:00,16.1,0,1206.6
2023-09-04 02:00:00,15.2,0,1337.6
2023-09-04 03:00:00,13.9,0,1310.2
2023-09-04 04:00:00,22.3,0,1248.1
2023-09-04 05:00:00,24.6,0,1361.7
2023-09-04 06:00:00,21.3,0,1244.3
2023-09-04 07:00:00,24.7,0,1404.3
2023-09-04 08:00:00,23.2,0,1430.6
2023-09-04 09:00:00,26.3,0,1635.4
2023-09-04 10:00:00,24.0,0,1544.0
2023-09-04 11:00:00,27.4,0,1671.6
2023-09-04 12:00:00,29.3,0,1741.1
2023-09-04 13:00:00,24.5,0,1435.2
2023-09-04 14:00:00,23.6,0,1293.1
2023-09-04 15:00:00,23.3,0,1462.8
2023-09-04 16:00:00,24.6,0,1546.5
2023-09-04 17:00:00,24.2,0,1577.9
2023-09-04 18:00:00,20.2,0,1506.2
2023-09-04 19:00:00,23.5,0,1605.2
2023-09-04 20:00:00,19.7,0,1608.7
2023-09-04 21:00:00,17.1,0,1451.1
2023-09-04 22:00:00,14.4,0,1536.0
2023-09-04 23:00:00,19.2,0,1429.6
2023-09-05 00:00:00,18.6,0,1149.9
2023-09-05 01:00:00,16.6,0,1145.0
2023-09-05 02:00:00,18.5,0,1045.6
2023-09-05 03:00:00,17.0,0,1028.0
2023-09-05 04:00:00,21.3,0,953.9
2023-09-05 05:00:00,21.4,0,1064.5
2023-09-05 06:00:00,21.7,0,1086.7
2023-09-05 07:00:00,21.7,0,1305.9
2023-09-05 08:00:00,24.5,0,1402.6
2023-09-05 09:00:00,27.5,0,1626.5
2023-09-05 10:00:00,25.7,0,1491.5
2023-09-05 11:00:00,27.7,0,1621.0
2023-09-05 12:00:00,23.7,0,1302.9
2023-09-05 13:00:00,25.7,0,1313.9
2023-09-05 14:00:00,24.2,0,1313.4
2023-09-05 15:00:00,23.0,0,1323.9
2023-09-05 16:00:00,25.4,0,1373.0
2023-09-05 17:00:00,24.2,0,1462.5
2023-09-05 18:00:00,23.9,0,1472.9
2023-09-05 19:00:00,23.4,0,1416.6
2023-09-05 20:00:00,20.5,0,1368.0
2023-09-05 21:00:00,16.8,0,1331.6
2023-09-05 22:00:00,16.4,0,1390.7
2023-09-05 23:00:00,17.2,0,1362.1
2023-09-06 00:00:00,19.3,0,1084.8
2023-09-06 01:00:00,18.2,0,1111.7
2023-09-06 02:00:00,14.6,0,1114.0
2023-09-06 03:00:00,23.9,0,1072.3
2023-09-06 04:00:00,18.4,0,990.1
2023-09-06 05:00:00,19.9,0,1022.5
2023-09-06 06:00:00,20.9,0,1126.6
2023-09-06 07:00:00,21.1,0,1323.0
2023-09-06 08:00:00,23.1,0,1427.3
2023-09-06 09:00:00,22.2,0,1445.0
2023-09-06 10:00:00,29.6,0,1796.7
2023-09-06 11:00:00,24.7,0,1279.1
2023-09-06 12:00:00,24.7,0,1368.7
2023-09-06 13:00:00,23.7,0,1264.9
2023-09-06 14:00:00,28.2,0,1526.9
2023-09-06 15:00:00,24.6,0,1349.3
2023-09-06 16:00:00,27.4,0,1599.5
2023-09-06 17:00:00,22.7,0,1386.3
2023-09-06 18:00:00,20.6,0,1378.2
2023-09-06 19:00:00,18.5,0,1379.1
2023-09-06 20:00:00,21.7,0,1391.8
2023-09-06 21:00:00,17.9,0,1407.7
2023-09-06 22:00:00,19.2,0,1357.0
2023-09-06 23:00:00,14.8,0,1336.3
2023-09-07 00:00:00,15.7,0,1308.7
2023-09-07 01:00:00,14.7,0,1292.6
2023-09-07 02:00:00,16.8,0,1216.4
2023-09-07 03:00:00,17.3,0,1241.4
2023-09-07 04:00:00,19.3,0,1159.9
2023-09-07 05:00:00,18.5,0,1282.9
2023-09-07 06:00:00,22.2,0,1260.2
2023-09-07 07:00:00,23.1,0,1384.8
2023-09-07 08:00:00,23.3,0,1491.2
2023-09-07 09:00:00,23.6,0,1536.0
2023-09-07 10:00:00,28.3,0,1819.3
2023-09-07 11:00:00,28.6,0,1741.4
2023-09-07 12:00:00,26.0,0,1542.5
2023-09-07 13:00:00,22.1,0,1305.0
2023-09-07 14:00:00,23.8,0,1468.0
2023-09-07 15:00:00,25.7,0,1542.5
2023-09-07 16:00:00,25.4,0,1576.1
2023-09-07 17:00:00,25.0,0,1607.3
2023-09-07 18:00:00,22.8,0,1498.9
2023-09-07 19:00:00,18.5,0,1536.2
2023-09-07 20:00:00,19.0,0,1549.0
2023-09-07 21:00:00,15.0,0,1601.8
2023-09-07 22:00:00,18.6,0,1470.4
2023-09-07 23:00:00,16.1,0,1444.3
2023-09-08 00:00:00,16.6,0,1353.8
2023-09-08 01:00:00,14.1,0,1289.0
2023-09-08 02:00:00,15.8,0,1260.4
2023-09-08 03:00:00,15.3,0,1230.7
2023-09-08 04:00:00,14.4,0,1315.1
2023-09-08 05:00:00,21.3,0,1173.8
2023-09-08 06:00:00,20.9,0,1352.2
2023-09-08 07:00:00,17.9,0,1393.7
2023-09-08 08:00:00,20.9,0,1497.8
2023-09-08 09:00:00,26.4,0,1721.5
2023-09-08 10:00:00,26.9,0,1594.1
2023-09-08 11:00:00,20.8,0,1352.3
2023-09-08 12:00:00,25.9,0,1471.5
2023-09-08 13:00:00,30.4,0,1859.2
2023-09-08 14:00:00,25.9,0,1541.5
2023-09-08 15:00:00,21.6,0,1374.0
2023-09-08 16:00:00,22.4,0,1415.8
2023-09-08 17:00:00,22.2,0,1528.3
2023-09-08 18:00:00,19.7,0,1477.7
2023-09-08 19:00:00,21.4,0,1551.8
2023-09-08 20:00:00,15.0,0,1599.0
2023-09-08 21:00:00,19.2,0,1430.4
2023-09-08 22:00:00,17.6,0,1512.0
2023-09-08 23:00:00,15.0,0,1563.0
2023-09-09 00:00:00,12.1,0,1549.1
2023-09-09 01:00:00,13.9,0,1378.4
2023-09-09 02:00:00,17.4,0,1142.5
2023-09-09 03:00:00,18.5,0,1123.9
2023-09-09 04:00:00,18.8,0,1175.1
2023-09-09 05:00:00,20.5,0,1150.5
2023-09-09 06:00:00,17.5,0,1343.7
2023-09-09 07:00:00,21.9,0,1466.0
2023-09-09 08:00:00,23.2,0,1476.2
2023-09-09 09:00:00,19.6,0,1546.1
2023-09-09 10:00:00,23.8,0,1582.2
2023-09-09 11:00:00,25.4,0,1573.7
2023-09-09 12:00:00,25.4,0,1463.1
2023-09-09 13:00:00,24.9,0,1496.9
2023-09-09 14:00:00,21.2,0,1327.1
2023-09-09 15:00:00,22.5,0,1402.4
2023-09-09 16:00:00,24.7,0,1462.0
2023-09-09 17:00:00,20.6,0,1498.6
2023-09-09 18:00:00,19.8,0,1575.1
2023-09-09 19:00:00,15.3,0,1663.3
2023-09-09 20:00:00,18.1,0,1564.0
2023-09-09 21:00:00,17.7,0,1440.9
2023-09-09 22:00:00,17.2,0,1434.0
2023-09-09 23:00:00,17.7,0,1369.3
2023-09-10 00:00:00,14.9,0,1451.9
2023-09-10 01:00:00,18.0,0,1196.0
2023-09-10 02:00:00,17.0,0,1141.4
2023-09-10 03:00:00,16.4,0,1172.4
2023-09-10 04:00:00,17.7,0,1215.1
2023-09-10 05:00:00,17.8,0,1291.5
2023-09-10 06:00:00,22.5,0,1355.6
2023-09-10 07:00:00,21.1,0,1394.4
2023-09-10 08:00:00,20.2,0,1424.2
2023-09-10 09:00:00,27.9,0,1792.8
2023-09-10 10:00:00,25.6,0,1491.3
2023-09-10 11:00:00,26.0,0,1531.0
2023-09-10 12:00:00,22.2,0,1366.6
2023-09-10 13:00:00,27.6,0,1764.6
2023-09-10 14:00:00,25.3,0,1447.8
2023-09-10 15:00:00,23.2,0,1331.7
2023-09-10 16:00:00,24.1,0,1570.3
2023-09-10 17:00:00,23.3,0,1640.9
2023-09-10 18:00:00,20.8,0,1561.7
2023-09-10 19:00:00,20.2,0,1484.2
2023-09-10 20:00:00,16.6,0,1589.5
2023-09-10 21:00:00,14.9,0,1575.1
2023-09-10 22:00:00,20.4,0,1464.4
2023-09-10 23:00:00,14.6,0,1472.9
2023-09-11 00:00:00,16.0,0,1245.8
2023-09-11 01:00:00,14.7,0,1413.2
2023-09-11 02:00:00,15.8,0,1161.8
2023-09-11 03:00:00,20.3,0,1162.4
2023-09-11 04:00:00,17.9,0,1173.3
2023-09-11 05:00:00,17.4,0,1255.7
2023-09-11 06:00:00,15.6,0,1393.7
2023-09-11 07:00:00,19.9,0,1409.9
2023-09-11 08:00:00,24.7,0,1601.4
2023-09-11 09:00:00,20.9,0,1502.1
2023-09-11 10:00:00,22.5,0,1616.6
2023-09-11 11:00:00,26.4,0,1576.6
2023-09-11 12:00:00,23.3,0,1402.3
2023-09-11 13:00:00,27.0,0,1582.6
2023-09-11 14:00:00,21.6,0,1374.0
2023-09-11 15:00:00,24.1,0,1503.0
2023-09-11 16:00:00,20.4,0,1496.5
2023-09-11 17:00:00,19.5,0,1495.0
2023-09-11 18:00:00,18.2,0,1530.9
2023-09-11 19:00:00,22.1,0,1534.5
2023-09-11 20:00:00,19.3,0,1522.8
2023-09-11 21:00:00,17.4,0,1498.8
2023-09-11 22:00:00,17.3,0,1497.3
2023-09-11 23:00:00,15.7,0,1597.8
2023-09-12 00:00:00,14.4,0,1288.3
2023-09-12 01:00:00,12.1,0,1399.1
2023-09-12 02:00:00,16.0,0,1130.7
2023-09-12 03:00:00,17.0,0,1020.3
2023-09-12 04:00:00,13.5,0,1190.5
2023-09-12 05:00:00,19.5,0,1075.2
2023-09-12 06:00:00,20.2,0,1194.4
2023-09-12 07:00:00,22.9,0,1219.9
2023-09-12 08:00:00,21.4,0,1350.6
2023-09-12 09:00:00,22.0,0,1265.0
2023-09-12 10:00:00,23.7,0,1418.4
2023-09-12 11:00:00,23.7,0,1290.3
2023-09-12 12:00:00,24.4,0,1304.1
2023-09-12 13:00:00,21.7,0,1193.5
2023-09-12 14:00:00,25.3,0,1280.2
2023-09-12 15:00:00,19.7,0,1271.9
2023-09-12 16:00:00,21.3,0,1331.7
2023-09-12 17:00:00,21.2,0,1250.5
2023-09-12 18:00:00,18.3,0,1408.2
2023-09-12 19:00:00,24.0,0,1488.2
2023-09-12 20:00:00,14.3,0,1513.7
2023-09-12 21:00:00,17.0,0,1344.9
2023-09-12 22:00:00,12.5,0,1579.9
2023-09-12 23:00:00,13.0,0,1516.9
2023-09-13 00:00:00,11.9,0,1435.8
2023-09-13 01:00:00,17.9,0,1062.7
2023-09-13 02:00:00,11.5,0,1329.7
2023-09-13 03:00:00,17.8,0,1099.2
2023-09-13 04:00:00,18.9,0,1045.5
2023-09-13 05:00:00,16.2,0,1153.8
2023-09-13 06:00:00,20.2,0,1096.2
2023-09-13 07:00:00,18.2,0,1152.1
2023-09-13 08:00:00,23.2,0,1384.0
2023-09-13 09:00:00,27.8,0,1691.8
2023-09-13 10:00:00,24.3,0,1380.5
2023-09-13 11:00:00,24.2,0,1421.0
2023-09-13 12:00:00,24.0,0,1333.8
2023-09-13 13:00:00,22.1,0,1227.8
2023-09-13 14:00:00,26.3,0,1400.5
2023-09-13 15:00:00,19.1,0,1240.6
2023-09-13 16:00:00,22.3,0,1291.7
2023-09-13 17:00:00,16.5,0,1267.7
2023-09-13 18:00:00,19.9,0,1275.9
2023-09-13 19:00:00,20.8,0,1367.9
2023-09-13 20:00:00,18.2,0,1457.5
2023-09-13 21:00:00,13.2,0,1559.3
2023-09-13 22:00:00,15.9,0,1452.4
2023-09-13 23:00:00,14.4,0,1268.8
2023-09-14 00:00:00,12.5,0,1446.3
2023-09-14 01:00:00,15.4,0,1341.1
2023-09-14 02:00:00,9.0,0,1750.7
2023-09-14 03:00:00,13.9,0,1346.2
2023-09-14 04:00:00,16.3,0,1174.4
2023-09-14 05:00:00,16.8,0,1284.9
2023-09-14 06:00:00,20.8,0,1340.6
2023-09-14 07:00:00,20.7,0,1417.8
2023-09-14 08:00:00,21.4,0,1509.7
2023-09-14 09:00:00,23.0,0,1501.2
2023-09-14 10:00:00,24.7,0,1567.3
2023-09-14 11:00:00,21.7,0,1448.8
2023-09-14 12:00:00,24.6,0,1492.8
2023-09-14 13:00:00,23.1,0,1345.8
2023-09-14 14:00:00,22.2,0,1396.3
2023-09-14 15:00:00,18.4,0,1421.5
2023-09-14 16:00:00,22.8,0,1455.0
2023-09-14 17:00:00,22.9,0,1619.6
2023-09-14 18:00:00,17.4,0,1595.0
2023-09-14 19:00:00,15.7,0,1562.3
2023-09-14 20:00:00,20.0,0,1526.3
2023-09-14 21:00:00,13.6,0,1765.2
2023-09-14 22:00:00,15.0,0,1601.1
2023-09-14 23:00:00,15.0,0,1556.0
2023-09-15 00:00:00,14.7,0,1440.7
2023-09-15 01:00:00,16.0,0,1303.8
2023-09-15 02:00:00,14.9,0,1328.2
2023-09-15 03:00:00,13.9,0,1336.0
2023-09-15 04:00:00,17.6,0,1166.3
2023-09-15 05:00:00,19.7,0,1233.4
2023-09-15 06:00:00,18.2,0,1325.5
2023-09-15 07:00:00,21.1,0,1302.1
2023-09-15 08:00:00,23.3,0,1460.4
2023-09-15 09:00:00,21.0,0,1590.6
2023-09-15 10:00:00,22.7,0,1468.6
2023-09-15 11:00:00,24.3,0,1442.2
2023-09-15 12:00:00,24.2,0,1415.6
2023-09-15 13:00:00,23.3,0,1333.0
2023-09-15 14:00:00,21.4,0,1364.0
2023-09-15 15:00:00,24.2,0,1410.5
2023-09-15 16:00:00,21.3,0,1432.2
2023-09-15 17:00:00,17.4,0,1570.2
2023-09-15 18:00:00,17.1,0,1573.6
2023-09-15 19:00:00,13.9,0,1736.4
2023-09-15 20:00:00,16.5,0,1520.4
2023-09-15 21:00:00,17.9,0,1498.0
2023-09-15 22:00:00,13.4,0,1585.9
2023-09-15 23:00:00,13.9,0,1500.7
2023-09-16 00:00:00,13.8,0,1504.0
2023-09-16 01:00:00,11.3,0,1608.3
2023-09-16 02:00:00,15.7,0,1231.6
2023-09-16 03:00:00,14.2,0,1297.5
2023-09-16 04:00:00,11.8,0,1467.4
2023-09-16 05:00:00,15.3,0,1337.7
2023-09-16 06:00:00,16.5,0,1373.6
2023-09-16 07:00:00,18.3,0,1376.6
2023-09-16 08:00:00,27.1,0,1737.6
2023-09-16 09:00:00,22.9,0,1535.0
2023-09-16 10:00:00,24.6,0,1613.7
2023-09-16 11:00:00,23.7,0,1569.4
2023-09-16 12:00:00,20.9,0,1367.2
2023-09-16 13:00:00,24.7,0,1419.2
2023-09-16 14:00:00,24.1,0,1468.9
2023-09-16 15:00:00,20.5,0,1260.5
2023-09-16 16:00:00,15.9,0,1517.7
2023-09-16 17:00:00,21.8,0,1487.6
2023-09-16 18:00:00,16.1,0,1542.0
2023-09-16 19:00:00,18.9,0,1553.6
2023-09-16 20:00:00,15.9,0,1580.8
2023-09-16 21:00:00,12.0,0,1816.4
2023-09-16 22:00:00,12.8,0,1716.7
2023-09-16 23:00:00,13.6,0,1577.8
2023-09-17 00:00:00,12.4,0,1602.7
2023-09-17 01:00:00,16.3,0,1308.1
2023-09-17 02:00:00,13.2,0,1395.8
2023-09-17 03:00:00,13.9,0,1329.7
2023-09-17 04:00:00,17.7,0,1197.6
2023-09-17 05:00:00,16.7,0,1272.2
2023-09-17 06:00:00,19.0,0,1322.0
2023-09-17 07:00:00,18.9,0,1447.4
2023-09-17 08:00:00,25.0,0,1599.9
2023-09-17 09:00:00,22.3,0,1474.7
2023-09-17 10:00:00,23.0,0,1421.4
2023-09-17 11:00:00,24.3,0,1388.9
2023-09-17 12:00:00,24.9,0,1436.3
2023-09-17 13:00:00,24.4,0,1580.2
2023-09-17 14:00:00,21.0,0,1316.0
2023-09-17 15:00:00,23.7,0,1418.9
2023-09-17 16:00:00,20.9,0,1369.1
2023-09-17 17:00:00,17.9,0,1539.2
2023-09-17 18:00:00,19.6,0,1567.6
2023-09-17 19:00:00,16.8,0,1600.9
2023-09-17 20:00:00,18.4,0,1580.0
2023-09-17 21:00:00,11.2,0,1864.8
2023-09-17 22:00:00,11.7,0,1759.8
2023-09-17 23:00:00,15.2,0,1448.5
2023-09-18 00:00:00,14.4,0,1432.8
2023-09-18 01:00:00,15.5,0,1223.5
2023-09-18 02:00:00,11.8,0,1489.1
2023-09-18 03:00:00,17.1,0,1228.6
2023-09-18 04:00:00,16.3,0,1281.0
2023-09-18 05:00:00,16.8,0,1237.1
2023-09-18 06:00:00,16.1,0,1355.7
2023-09-18 07:00:00,22.5,0,1517.2
2023-09-18 08:00:00,20.7,0,1370.0
2023-09-18 09:00:00,19.6,0,1522.6
2023-09-18 10:00:00,23.7,0,1530.4
2023-09-18 11:00:00,23.8,0,1437.4
2023-09-18 12:00:00,23.7,0,1382.8
2023-09-18 13:00:00,24.0,0,1431.5
2023-09-18 14:00:00,21.2,0,1426.4
2023-09-18 15:00:00,23.0,0,1436.4
2023-09-18 16:00:00,19.9,0,1415.1
2023-09-18 17:00:00,22.7,0,1597.0
2023-09-18 18:00:00,15.2,0,1595.0
2023-09-18 19:00:00,15.4,0,1727.9
2023-09-18 20:00:00,14.9,0,1688.3
2023-09-18 21:00:00,15.3,0,1558.5
2023-09-18 22:00:00,16.4,0,1437.0
2023-09-18 23:00:00,11.8,0,1754.3
2023-09-19 00:00:00,17.1,0,1195.4
2023-09-19 01:00:00,17.8,0,1011.9
2023-09-19 02:00:00,15.0,0,1217.2
2023-09-19 03:00:00,15.2,0,1136.9
2023-09-19 04:00:00,15.8,0,1105.4
2023-09-19 05:00:00,14.8,0,1191.1
2023-09-19 06:00:00,13.0,0,1444.7
2023-09-19 07:00:00,21.8,0,1268.0
2023-09-19 08:00:00,20.5,0,1362.4
2023-09-19 09:00:00,24.3,0,1371.1
2023-09-19 10:00:00,23.5,0,1370.6
2023-09-19 11:00:00,23.3,0,1375.4
2023-09-19 12:00:00,21.9,0,1239.5
2023-09-19 13:00:00,20.7,0,1201.5
2023-09-19 14:00:00,21.0,0,1227.7
2023-09-19 15:00:00,23.1,0,1344.5
2023-09-19 16:00:00,19.9,0,1333.6
2023-09-19 17:00:00,21.0,0,1315.4
2023-09-19 18:00:00,17.0,0,1449.1
2023-09-19 19:00:00,19.8,0,1364.2
2023-09-19 20:00:00,14.4,0,1557.1
2023-09-19 21:00:00,14.1,0,1570.3
2023-09-19 22:00:00,13.3,0,1496.2
2023-09-19 23:00:00,15.2,0,1391.3
2023-09-20 00:00:00,14.8,0,1143.7
2023-09-20 01:00:00,12.5,0,1300.1
2023-09-20 02:00:00,12.8,0,1239.5
2023-09-20 03:00:00,10.6,0,1442.2
2023-09-20 04:00:00,14.0,0,1184.8
2023-09-20 05:00:00,16.3,0,1168.4
2023-09-20 06:00:00,18.1,0,1177.1
2023-09-20 07:00:00,16.0,0,1436.6
2023-09-20 08:00:00,23.4,0,1432.7
2023-09-20 09:00:00,20.2,0,1308.6
2023-09-20 10:00:00,22.1,0,1334.0
2023-09-20 11:00:00,22.9,0,1310.3
2023-09-20 12:00:00,23.9,0,1233.8
2023-09-20 13:00:00,22.1,0,1191.7
2023-09-20 14:00:00,23.8,0,1250.9
2023-09-20 15:00:00,20.8,0,1268.2
2023-09-20 16:00:00,19.1,0,1216.0
2023-09-20 17:00:00,18.8,0,1381.5
2023-09-20 18:00:00,16.6,0,1407.8
2023-09-20 19:00:00,14.7,0,1555.5
2023-09-20 20:00:00,14.6,0,1495.5
2023-09-20 21:00:00,15.5,0,1531.7
2023-09-20 22:00:00,12.6,0,1580.4
2023-09-20 23:00:00,9.6,0,1817.4
2023-09-21 00:00:00,11.3,0,1688.2
2023-09-21 01:00:00,12.0,0,1503.9
2023-09-21 02:00:00,15.1,0,1208.3
2023-09-21 03:00:00,14.3,0,1435.6
2023-09-21 04:00:00,12.3,0,1400.7
2023-09-21 05:00:00,15.9,0,1273.7
2023-09-21 06:00:00,20.3,0,1409.1
2023-09-21 07:00:00,20.4,0,1400.8
2023-09-21 08:00:00,17.2,0,1547.7
2023-09-21 09:00:00,22.5,0,1544.2
2023-09-21 10:00:00,22.4,0,1561.4
2023-09-21 11:00:00,21.7,0,1384.5
2023-09-21 12:00:00,22.7,0,1425.8
2023-09-21 13:00:00,22.8,0,1425.7
2023-09-21 14:00:00,20.8,0,1472.4
2023-09-21 15:00:00,18.6,0,1452.9
2023-09-21 16:00:00,18.7,0,1487.7
2023-09-21 17:00:00,22.0,0,1564.7
2023-09-21 18:00:00,19.0,0,1606.4
2023-09-21 19:00:00,16.7,0,1645.1
2023-09-21 20:00:00,14.4,0,1599.6
2023-09-21 21:00:00,11.9,0,1818.4
2023-09-21 22:00:00,14.0,0,1640.2
2023-09-21 23:00:00,12.0,0,1730.8
2023-09-22 00:00:00,11.2,0,1641.3
2023-09-22 01:00:00,13.4,0,1467.1
2023-09-22 02:00:00,13.8,0,1336.0
2023-09-22 03:00:00,13.4,0,1368.9
2023-09-22 04:00:00,14.1,0,1354.0
2023-09-22 05:00:00,13.7,0,1438.1
2023-09-22 06:00:00,13.4,0,1522.5
2023-09-22 07:00:00,20.7,0,1442.3
2023-09-22 08:00:00,20.0,0,1505.5
2023-09-22 09:00:00,22.1,0,1500.6
2023-09-22 10:00:00,21.2,0,1415.0
2023-09-22 11:00:00,24.6,0,1480.3
2023-09-22 12:00:00,19.2,0,1350.2
2023-09-22 13:00:00,23.0,0,1344.3
2023-09-22 14:00:00,21.2,0,1335.7
2023-09-22 15:00:00,22.1,0,1399.7
2023-09-22 16:00:00,17.5,0,1403.5
2023-09-22 17:00:00,20.0,0,1571.5
2023-09-22 18:00:00,15.3,0,1622.8
2023-09-22 19:00:00,18.1,0,1641.6
2023-09-22 20:00:00,13.8,0,1608.6
2023-09-22 21:00:00,12.7,0,1754.7
2023-09-22 22:00:00,12.2,0,1761.7
2023-09-22 23:00:00,8.3,0,2122.8
2023-09-23 00:00:00,10.2,0,1814.5
2023-09-23 01:00:00,14.0,0,1427.4
2023-09-23 02:00:00,16.0,0,1228.9
2023-09-23 03:00:00,15.0,0,1235.5
2023-09-23 04:00:00,14.8,0,1257.4
2023-09-23 05:00:00,15.5,0,1313.3
2023-09-23 06:00:00,17.2,0,1324.9
2023-09-23 07:00:00,17.3,0,1392.0
2023-09-23 08:00:00,19.7,0,1459.9
2023-09-23 09:00:00,19.2,0,1508.8
2023-09-23 10:00:00,23.6,0,1590.8
2023-09-23 11:00:00,22.1,0,1361.0
2023-09-23 12:00:00,24.3,0,1445.6
2023-09-23 13:00:00,21.7,0,1415.4
2023-09-23 14:00:00,23.4,0,1389.4
2023-09-23 15:00:00,17.9,0,1464.6
2023-09-23 16:00:00,15.8,0,1561.1
2023-09-23 17:00:00,20.7,0,1479.0
2023-09-23 18:00:00,14.4,0,1745.7
2023-09-23 19:00:00,17.0,0,1507.0
2023-09-23 20:00:00,17.3,0,1620.2
2023-09-23 21:00:00,13.4,0,1754.3
2023-09-23 22:00:00,16.2,0,1473.1
2023-09-23 23:00:00,11.9,0,1768.6
2023-09-24 00:00:00,9.7,0,1704.7
2023-09-24 01:00:00,8.3,0,1939.4
2023-09-24 02:00:00,10.1,0,1683.4
2023-09-24 03:00:00,15.4,0,1190.7
2023-09-24 04:00:00,17.5,0,1236.5
2023-09-24 05:00:00,16.5,0,1304.2
2023-09-24 06:00:00,16.3,0,1450.0
2023-09-24 07:00:00,16.6,0,1379.3
2023-09-24 08:00:00,20.6,0,1427.6
2023-09-24 09:00:00,23.7,0,1583.9
2023-09-24 10:00:00,25.4,0,1628.0
2023-09-24 11:00:00,20.2,0,1394.0
2023-09-24 12:00:00,25.1,0,1502.8
2023-09-24 13:00:00,24.9,0,1434.9
2023-09-24 14:00:00,23.2,0,1456.4
2023-09-24 15:00:00,22.7,0,1533.7
2023-09-24 16:00:00,17.8,0,1548.4
2023-09-24 17:00:00,16.3,0,1525.0
2023-09-24 18:00:00,16.9,0,1564.7
2023-09-24 19:00:00,12.7,0,1794.0
2023-09-24 20:00:00,14.8,0,1602.9
2023-09-24 21:00:00,13.2,0,1780.3
2023-09-24 22:00:00,13.0,0,1770.2
2023-09-24 23:00:00,13.0,0,1645.2
2023-09-25 00:00:00,12.7,0,1559.2
2023-09-25 01:00:00,9.4,0,1728.2
2023-09-25 02:00:00,10.2,0,1665.9
2023-09-25 03:00:00,12.5,0,1400.3
2023-09-25 04:00:00,17.4,0,1234.1
2023-09-25 05:00:00,15.9,0,1304.3
2023-09-25 06:00:00,17.6,0,1374.6
2023-09-25 07:00:00,15.4,0,1526.8
2023-09-25 08:00:00,19.0,0,1361.6
2023-09-25 09:00:00,18.0,0,1512.2
2023-09-25 10:00:00,24.7,0,1567.0
2023-09-25 11:00:00,21.7,0,1464.8
2023-09-25 12:00:00,20.6,0,1458.1
2023-09-25 13:00:00,21.5,0,1331.0
2023-09-25 14:00:00,17.8,0,1415.9
2023-09-25 15:00:00,19.3,0,1333.5
2023-09-25 16:00:00,19.6,0,1519.2
2023-09-25 17:00:00,14.3,0,1643.1
2023-09-25 18:00:00,21.3,0,1570.4
2023-09-25 19:00:00,17.2,0,1600.9
2023-09-25 20:00:00,11.3,0,1888.6
2023-09-25 21:00:00,13.1,0,1769.5
2023-09-25 22:00:00,12.3,0,1699.3
2023-09-25 23:00:00,12.6,0,1535.3
2023-09-26 00:00:00,8.8,0,1775.5
2023-09-26 01:00:00,12.3,0,1400.7
2023-09-26 02:00:00,12.2,0,1382.6
2023-09-26 03:00:00,12.5,0,1333.9
2023-09-26 04:00:00,13.5,0,1269.3
2023-09-26 05:00:00,14.7,0,1275.0
2023-09-26 06:00:00,17.8,0,1229.2
2023-09-26 07:00:00,17.3,0,1269.4
2023-09-26 08:00:00,14.1,0,1529.3
2023-09-26 09:00:00,23.6,0,1442.1
2023-09-26 10:00:00,23.4,0,1441.2
2023-09-26 11:00:00,24.9,0,1410.0
2023-09-26 12:00:00,20.3,0,1180.4
2023-09-26 13:00:00,18.9,0,1168.0
2023-09-26 14:00:00,18.0,0,1143.8
2023-09-26 15:00:00,17.7,0,1188.6
2023-09-26 16:00:00,20.7,0,1316.6
2023-09-26 17:00:00,23.9,0,1447.6
2023-09-26 18:00:00,13.3,0,1581.3
2023-09-26 19:00:00,18.3,0,1410.1
2023-09-26 20:00:00,9.7,0,1853.0
2023-09-26 21:00:00,12.6,0,1599.1
2023-09-26 22:00:00,8.7,0,1875.4
2023-09-26 23:00:00,12.5,0,1562.5
2023-09-27 00:00:00,8.1,0,1863.2
2023-09-27 01:00:00,10.1,0,1589.0
2023-09-27 02:00:00,14.8,0,1171.0
2023-09-27 03:00:00,13.3,0,1292.5
2023-09-27 04:00:00,16.1,0,1207.4
2023-09-27 05:00:00,15.9,0,1208.3
2023-09-27 06:00:00,17.2,0,1205.9
2023-09-27 07:00:00,23.0,0,1233.5
2023-09-27 08:00:00,15.4,0,1367.3
2023-09-27 09:00:00,18.1,0,1360.7
2023-09-27 10:00:00,17.3,0,1348.8
2023-09-27 11:00:00,17.0,0,1300.1
2023-09-27 12:00:00,23.4,0,1344.7
2023-09-27 13:00:00,19.4,0,1170.1
2023-09-27 14:00:00,20.2,0,1246.9
2023-09-27 15:00:00,17.0,0,1389.4
2023-09-27 16:00:00,19.1,0,1261.4
2023-09-27 17:00:00,14.4,0,1561.1
2023-09-27 18:00:00,16.7,0,1369.7
2023-09-27 19:00:00,12.6,0,1614.8
2023-09-27 20:00:00,16.7,0,1453.5
2023-09-27 21:00:00,14.7,0,1397.2
2023-09-27 22:00:00,12.1,0,1656.2
2023-09-27 23:00:00,13.9,0,1426.1
2023-09-28 00:00:00,7.5,0,2064.9
2023-09-28 01:00:00,12.1,0,1512.9
2023-09-28 02:00:00,12.5,0,1364.3
2023-09-28 03:00:00,13.5,0,1313.8
2023-09-28 04:00:00,17.9,0,1115.6
2023-09-28 05:00:00,16.3,0,1379.8
2023-09-28 06:00:00,18.1,0,1406.6
2023-09-28 07:00:00,16.5,0,1504.6
2023-09-28 08:00:00,15.5,0,1532.9
2023-09-28 09:00:00,22.2,0,1513.1
2023-09-28 10:00:00,21.4,0,1532.1
2023-09-28 11:00:00,18.9,0,1436.7
2023-09-28 12:00:00,20.2,0,1439.2
2023-09-28 13:00:00,20.4,0,1288.9
2023-09-28 14:00:00,21.7,0,1389.1
2023-09-28 15:00:00,18.7,0,1351.8
2023-09-28 16:00:00,17.0,0,1491.4
2023-09-28 17:00:00,18.8,0,1530.1
2023-09-28 18:00:00,9.6,0,2129.6
2023-09-28 19:00:00,14.5,0,1743.1
2023-09-28 20:00:00,12.7,0,1841.9
2023-09-28 21:00:00,11.9,0,1814.8
2023-09-28 22:00:00,9.6,0,2055.3
2023-09-28 23:00:00,8.9,0,1985.8
2023-09-29 00:00:00,11.5,0,1644.9
2023-09-29 01:00:00,10.8,0,1620.1
2023-09-29 02:00:00,10.6,0,1535.4
2023-09-29 03:00:00,11.3,0,1562.7
2023-09-29 04:00:00,12.9,0,1516.7
2023-09-29 05:00:00,13.3,0,1461.5
2023-09-29 06:00:00,15.6,0,1400.0
2023-09-29 07:00:00,15.6,0,1565.6
2023-09-29 08:00:00,17.8,0,1377.4
2023-09-29 09:00:00,13.7,0,1752.6
2023-09-29 10:00:00,17.7,0,1468.1
2023-09-29 11:00:00,17.9,0,1484.9
2023-09-29 12:00:00,18.9,0,1373.7
2023-09-29 13:00:00,17.9,0,1443.5
2023-09-29 14:00:00,19.8,0,1416.8
2023-09-29 15:00:00,17.4,0,1444.1
2023-09-29 16:00:00,17.5,0,1499.1
2023-09-29 17:00:00,16.4,0,1586.3
2023-09-29 18:00:00,14.7,0,1781.3
2023-09-29 19:00:00,10.5,0,1958.0
2023-09-29 20:00:00,13.3,0,1787.0
2023-09-29 21:00:00,10.5,0,1858.8
2023-09-29 22:00:00,12.7,0,1717.6
2023-09-29 23:00:00,13.3,0,1726.2
2023-09-30 00:00:00,8.6,0,1937.9
2023-09-30 01:00:00,11.0,0,1635.1
2023-09-30 02:00:00,7.7,0,1913.4
2023-09-30 03:00:00,11.9,0,1509.7
2023-09-30 04:00:00,12.4,0,1605.6
2023-09-30 05:00:00,15.4,0,1447.9
2023-09-30 06:00:00,12.8,0,1485.1
2023-09-30 07:00:00,17.6,0,1331.2
2023-09-30 08:00:00,15.6,0,1624.3
2023-09-30 09:00:00,18.7,0,1594.8
2023-09-30 10:00:00,19.2,0,1523.8
2023-09-30 11:00:00,18.3,0,1366.3
2023-09-30 12:00:00,21.6,0,1435.5
2023-09-30 13:00:00,20.0,0,1404.3
2023-09-30 14:00:00,19.5,0,1527.7
2023-09-30 15:00:00,18.6,0,1376.2
2023-09-30 16:00:00,18.6,0,1441.9
2023-09-30 17:00:00,15.9,0,1555.2
2023-09-30 18:00:00,14.6,0,1697.1
2023-09-30 19:00:00,12.0,0,1940.1
2023-09-30 20:00:00,15.1,0,1680.1
2023-09-30 21:00:00,10.2,0,2007.2
2023-09-30 22:00:00,11.8,0,1733.9
2023-09-30 23:00:00,14.5,0,1593.6
2023-10-01 00:00:00,7.8,1,1903.5
2023-10-01 01:00:00,10.7,1,1478.4
2023-10-01 02:00:00,13.4,1,1225.7
2023-10-01 03:00:00,12.9,1,1197.7
2023-10-01 04:00:00,13.3,1,1169.5
2023-10-01 05:00:00,15.5,1,1145.5
2023-10-01 06:00:00,13.5,1,1315.8
2023-10-01 07:00:00,13.7,1,1341.7
2023-10-01 08:00:00,18.0,1,1283.9
2023-10-01 09:00:00,19.1,1,1304.4
2023-10-01 10:00:00,18.7,1,1228.9
2023-10-01 11:00:00,20.7,1,1238.7
2023-10-01 12:00:00,21.1,1,1197.2
2023-10-01 13:00:00,22.1,1,1173.1
2023-10-01 14:00:00,18.0,1,1188.1
2023-10-01 15:00:00,20.8,1,1252.2
2023-10-01 16:00:00,16.7,1,1288.2
2023-10-01 17:00:00,16.0,1,1399.0
2023-10-01 18:00:00,13.1,1,1496.3
2023-10-01 19:00:00,15.1,1,1506.3
2023-10-01 20:00:00,7.4,1,2176.2
2023-10-01 21:00:00,11.7,1,1653.7
2023-10-01 22:00:00,5.0,1,2368.9
2023-10-01 23:00:00,10.9,1,1603.3
2023-10-02 00:00:00,8.9,1,1659.5
2023-10-02 01:00:00,8.0,1,1751.1
2023-10-02 02:00:00,12.7,1,1203.7
2023-10-02 03:00:00,13.4,1,1132.0
2023-10-02 04:00:00,14.7,1,1173.0
2023-10-02 05:00:00,11.4,1,1391.1
2023-10-02 06:00:00,12.1,1,1418.6
2023-10-02 07:00:00,11.7,1,1503.4
2023-10-02 08:00:00,17.1,1,1293.4
2023-10-02 09:00:00,15.0,1,1437.5
2023-10-02 10:00:00,16.6,1,1392.2
2023-10-02 11:00:00,16.4,1,1301.3
2023-10-02 12:00:00,17.6,1,1266.0
2023-10-02 13:00:00,21.9,1,1181.4
2023-10-02 14:00:00,17.3,1,1146.0
2023-10-02 15:00:00,19.3,1,1144.1
2023-10-02 16:00:00,17.4,1,1296.6
2023-10-02 17:00:00,14.4,1,1508.1
2023-10-02 18:00:00,17.5,1,1347.0
2023-10-02 19:00:00,12.1,1,1651.2
2023-10-02 20:00:00,13.2,1,1510.7
2023-10-02 21:00:00,7.8,1,2033.8
2023-10-02 22:00:00,10.0,1,1752.3
2023-10-02 23:00:00,11.6,1,1531.6
2023-10-03 00:00:00,6.2,1,1883.8
2023-10-03 01:00:00,9.3,1,1392.1
2023-10-03 02:00:00,7.3,1,1615.8
2023-10-03 03:00:00,10.7,1,1300.1
2023-10-03 04:00:00,9.8,1,1362.3
2023-10-03 05:00:00,15.5,1,929.5
2023-10-03 06:00:00,16.0,1,1052.8
2023-10-03 07:00:00,16.4,1,1203.7
2023-10-03 08:00:00,21.5,1,1171.1
2023-10-03 09:00:00,19.1,1,1267.4
2023-10-03 10:00:00,19.5,1,1079.0
2023-10-03 11:00:00,18.4,1,1196.0
2023-10-03 12:00:00,21.4,1,998.3
2023-10-03 13:00:00,21.5,1,1063.7
2023-10-03 14:00:00,21.5,1,976.6
2023-10-03 15:00:00,20.1,1,1071.3
2023-10-03 16:00:00,19.3,1,1049.4
2023-10-03 17:00:00,16.2,1,1264.9
2023-10-03 18:00:00,12.1,1,1441.3
2023-10-03 19:00:00,12.5,1,1475.8
2023-10-03 20:00:00,10.8,1,1669.8
2023-10-03 21:00:00,11.5,1,1496.5
2023-10-03 22:00:00,12.7,1,1335.5
2023-10-03 23:00:00,10.5,1,1503.8
2023-10-04 00:00:00,4.4,1,2141.3
2023-10-04 01:00:00,10.3,1,1363.2
2023-10-04 02:00:00,8.0,1,1477.1
2023-10-04 03:00:00,10.7,1,1176.5
2023-10-04 04:00:00,10.8,1,1223.0
2023-10-04 05:00:00,12.4,1,1220.3
2023-10-04 06:00:00,8.6,1,1563.8
2023-10-04 07:00:00,11.9,1,1371.1
2023-10-04 08:00:00,19.1,1,1107.3
2023-10-04 09:00:00,15.6,1,1234.9
2023-10-04 10:00:00,17.0,1,1146.0
2023-10-04 11:00:00,18.1,1,1132.2
2023-10-04 12:00:00,21.0,1,1093.7
2023-10-04 13:00:00,18.7,1,1011.6
2023-10-04 14:00:00,17.7,1,1083.9
2023-10-04 15:00:00,18.3,1,1099.9
2023-10-04 16:00:00,13.2,1,1371.1
2023-10-04 17:00:00,16.1,1,1163.7
2023-10-04 18:00:00,13.0,1,1405.9
2023-10-04 19:00:00,13.8,1,1321.6
2023-10-04 20:00:00,9.9,1,1787.3
2023-10-04 21:00:00,8.5,1,1885.6
2023-10-04 22:00:00,10.3,1,1633.9
2023-10-04 23:00:00,11.3,1,1525.8
2023-10-05 00:00:00,6.9,1,1944.6
2023-10-05 01:00:00,11.3,1,1460.8
2023-10-05 02:00:00,11.0,1,1380.0
2023-10-05 03:00:00,12.1,1,1237.6
2023-10-05 04:00:00,11.3,1,1334.2
2023-10-05 05:00:00,10.9,1,1480.8
2023-10-05 06:00:00,11.5,1,1420.8
2023-10-05 07:00:00,14.2,1,1305.2
2023-10-05 08:00:00,18.2,1,1323.0
2023-10-05 09:00:00,17.6,1,1280.2
2023-10-05 10:00:00,17.9,1,1294.3
2023-10-05 11:00:00,19.0,1,1217.3
2023-10-05 12:00:00,18.4,1,1138.9
2023-10-05 13:00:00,16.9,1,1198.4
2023-10-05 14:00:00,16.2,1,1282.3
2023-10-05 15:00:00,17.9,1,1361.1
2023-10-05 16:00:00,18.8,1,1192.0
2023-10-05 17:00:00,13.1,1,1661.6
2023-10-05 18:00:00,16.8,1,1359.9
2023-10-05 19:00:00,13.2,1,1561.2
2023-10-05 20:00:00,15.8,1,1324.3
2023-10-05 21:00:00,9.9,1,1844.0
2023-10-05 22:00:00,12.7,1,1489.2
2023-10-05 23:00:00,8.8,1,1767.3
2023-10-06 00:00:00,8.6,1,1721.7
2023-10-06 01:00:00,10.9,1,1404.5
2023-10-06 02:00:00,7.3,1,1849.7
2023-10-06 03:00:00,13.0,1,1171.4
2023-10-06 04:00:00,9.5,1,1497.5
2023-10-06 05:00:00,12.8,1,1309.6
2023-10-06 06:00:00,14.5,1,1333.0
2023-10-06 07:00:00,15.5,1,1319.3
2023-10-06 08:00:00,19.7,1,1301.9
2023-10-06 09:00:00,18.0,1,1325.0
2023-10-06 10:00:00,18.8,1,1379.9
2023-10-06 11:00:00,15.3,1,1316.7
2023-10-06 12:00:00,15.4,1,1159.2
2023-10-06 13:00:00,20.8,1,1169.7
2023-10-06 14:00:00,15.6,1,1246.8
2023-10-06 15:00:00,17.5,1,1220.2
2023-10-06 16:00:00,14.4,1,1415.0
2023-10-06 17:00:00,11.7,1,1622.3
2023-10-06 18:00:00,11.5,1,1712.0
2023-10-06 19:00:00,12.6,1,1673.1
2023-10-06 20:00:00,11.2,1,1693.7
2023-10-06 21:00:00,10.6,1,1749.7
2023-10-06 22:00:00,9.3,1,1823.3
2023-10-06 23:00:00,8.0,1,2006.5
2023-10-07 00:00:00,6.7,1,1925.3
2023-10-07 01:00:00,6.2,1,2053.6
2023-10-07 02:00:00,6.4,1,1844.3
2023-10-07 03:00:00,9.0,1,1510.6
2023-10-07 04:00:00,9.5,1,1558.3
2023-10-07 05:00:00,10.6,1,1513.3
2023-10-07 06:00:00,12.1,1,1368.9
2023-10-07 07:00:00,16.3,1,1275.0
2023-10-07 08:00:00,14.5,1,1414.3
2023-10-07 09:00:00,16.4,1,1373.5
2023-10-07 10:00:00,16.3,1,1360.7
2023-10-07 11:00:00,21.4,1,1216.7
2023-10-07 12:00:00,17.1,1,1247.8
2023-10-07 13:00:00,20.3,1,1147.8
2023-10-07 14:00:00,19.0,1,1198.2
2023-10-07 15:00:00,17.7,1,1200.4
2023-10-07 16:00:00,17.6,1,1244.1
2023-10-07 17:00:00,14.6,1,1440.7
2023-10-07 18:00:00,14.3,1,1462.5
2023-10-07 19:00:00,12.8,1,1576.2
2023-10-07 20:00:00,9.0,1,2013.9
2023-10-07 21:00:00,12.9,1,1648.3
2023-10-07 22:00:00,13.2,1,1387.7
2023-10-07 23:00:00,10.5,1,1756.6
2023-10-08 00:00:00,6.9,0,2170.2
2023-10-08 01:00:00,8.7,0,1849.8
2023-10-08 02:00:00,9.5,0,1640.4
2023-10-08 03:00:00,13.7,0,1329.2
2023-10-08 04:00:00,10.3,0,1682.4
2023-10-08 05:00:00,14.5,0,1378.3
2023-10-08 06:00:00,14.2,0,1445.0
2023-10-08 07:00:00,14.3,0,1492.0
2023-10-08 08:00:00,15.7,0,1568.8
2023-10-08 09:00:00,14.9,0,1633.5
2023-10-08 10:00:00,20.9,0,1486.4
2023-10-08 11:00:00,14.9,0,1514.3
2023-10-08 12:00:00,13.2,0,1684.3
2023-10-08 13:00:00,17.7,0,1365.0
2023-10-08 14:00:00,15.6,0,1489.3
2023-10-08 15:00:00,17.4,0,1491.5
2023-10-08 16:00:00,16.8,0,1584.7
2023-10-08 17:00:00,13.0,0,1786.8
2023-10-08 18:00:00,13.9,0,1714.4
2023-10-08 19:00:00,13.5,0,1720.1
2023-10-08 20:00:00,11.3,0,1865.8
2023-10-08 21:00:00,9.7,0,2013.3
2023-10-08 22:00:00,5.3,0,2533.7
2023-10-08 23:00:00,6.2,0,2244.8
2023-10-09 00:00:00,7.7,0,2041.8
2023-10-09 01:00:00,4.3,0,2536.6
2023-10-09 02:00:00,12.5,0,1389.5
2023-10-09 03:00:00,8.6,0,1718.6
2023-10-09 04:00:00,9.9,0,1658.0
2023-10-09 05:00:00,8.2,0,1915.7
2023-10-09 06:00:00,15.1,0,1428.6
2023-10-09 07:00:00,17.7,0,1458.4
2023-10-09 08:00:00,15.7,0,1551.6
2023-10-09 09:00:00,12.9,0,1718.7
2023-10-09 10:00:00,19.4,0,1401.7
2023-10-09 11:00:00,19.1,0,1362.9
2023-10-09 12:00:00,19.5,0,1328.2
2023-10-09 13:00:00,17.3,0,1433.0
2023-10-09 14:00:00,18.3,0,1398.9
2023-10-09 15:00:00,15.3,0,1516.4
2023-10-09 16:00:00,13.2,0,1699.9
2023-10-09 17:00:00,14.6,0,1687.3
2023-10-09 18:00:00,15.5,0,1644.1
2023-10-09 19:00:00,11.0,0,2039.4
2023-10-09 20:00:00,9.5,0,2138.2
2023-10-09 21:00:00,8.9,0,2097.2
2023-10-09 22:00:00,7.1,0,2330.9
2023-10-09 23:00:00,6.2,0,2333.1
2023-10-10 00:00:00,3.1,0,2524.9
2023-10-10 01:00:00,7.6,0,1904.7
2023-10-10 02:00:00,10.2,0,1413.1
2023-10-10 03:00:00,10.0,0,1520.6
2023-10-10 04:00:00,11.5,0,1394.5
2023-10-10 05:00:00,10.9,0,1581.2
2023-10-10 06:00:00,11.2,0,1532.4
2023-10-10 07:00:00,12.2,0,1571.3
2023-10-10 08:00:00,17.9,0,1279.1
2023-10-10 09:00:00,17.1,0,1403.0
2023-10-10 10:00:00,16.3,0,1267.5
2023-10-10 11:00:00,16.5,0,1331.7
2023-10-10 12:00:00,19.3,0,1261.6
2023-10-10 13:00:00,19.4,0,1158.0
2023-10-10 14:00:00,15.1,0,1364.5
2023-10-10 15:00:00,12.9,0,1487.2
2023-10-10 16:00:00,13.8,0,1559.2
2023-10-10 17:00:00,14.4,0,1498.6
2023-10-10 18:00:00,10.6,0,1793.0
2023-10-10 19:00:00,12.8,0,1642.5
2023-10-10 20:00:00,12.6,0,1575.6
2023-10-10 21:00:00,7.1,0,2173.8
2023-10-10 22:00:00,9.6,0,1829.1
2023-10-10 23:00:00,5.8,0,2276.5
2023-10-11 00:00:00,5.4,0,2215.4
2023-10-11 01:00:00,7.5,0,1792.1
2023-10-11 02:00:00,6.2,0,1906.7
2023-10-11 03:00:00,10.7,0,1509.3
2023-10-11 04:00:00,10.9,0,1463.6
2023-10-11 05:00:00,6.7,0,1921.1
2023-10-11 06:00:00,12.5,0,1485.2
2023-10-11 07:00:00,11.4,0,1588.8
2023-10-11 08:00:00,18.9,0,1401.3
2023-10-11 09:00:00,14.1,0,1458.7
2023-10-11 10:00:00,18.9,0,1317.6
2023-10-11 11:00:00,19.9,0,1271.8
2023-10-11 12:00:00,19.3,0,1317.5
2023-10-11 13:00:00,12.2,0,1408.7
2023-10-11 14:00:00,14.8,0,1368.5
2023-10-11 15:00:00,19.5,0,1240.3
2023-10-11 16:00:00,17.4,0,1391.9
2023-10-11 17:00:00,12.3,0,1633.0
2023-10-11 18:00:00,14.0,0,1616.5
2023-10-11 19:00:00,12.9,0,1648.8
2023-10-11 20:00:00,6.6,0,2342.4
2023-10-11 21:00:00,7.9,0,2019.4
2023-10-11 22:00:00,5.6,0,2319.9
2023-10-11 23:00:00,5.7,0,2315.0
2023-10-12 00:00:00,7.4,0,1977.6
2023-10-12 01:00:00,6.4,0,2053.8
2023-10-12 02:00:00,10.3,0,1683.5
2023-10-12 03:00:00,15.3,0,1246.1
2023-10-12 04:00:00,11.3,0,1512.4
2023-10-12 05:00:00,10.6,0,1702.4
2023-10-12 06:00:00,12.7,0,1596.6
2023-10-12 07:00:00,13.9,0,1584.1
2023-10-12 08:00:00,13.3,0,1681.9
2023-10-12 09:00:00,16.5,0,1597.7
2023-10-12 10:00:00,13.7,0,1648.9
2023-10-12 11:00:00,14.9,0,1565.8
2023-10-12 12:00:00,14.4,0,1458.0
2023-10-12 13:00:00,13.3,0,1538.6
2023-10-12 14:00:00,17.2,0,1409.3
2023-10-12 15:00:00,13.6,0,1614.2
2023-10-12 16:00:00,13.7,0,1675.2
2023-10-12 17:00:00,13.2,0,1678.6
2023-10-12 18:00:00,9.4,0,2098.6
2023-10-12 19:00:00,7.9,0,2309.0
2023-10-12 20:00:00,8.6,0,2199.1
2023-10-12 21:00:00,12.2,0,1835.6
2023-10-12 22:00:00,8.8,0,2014.3
2023-10-12 23:00:00,8.9,0,2023.2
2023-10-13 00:00:00,4.7,0,2467.8
2023-10-13 01:00:00,6.5,0,2140.6
2023-10-13 02:00:00,5.1,0,2279.4
2023-10-13 03:00:00,6.7,0,2037.7
2023-10-13 04:00:00,9.6,0,1702.3
2023-10-13 05:00:00,12.6,0,1507.9
2023-10-13 06:00:00,11.6,0,1653.4
2023-10-13 07:00:00,11.3,0,1724.8
2023-10-13 08:00:00,10.9,0,1929.7
2023-10-13 09:00:00,15.6,0,1548.0
2023-10-13 10:00:00,17.4,0,1469.5
2023-10-13 11:00:00,17.7,0,1529.8
2023-10-13 12:00:00,16.3,0,1433.0
2023-10-13 13:00:00,17.4,0,1340.3
2023-10-13 14:00:00,19.7,0,1355.8
2023-10-13 15:00:00,13.3,0,1724.2
2023-10-13 16:00:00,16.5,0,1525.8
2023-10-13 17:00:00,17.3,0,1564.9
2023-10-13 18:00:00,11.1,0,1858.2
2023-10-13 19:00:00,11.7,0,1855.5
2023-10-13 20:00:00,11.8,0,1930.3
2023-10-13 21:00:00,4.2,0,2834.6
2023-10-13 22:00:00,7.7,0,2228.6
2023-10-13 23:00:00,7.2,0,2228.7
2023-10-14 00:00:00,9.1,0,1881.8
2023-10-14 01:00:00,7.2,0,2063.2
2023-10-14 02:00:00,4.2,0,2402.5
2023-10-14 03:00:00,8.1,0,1811.8
2023-10-14 04:00:00,10.1,0,1657.2
2023-10-14 05:00:00,13.3,0,1483.9
2023-10-14 06:00:00,12.8,0,1549.5
2023-10-14 07:00:00,14.9,0,1504.1
2023-10-14 08:00:00,15.1,0,1651.9
2023-10-14 09:00:00,14.0,0,1705.6
2023-10-14 10:00:00,15.8,0,1605.9
2023-10-14 11:00:00,15.2,0,1490.2
2023-10-14 12:00:00,16.6,0,1484.2
2023-10-14 13:00:00,14.4,0,1567.2
2023-10-14 14:00:00,17.4,0,1394.4
2023-10-14 15:00:00,13.5,0,1655.0
2023-10-14 16:00:00,13.3,0,1638.3
2023-10-14 17:00:00,10.7,0,1808.1
2023-10-14 18:00:00,13.5,0,1814.2
2023-10-14 19:00:00,12.7,0,1713.5
2023-10-14 20:00:00,11.7,0,1720.9
2023-10-14 21:00:00,7.0,0,2351.4
2023-10-14 22:00:00,8.4,0,2093.3
2023-10-14 23:00:00,5.2,0,2461.4
2023-10-15 00:00:00,7.5,0,2014.2
2023-10-15 01:00:00,8.5,0,1894.1
2023-10-15 02:00:00,8.5,0,1830.2
2023-10-15 03:00:00,7.6,0,1869.8
2023-10-15 04:00:00,11.1,0,1583.0
2023-10-15 05:00:00,11.0,0,1618.5
2023-10-15 06:00:00,13.1,0,1527.9
2023-10-15 07:00:00,14.9,0,1531.0
2023-10-15 08:00:00,11.4,0,1825.2
2023-10-15 09:00:00,14.7,0,1619.4
2023-10-15 10:00:00,19.0,0,1562.1
2023-10-15 11:00:00,19.0,0,1376.0
2023-10-15 12:00:00,14.8,0,1540.3
2023-10-15 13:00:00,15.9,0,1425.7
2023-10-15 14:00:00,10.7,0,1774.3
2023-10-15 15:00:00,19.1,0,1363.6
2023-10-15 16:00:00,14.5,0,1560.6
2023-10-15 17:00:00,13.7,0,1767.9
2023-10-15 18:00:00,9.7,0,2047.3
2023-10-15 19:00:00,12.1,0,1752.1
2023-10-15 20:00:00,4.3,0,2701.6
2023-10-15 21:00:00,8.9,0,2068.2
2023-10-15 22:00:00,5.5,0,2402.3
2023-10-15 23:00:00,10.1,0,1914.7
2023-10-16 00:00:00,3.6,0,2602.6
2023-10-16 01:00:00,4.8,0,2338.2
2023-10-16 02:00:00,3.1,0,2493.9
2023-10-16 03:00:00,6.9,0,2075.7
2023-10-16 04:00:00,6.6,0,2072.4
2023-10-16 05:00:00,10.2,0,1750.8
2023-10-16 06:00:00,10.5,0,1680.4
2023-10-16 07:00:00,10.9,0,1736.1
2023-10-16 08:00:00,15.5,0,1570.0
2023-10-16 09:00:00,13.7,0,1612.4
2023-10-16 10:00:00,9.4,0,2046.0
2023-10-16 11:00:00,15.5,0,1454.2
2023-10-16 12:00:00,13.4,0,1610.5
2023-10-16 13:00:00,13.1,0,1606.0
2023-10-16 14:00:00,13.8,0,1444.6
2023-10-16 15:00:00,16.4,0,1474.4
2023-10-16 16:00:00,11.8,0,1823.8
2023-10-16 17:00:00,11.6,0,1799.1
2023-10-16 18:00:00,10.3,0,1966.5
2023-10-16 19:00:00,8.3,0,2290.9
2023-10-16 20:00:00,6.1,0,2435.5
2023-10-16 21:00:00,8.2,0,2235.1
2023-10-16 22:00:00,5.9,0,2462.9
2023-10-16 23:00:00,5.1,0,2517.4
2023-10-17 00:00:00,3.6,0,2527.3
2023-10-17 01:00:00,7.3,0,1836.7
2023-10-17 02:00:00,9.0,0,1634.8
2023-10-17 03:00:00,11.2,0,1428.4
2023-10-17 04:00:00,7.4,0,1864.4
2023-10-17 05:00:00,9.4,0,1674.3
2023-10-17 06:00:00,7.1,0,1952.7
2023-10-17 07:00:00,13.9,0,1477.8
2023-10-17 08:00:00,14.5,0,1416.3
2023-10-17 09:00:00,10.8,0,1755.6
2023-10-17 10:00:00,15.2,0,1433.3
2023-10-17 11:00:00,17.2,0,1304.0
2023-10-17 12:00:00,16.6,0,1317.2
2023-10-17 13:00:00,13.5,0,1406.4
2023-10-17 14:00:00,12.6,0,1479.5
2023-10-17 15:00:00,15.7,0,1409.0
2023-10-17 16:00:00,8.9,0,1890.6
2023-10-17 17:00:00,13.8,0,1582.8
2023-10-17 18:00:00,8.0,0,2127.0
2023-10-17 19:00:00,11.9,0,1759.9
2023-10-17 20:00:00,9.1,0,1906.9
2023-10-17 21:00:00,4.6,0,2496.3
2023-10-17 22:00:00,10.5,0,1739.2
2023-10-17 23:00:00,5.7,0,2311.1
2023-10-18 00:00:00,5.5,0,2221.8
2023-10-18 01:00:00,9.2,0,1640.8
2023-10-18 02:00:00,4.8,0,2077.3
2023-10-18 03:00:00,4.4,0,2245.2
2023-10-18 04:00:00,6.1,0,1934.6
2023-10-18 05:00:00,11.9,0,1416.0
2023-10-18 06:00:00,9.0,0,1841.1
2023-10-18 07:00:00,12.5,0,1530.6
2023-10-18 08:00:00,10.6,0,1714.6
2023-10-18 09:00:00,14.1,0,1569.5
2023-10-18 10:00:00,15.9,0,1415.2
2023-10-18 11:00:00,13.8,0,1472.6
2023-10-18 12:00:00,16.0,0,1330.8
2023-10-18 13:00:00,15.9,0,1247.5
2023-10-18 14:00:00,16.9,0,1287.2
2023-10-18 15:00:00,14.0,0,1462.2
2023-10-18 16:00:00,14.9,0,1384.6
2023-10-18 17:00:00,10.5,0,1851.6
2023-10-18 18:00:00,8.0,0,2080.0
2023-10-18 19:00:00,6.8,0,2310.7
2023-10-18 20:00:00,7.3,0,2229.9
2023-10-18 21:00:00,4.2,0,2640.5
2023-10-18 22:00:00,5.8,0,2298.4
2023-10-18 23:00:00,7.4,0,1971.4
2023-10-19 00:00:00,3.4,0,2533.8
2023-10-19 01:00:00,4.4,0,2482.9
2023-10-19 02:00:00,5.6,0,2197.4
2023-10-19 03:00:00,8.8,0,1738.8
2023-10-19 04:00:00,9.8,0,1639.5
2023-10-19 05:00:00,9.3,0,1745.3
2023-10-19 06:00:00,8.8,0,1957.1
2023-10-19 07:00:00,15.0,0,1569.9
2023-10-19 08:00:00,12.5,0,1769.0
2023-10-19 09:00:00,11.7,0,1831.6
2023-10-19 10:00:00,15.2,0,1572.3
2023-10-19 11:00:00,15.6,0,1469.9
2023-10-19 12:00:00,14.5,0,1627.9
2023-10-19 13:00:00,18.2,0,1405.6
2023-10-19 14:00:00,12.0,0,1706.3
2023-10-19 15:00:00,12.6,0,1609.8
2023-10-19 16:00:00,12.3,0,1778.8
2023-10-19 17:00:00,7.7,0,2287.9
2023-10-19 18:00:00,11.4,0,1860.5
2023-10-19 19:00:00,11.6,0,1951.9
2023-10-19 20:00:00,5.7,0,2546.6
2023-10-19 21:00:00,8.1,0,2133.1
2023-10-19 22:00:00,4.0,0,2642.2
2023-10-19 23:00:00,4.1,0,2593.8
2023-10-20 00:00:00,5.4,0,2329.4
2023-10-20 01:00:00,4.9,0,2336.8
2023-10-20 02:00:00,2.8,0,2659.8
2023-10-20 03:00:00,5.0,0,2279.0
2023-10-20 04:00:00,10.1,0,1680.2
2023-10-20 05:00:00,9.2,0,1776.0
2023-10-20 06:00:00,12.5,0,1608.5
2023-10-20 07:00:00,8.7,0,2035.4
2023-10-20 08:00:00,13.8,0,1559.9
2023-10-20 09:00:00,15.0,0,1514.4
2023-10-20 10:00:00,16.0,0,1585.4
2023-10-20 11:00:00,16.5,0,1484.5
2023-10-20 12:00:00,12.3,0,1698.6
2023-10-20 13:00:00,18.7,0,1346.4
2023-10-20 14:00:00,16.0,0,1427.8
2023-10-20 15:00:00,13.4,0,1548.3
2023-10-20 16:00:00,11.3,0,1732.4
2023-10-20 17:00:00,8.7,0,2098.3
2023-10-20 18:00:00,8.6,0,2198.9
2023-10-20 19:00:00,6.8,0,2366.3
2023-10-20 20:00:00,3.9,0,2750.0
2023-10-20 21:00:00,5.6,0,2518.9
2023-10-20 22:00:00,7.4,0,2207.9
2023-10-20 23:00:00,1.7,0,3055.4
2023-10-21 00:00:00,3.0,0,2646.8
2023-10-21 01:00:00,3.9,0,2519.6
2023-10-21 02:00:00,7.8,0,1937.7
2023-10-21 03:00:00,9.2,0,1733.1
2023-10-21 04:00:00,11.3,0,1440.9
2023-10-21 05:00:00,8.2,0,1956.8
2023-10-21 06:00:00,11.8,0,1635.6
2023-10-21 07:00:00,10.2,0,1841.3
2023-10-21 08:00:00,15.5,0,1644.4
2023-10-21 09:00:00,11.7,0,1859.0
2023-10-21 10:00:00,13.7,0,1655.1
2023-10-21 11:00:00,15.1,0,1483.9
2023-10-21 12:00:00,16.1,0,1283.7
2023-10-21 13:00:00,14.8,0,1446.4
2023-10-21 14:00:00,12.4,0,1592.7
2023-10-21 15:00:00,11.7,0,1708.9
2023-10-21 16:00:00,8.7,0,2110.0
2023-10-21 17:00:00,11.8,0,1804.9
2023-10-21 18:00:00,12.0,0,1809.4
2023-10-21 19:00:00,10.3,0,2011.4
2023-10-21 20:00:00,10.8,0,1850.7
2023-10-21 21:00:00,6.7,0,2394.3
2023-10-21 22:00:00,5.9,0,2411.3
2023-10-21 23:00:00,4.0,0,2671.3
2023-10-22 00:00:00,2.0,0,2885.3
2023-10-22 01:00:00,6.5,0,2038.0
2023-10-22 02:00:00,3.3,0,2575.0
2023-10-22 03:00:00,6.0,0,2089.8
2023-10-22 04:00:00,12.8,0,1416.0
2023-10-22 05:00:00,9.3,0,1707.6
2023-10-22 06:00:00,10.3,0,1729.3
2023-10-22 07:00:00,11.5,0,1723.6
2023-10-22 08:00:00,16.3,0,1457.8
2023-10-22 09:00:00,16.2,0,1550.4
2023-10-22 10:00:00,11.7,0,1836.1
2023-10-22 11:00:00,13.1,0,1672.7
2023-10-22 12:00:00,12.7,0,1591.5
2023-10-22 13:00:00,15.6,0,1370.6
2023-10-22 14:00:00,11.8,0,1710.3
2023-10-22 15:00:00,10.3,0,1866.7
2023-10-22 16:00:00,12.3,0,1675.2
2023-10-22 17:00:00,13.9,0,1674.5
2023-10-22 18:00:00,4.0,0,2787.4
2023-10-22 19:00:00,6.6,0,2415.6
2023-10-22 20:00:00,6.9,0,2410.4
2023-10-22 21:00:00,2.5,0,2977.1
2023-10-22 22:00:00,5.9,0,2488.1
2023-10-22 23:00:00,8.4,0,2100.2
2023-10-23 00:00:00,6.5,0,2131.4
2023-10-23 01:00:00,2.1,0,2811.3
2023-10-23 02:00:00,2.7,0,2626.6
2023-10-23 03:00:00,2.9,0,2624.5
2023-10-23 04:00:00,4.0,0,2422.7
2023-10-23 05:00:00,6.4,0,2104.1
2023-10-23 06:00:00,8.1,0,2018.3
2023-10-23 07:00:00,11.3,0,1710.9
2023-10-23 08:00:00,13.9,0,1691.1
2023-10-23 09:00:00,9.0,0,2128.9
2023-10-23 10:00:00,14.4,0,1541.6
2023-10-23 11:00:00,16.6,0,1549.7
2023-10-23 12:00:00,13.8,0,1593.8
2023-10-23 13:00:00,13.1,0,1550.2
2023-10-23 14:00:00,15.0,0,1453.7
2023-10-23 15:00:00,12.3,0,1719.2
2023-10-23 16:00:00,10.9,0,1941.3
2023-10-23 17:00:00,11.3,0,1910.0
2023-10-23 18:00:00,10.9,0,1961.5
2023-10-23 19:00:00,7.6,0,2211.3
2023-10-23 20:00:00,9.5,0,2068.2
2023-10-23 21:00:00,6.1,0,2444.1
2023-10-23 22:00:00,5.8,0,2357.6
2023-10-23 23:00:00,2.3,0,2882.2
2023-10-24 00:00:00,4.3,0,2346.8
2023-10-24 01:00:00,4.7,0,2197.8
2023-10-24 02:00:00,4.6,0,2195.2
2023-10-24 03:00:00,8.1,0,1665.1
2023-10-24 04:00:00,10.9,0,1365.1
2023-10-24 05:00:00,8.7,0,1685.1
2023-10-24 06:00:00,8.2,0,1838.0
2023-10-24 07:00:00,9.7,0,1743.7
2023-10-24 08:00:00,9.5,0,1819.5
2023-10-24 09:00:00,12.5,0,1584.2
2023-10-24 10:00:00,14.6,0,1453.8
2023-10-24 11:00:00,13.0,0,1536.6
2023-10-24 12:00:00,12.8,0,1484.1
2023-10-24 13:00:00,15.5,0,1355.7
2023-10-24 14:00:00,15.0,0,1351.9
2023-10-24 15:00:00,12.8,0,1432.5
2023-10-24 16:00:00,12.4,0,1519.5
2023-10-24 17:00:00,6.8,0,2156.8
2023-10-24 18:00:00,9.2,0,1935.0
2023-10-24 19:00:00,8.2,0,2048.4
2023-10-24 20:00:00,2.3,0,2960.1
2023-10-24 21:00:00,4.7,0,2483.9
2023-10-24 22:00:00,5.2,0,2298.2
2023-10-24 23:00:00,2.8,0,2743.5
2023-10-25 00:00:00,4.7,0,2228.2
2023-10-25 01:00:00,1.3,0,2744.3
2023-10-25 02:00:00,2.7,0,2372.7
2023-10-25 03:00:00,5.8,0,1975.9
2023-10-25 04:00:00,6.0,0,1956.6
2023-10-25 05:00:00,11.4,0,1478.7
2023-10-25 06:00:00,11.9,0,1403.6
2023-10-25 07:00:00,12.1,0,1574.4
2023-10-25 08:00:00,12.4,0,1550.8
2023-10-25 09:00:00,13.3,0,1539.9
2023-10-25 10:00:00,15.2,0,1444.2
2023-10-25 11:00:00,14.5,0,1370.1
2023-10-25 12:00:00,14.5,0,1326.2
2023-10-25 13:00:00,13.5,0,1368.4
2023-10-25 14:00:00,14.4,0,1275.1
2023-10-25 15:00:00,11.5,0,1660.1
2023-10-25 16:00:00,10.9,0,1698.6
2023-10-25 17:00:00,10.0,0,1820.6
2023-10-25 18:00:00,7.0,0,2125.4
2023-10-25 19:00:00,7.4,0,2196.1
2023-10-25 20:00:00,8.3,0,2079.6
2023-10-25 21:00:00,6.6,0,2211.7
2023-10-25 22:00:00,1.4,0,3045.7
2023-10-25 23:00:00,6.3,0,2169.3
2023-10-26 00:00:00,3.0,0,2674.1
2023-10-26 01:00:00,1.2,0,3058.1
2023-10-26 02:00:00,3.6,0,2489.6
2023-10-26 03:00:00,4.3,0,2378.2
2023-10-26 04:00:00,4.0,0,2387.6
2023-10-26 05:00:00,5.4,0,2288.1
2023-10-26 06:00:00,4.5,0,2405.4
2023-10-26 07:00:00,9.9,0,1978.9
2023-10-26 08:00:00,13.8,0,1650.9
2023-10-26 09:00:00,11.6,0,1821.3
2023-10-26 10:00:00,12.0,0,1810.5
2023-10-26 11:00:00,11.8,0,1629.9
2023-10-26 12:00:00,10.4,0,1821.4
2023-10-26 13:00:00,14.6,0,1415.7
2023-10-26 14:00:00,12.4,0,1633.6
2023-10-26 15:00:00,11.1,0,1739.9
2023-10-26 16:00:00,12.6,0,1679.7
2023-10-26 17:00:00,11.3,0,1842.1
2023-10-26 18:00:00,9.7,0,2091.7
2023-10-26 19:00:00,5.3,0,2552.2
2023-10-26 20:00:00,4.7,0,2647.5
2023-10-26 21:00:00,6.4,0,2412.1
2023-10-26 22:00:00,7.4,0,2152.7
2023-10-26 23:00:00,5.0,0,2412.6
2023-10-27 00:00:00,3.4,0,2598.9
2023-10-27 01:00:00,1.6,0,2859.5
2023-10-27 02:00:00,5.1,0,2217.3
2023-10-27 03:00:00,3.3,0,2526.2
2023-10-27 04:00:00,3.3,0,2579.7
2023-10-27 05:00:00,5.3,0,2279.9
2023-10-27 06:00:00,6.5,0,2310.0
2023-10-27 07:00:00,8.7,0,2057.6
2023-10-27 08:00:00,12.2,0,1783.1
2023-10-27 09:00:00,14.2,0,1682.8
2023-10-27 10:00:00,15.2,0,1523.9
2023-10-27 11:00:00,13.4,0,1525.5
2023-10-27 12:00:00,12.0,0,1705.1
2023-10-27 13:00:00,10.6,0,1859.2
2023-10-27 14:00:00,13.1,0,1646.6
2023-10-27 15:00:00,10.8,0,1874.8
2023-10-27 16:00:00,14.8,0,1588.0
2023-10-27 17:00:00,9.5,0,2045.5
2023-10-27 18:00:00,9.3,0,2073.4
2023-10-27 19:00:00,5.8,0,2478.9
2023-10-27 20:00:00,3.9,0,2816.0
2023-10-27 21:00:00,3.4,0,2871.2
2023-10-27 22:00:00,6.3,0,2415.2
2023-10-27 23:00:00,6.3,0,2307.0
2023-10-28 00:00:00,6.5,0,2155.7
2023-10-28 01:00:00,3.9,0,2572.6
2023-10-28 02:00:00,4.8,0,2291.4
2023-10-28 03:00:00,3.0,0,2581.5
2023-10-28 04:00:00,6.5,0,2004.8
2023-10-28 05:00:00,4.9,0,2356.0
2023-10-28 06:00:00,7.6,0,2020.3
2023-10-28 07:00:00,12.4,0,1571.5
2023-10-28 08:00:00,9.5,0,2007.4
2023-10-28 09:00:00,13.8,0,1682.7
2023-10-28 10:00:00,11.6,0,1815.5
2023-10-28 11:00:00,11.7,0,1702.3
2023-10-28 12:00:00,15.7,0,1393.0
2023-10-28 13:00:00,12.0,0,1669.3
2023-10-28 14:00:00,14.8,0,1553.5
2023-10-28 15:00:00,11.0,0,1713.7
2023-10-28 16:00:00,12.3,0,1734.8
2023-10-28 17:00:00,9.6,0,1993.1
2023-10-28 18:00:00,8.6,0,2179.2
2023-10-28 19:00:00,6.6,0,2332.7
2023-10-28 20:00:00,6.2,0,2453.5
2023-10-28 21:00:00,7.2,0,2235.6
2023-10-28 22:00:00,2.5,0,2933.6
2023-10-28 23:00:00,3.3,0,2796.0
2023-10-29 00:00:00,1.8,0,2874.2
2023-10-29 01:00:00,-0.6,0,3336.1
2023-10-29 02:00:00,2.8,0,2583.4
2023-10-29 03:00:00,3.6,0,2486.6
2023-10-29 04:00:00,5.8,0,2153.4
2023-10-29 05:00:00,8.2,0,1904.8
2023-10-29 06:00:00,3.9,0,2460.5
2023-10-29 07:00:00,7.0,0,2211.1
2023-10-29 08:00:00,7.4,0,2237.3
2023-10-29 09:00:00,15.0,0,1678.3
2023-10-29 10:00:00,15.1,0,1585.5
2023-10-29 11:00:00,14.1,0,1509.7
2023-10-29 12:00:00,16.3,0,1504.1
2023-10-29 13:00:00,9.7,0,1818.1
2023-10-29 14:00:00,12.1,0,1719.5
2023-10-29 15:00:00,13.3,0,1555.7
2023-10-29 16:00:00,10.9,0,1755.8
2023-10-29 17:00:00,10.3,0,1958.8
2023-10-29 18:00:00,7.7,0,2199.7
2023-10-29 19:00:00,6.6,0,2353.1
2023-10-29 20:00:00,5.9,0,2500.3
2023-10-29 21:00:00,4.9,0,2684.2
2023-10-29 22:00:00,4.8,0,2596.9
2023-10-29 23:00:00,5.0,0,2481.0
2023-10-30 00:00:00,2.7,0,2707.1
2023-10-30 01:00:00,4.4,0,2382.3
2023-10-30 02:00:00,4.8,0,2330.0
2023-10-30 03:00:00,2.0,0,2827.3
2023-10-30 04:00:00,6.4,0,1996.1
2023-10-30 05:00:00,7.2,0,1960.7
2023-10-30 06:00:00,9.0,0,1860.6
2023-10-30 07:00:00,10.1,0,1844.3
2023-10-30 08:00:00,9.3,0,1930.2
2023-10-30 09:00:00,10.9,0,1968.8
2023-10-30 10:00:00,13.0,0,1750.1
2023-10-30 11:00:00,15.5,0,1582.3
2023-10-30 12:00:00,9.3,0,1996.3
2023-10-30 13:00:00,9.1,0,1952.0
2023-10-30 14:00:00,12.8,0,1614.1
2023-10-30 15:00:00,9.0,0,1916.0
2023-10-30 16:00:00,12.1,0,1714.0
2023-10-30 17:00:00,9.8,0,1990.6
2023-10-30 18:00:00,5.2,0,2513.9
2023-10-30 19:00:00,7.5,0,2321.4
2023-10-30 20:00:00,5.0,0,2647.4
2023-10-30 21:00:00,2.4,0,2971.6
2023-10-30 22:00:00,-1.4,0,3704.3
2023-10-30 23:00:00,7.0,0,2336.0
2023-10-31 00:00:00,3.3,0,2465.2
2023-10-31 01:00:00,1.0,0,2756.0
2023-10-31 02:00:00,1.4,0,2726.4
2023-10-31 03:00:00,3.6,0,2227.8
2023-10-31 04:00:00,5.1,0,2084.3
2023-10-31 05:00:00,5.6,0,2091.3
2023-10-31 06:00:00,7.3,0,1904.1
2023-10-31 07:00:00,8.7,0,1845.1
2023-10-31 08:00:00,8.9,0,1839.6
2023-10-31 09:00:00,9.5,0,1913.3
2023-10-31 10:00:00,10.8,0,1777.9
2023-10-31 11:00:00,12.7,0,1458.9
2023-10-31 12:00:00,11.9,0,1553.2
2023-10-31 13:00:00,7.9,0,1901.5
2023-10-31 14:00:00,11.1,0,1569.3
2023-10-31 15:00:00,11.9,0,1459.1
2023-10-31 16:00:00,9.8,0,1815.6
2023-10-31 17:00:00,11.5,0,1629.9
2023-10-31 18:00:00,6.0,0,2293.6
2023-10-31 19:00:00,6.0,0,2389.8
2023-10-31 20:00:00,7.8,0,2055.9
2023-10-31 21:00:00,5.4,0,2356.4
2023-10-31 22:00:00,1.6,0,2923.7
2023-10-31 23:00:00,2.0,0,2855.0
2023-11-01 00:00:00,0.6,0,2999.7
2023-11-01 01:00:00,6.0,0,1989.0
2023-11-01 02:00:00,2.4,0,2482.6
2023-11-01 03:00:00,-1.0,0,3100.4
2023-11-01 04:00:00,6.9,0,1811.5
2023-11-01 05:00:00,5.8,0,2051.2
2023-11-01 06:00:00,6.6,0,2087.4
2023-11-01 07:00:00,9.1,0,1841.3
2023-11-01 08:00:00,12.9,0,1522.2
2023-11-01 09:00:00,10.8,0,1736.8
2023-11-01 10:00:00,9.6,0,1850.5
2023-11-01 11:00:00,9.5,0,1732.5
2023-11-01 12:00:00,16.0,0,1320.9
2023-11-01 13:00:00,10.6,0,1596.0
2023-11-01 14:00:00,14.3,0,1422.4
2023-11-01 15:00:00,11.1,0,1583.4
2023-11-01 16:00:00,11.0,0,1725.3
2023-11-01 17:00:00,7.5,0,2091.6
2023-11-01 18:00:00,11.7,0,1756.5
2023-11-01 19:00:00,8.5,0,2072.3
2023-11-01 20:00:00,2.8,0,2895.2
2023-11-01 21:00:00,6.8,0,2193.4
2023-11-01 22:00:00,1.4,0,2968.4
2023-11-01 23:00:00,4.2,0,2461.7
2023-11-02 00:00:00,5.7,0,2282.4
2023-11-02 01:00:00,1.9,0,2739.1
2023-11-02 02:00:00,-0.3,0,3141.0
2023-11-02 03:00:00,5.1,0,2274.4
2023-11-02 04:00:00,0.7,0,3007.4
2023-11-02 05:00:00,8.0,0,1912.3
2023-11-02 06:00:00,6.0,0,2211.8
2023-11-02 07:00:00,7.9,0,2077.2
2023-11-02 08:00:00,9.2,0,2024.8
2023-11-02 09:00:00,11.8,0,1836.7
2023-11-02 10:00:00,10.1,0,1916.8
2023-11-02 11:00:00,12.9,0,1654.2
2023-11-02 12:00:00,10.8,0,1702.4
2023-11-02 13:00:00,12.4,0,1708.8
2023-11-02 14:00:00,9.4,0,1855.8
2023-11-02 15:00:00,10.6,0,1707.2
2023-11-02 16:00:00,12.4,0,1665.1
2023-11-02 17:00:00,5.7,0,2416.1
2023-11-02 18:00:00,8.2,0,2157.5
2023-11-02 19:00:00,6.2,0,2436.6
2023-11-02 20:00:00,3.0,0,2946.1
2023-11-02 21:00:00,3.2,0,2917.5
2023-11-02 22:00:00,1.8,0,3135.9
2023-11-02 23:00:00,1.6,0,3020.5
2023-11-03 00:00:00,1.1,0,2918.0
2023-11-03 01:00:00,1.0,0,2973.3
2023-11-03 02:00:00,2.3,0,2734.0
2023-11-03 03:00:00,3.0,0,2544.9
2023-11-03 04:00:00,4.1,0,2381.8
2023-11-03 05:00:00,7.2,0,2101.6
2023-11-03 06:00:00,8.0,0,2051.2
2023-11-03 07:00:00,8.9,0,1967.0
2023-11-03 08:00:00,9.4,0,1908.4
2023-11-03 09:00:00,10.3,0,1876.9
2023-11-03 10:00:00,11.7,0,1764.3
2023-11-03 11:00:00,8.6,0,1994.1
2023-11-03 12:00:00,10.8,0,1724.6
2023-11-03 13:00:00,9.9,0,1783.6
2023-11-03 14:00:00,11.0,0,1646.1
2023-11-03 15:00:00,9.6,0,1828.9
2023-11-03 16:00:00,10.6,0,1885.6
2023-11-03 17:00:00,10.1,0,1911.6
2023-11-03 18:00:00,8.1,0,2126.8
2023-11-03 19:00:00,5.4,0,2474.0
2023-11-03 20:00:00,2.8,0,2937.6
2023-11-03 21:00:00,1.8,0,3081.3
2023-11-03 22:00:00,1.1,0,3128.4
2023-11-03 23:00:00,-1.2,0,3608.9
2023-11-04 00:00:00,1.8,0,2820.7
2023-11-04 01:00:00,3.9,0,2496.1
2023-11-04 02:00:00,1.7,0,2734.2
2023-11-04 03:00:00,5.4,0,2124.5
2023-11-04 04:00:00,6.2,0,1965.1
2023-11-04 05:00:00,6.1,0,2173.7
2023-11-04 06:00:00,7.5,0,2043.2
2023-11-04 07:00:00,7.0,0,2092.4
2023-11-04 08:00:00,9.2,0,1930.1
2023-11-04 09:00:00,10.1,0,1927.0
2023-11-04 10:00:00,10.0,0,1911.2
2023-11-04 11:00:00,15.2,0,1522.8
2023-11-04 12:00:00,12.5,0,1558.6
2023-11-04 13:00:00,12.1,0,1565.2
2023-11-04 14:00:00,8.7,0,1968.9
2023-11-04 15:00:00,9.2,0,1971.7
2023-11-04 16:00:00,9.9,0,1965.3
2023-11-04 17:00:00,9.1,0,2106.3
2023-11-04 18:00:00,5.4,0,2557.1
2023-11-04 19:00:00,4.8,0,2747.5
2023-11-04 20:00:00,4.4,0,2705.4
2023-11-04 21:00:00,2.7,0,2962.2
2023-11-04 22:00:00,3.9,0,2634.1
2023-11-04 23:00:00,2.3,0,2876.8
2023-11-05 00:00:00,-1.6,0,3524.5
2023-11-05 01:00:00,-1.4,0,3460.9
2023-11-05 02:00:00,-2.9,0,3669.8
2023-11-05 03:00:00,2.3,0,2643.0
2023-11-05 04:00:00,4.0,0,2281.8
2023-11-05 05:00:00,2.0,0,2808.1
2023-11-05 06:00:00,6.7,0,2152.4
2023-11-05 07:00:00,4.9,0,2438.9
2023-11-05 08:00:00,13.4,0,1601.8
2023-11-05 09:00:00,8.3,0,2175.3
2023-11-05 10:00:00,10.1,0,1962.0
2023-11-05 11:00:00,7.6,0,2136.3
2023-11-05 12:00:00,9.2,0,1930.8
2023-11-05 13:00:00,9.7,0,1813.6
2023-11-05 14:00:00,11.6,0,1638.2
2023-11-05 15:00:00,8.6,0,1964.1
2023-11-05 16:00:00,7.6,0,2180.1
2023-11-05 17:00:00,7.9,0,2122.8
2023-11-05 18:00:00,7.9,0,2256.0
2023-11-05 19:00:00,5.9,0,2472.8
2023-11-05 20:00:00,3.0,0,2894.5
2023-11-05 21:00:00,-1.6,0,3655.8
2023-11-05 22:00:00,2.5,0,2884.8
2023-11-05 23:00:00,3.5,0,2720.6
2023-11-06 00:00:00,3.1,0,2625.9
2023-11-06 01:00:00,1.4,0,2809.7
2023-11-06 02:00:00,-2.5,0,3703.1
2023-11-06 03:00:00,5.4,0,2214.0
2023-11-06 04:00:00,5.3,0,2295.9
2023-11-06 05:00:00,1.4,0,2951.5
2023-11-06 06:00:00,3.2,0,2696.3
2023-11-06 07:00:00,6.3,0,2194.6
2023-11-06 08:00:00,10.0,0,1955.1
2023-11-06 09:00:00,7.9,0,2156.7
2023-11-06 10:00:00,12.9,0,1628.5
2023-11-06 11:00:00,10.1,0,1822.6
2023-11-06 12:00:00,12.4,0,1541.6
2023-11-06 13:00:00,12.3,0,1497.3
2023-11-06 14:00:00,11.8,0,1646.9
2023-11-06 15:00:00,12.9,0,1615.2
2023-11-06 16:00:00,4.8,0,2564.5
2023-11-06 17:00:00,7.0,0,2254.9
2023-11-06 18:00:00,4.2,0,2704.2
2023-11-06 19:00:00,3.4,0,2838.8
2023-11-06 20:00:00,4.2,0,2864.0
2023-11-06 21:00:00,3.6,0,2718.1
2023-11-06 22:00:00,3.2,0,2733.8
2023-11-06 23:00:00,6.3,0,2299.4
2023-11-07 00:00:00,1.6,0,2801.4
2023-11-07 01:00:00,0.2,0,2967.9
2023-11-07 02:00:00,1.4,0,2713.8
2023-11-07 03:00:00,5.0,0,1935.0
2023-11-07 04:00:00,2.0,0,2643.7
2023-11-07 05:00:00,3.6,0,2251.5
2023-11-07 06:00:00,6.8,0,1984.1
2023-11-07 07:00:00,7.5,0,1987.7
2023-11-07 08:00:00,6.7,0,2208.1
2023-11-07 09:00:00,9.0,0,1908.6
2023-11-07 10:00:00,8.8,0,1809.4
2023-11-07 11:00:00,9.9,0,1742.7
2023-11-07 12:00:00,8.9,0,1825.5
2023-11-07 13:00:00,11.9,0,1433.6
2023-11-07 14:00:00,9.1,0,1684.0
2023-11-07 15:00:00,9.7,0,1792.5
2023-11-07 16:00:00,8.1,0,1908.2
2023-11-07 17:00:00,7.1,0,2206.6
2023-11-07 18:00:00,10.4,0,1707.4
2023-11-07 19:00:00,4.9,0,2534.0
2023-11-07 20:00:00,1.7,0,2997.6
2023-11-07 21:00:00,4.1,0,2540.4
2023-11-07 22:00:00,0.7,0,3029.5
2023-11-07 23:00:00,3.3,0,2588.8
2023-11-08 00:00:00,1.2,0,2825.0
2023-11-08 01:00:00,2.5,0,2441.7
2023-11-08 02:00:00,2.4,0,2556.6
2023-11-08 03:00:00,5.1,0,2051.8
2023-11-08 04:00:00,9.4,0,1522.9
2023-11-08 05:00:00,1.9,0,2667.6
2023-11-08 06:00:00,6.5,0,2020.8
2023-11-08 07:00:00,6.7,0,1968.8
2023-11-08 08:00:00,6.9,0,2125.9
2023-11-08 09:00:00,9.6,0,1865.2
2023-11-08 10:00:00,8.1,0,2059.9
2023-11-08 11:00:00,8.6,0,1871.1
2023-11-08 12:00:00,9.0,0,1676.8
2023-11-08 13:00:00,9.7,0,1652.2
2023-11-08 14:00:00,11.0,0,1627.3
2023-11-08 15:00:00,8.4,0,1892.1
2023-11-08 16:00:00,9.4,0,1795.5
2023-11-08 17:00:00,4.2,0,2545.2
2023-11-08 18:00:00,8.7,0,1865.4
2023-11-08 19:00:00,1.8,0,2977.8
2023-11-08 20:00:00,0.6,0,3189.6
2023-11-08 21:00:00,1.4,0,2971.7
2023-11-08 22:00:00,2.9,0,2720.8
2023-11-08 23:00:00,0.3,0,3095.6
2023-11-09 00:00:00,-1.0,0,3390.7
2023-11-09 01:00:00,-1.7,0,3431.6
2023-11-09 02:00:00,-1.5,0,3439.3
2023-11-09 03:00:00,1.7,0,2674.9
2023-11-09 04:00:00,6.0,0,2115.7
2023-11-09 05:00:00,4.3,0,2435.0
2023-11-09 06:00:00,5.1,0,2367.0
2023-11-09 07:00:00,8.5,0,2002.7
2023-11-09 08:00:00,6.4,0,2379.9
2023-11-09 09:00:00,7.3,0,2241.2
2023-11-09 10:00:00,11.3,0,1806.5
2023-11-09 11:00:00,10.0,0,1857.0
2023-11-09 12:00:00,10.2,0,1922.3
2023-11-09 13:00:00,8.7,0,1999.4
2023-11-09 14:00:00,10.1,0,1762.9
2023-11-09 15:00:00,10.1,0,1890.1
2023-11-09 16:00:00,7.9,0,2132.0
2023-11-09 17:00:00,7.0,0,2298.2
2023-11-09 18:00:00,5.5,0,2506.4
2023-11-09 19:00:00,2.9,0,2934.6
2023-11-09 20:00:00,-0.4,0,3536.1
2023-11-09 21:00:00,0.4,0,3361.9
2023-11-09 22:00:00,2.4,0,2967.8
2023-11-09 23:00:00,0.0,0,3336.7
2023-11-10 00:00:00,3.3,0,2543.3
2023-11-10 01:00:00,-0.3,0,3147.1
2023-11-10 02:00:00,-1.7,0,3492.3
2023-11-10 03:00:00,4.5,0,2312.5
2023-11-10 04:00:00,4.5,0,2307.9
2023-11-10 05:00:00,5.1,0,2282.8
2023-11-10 06:00:00,4.9,0,2318.5
2023-11-10 07:00:00,7.4,0,2133.8
2023-11-10 08:00:00,10.9,0,1803.3
2023-11-10 09:00:00,9.6,0,1888.6
2023-11-10 10:00:00,9.8,0,1887.1
2023-11-10 11:00:00,5.6,0,2362.4
2023-11-10 12:00:00,12.2,0,1539.2
2023-11-10 13:00:00,11.7,0,1591.9
2023-11-10 14:00:00,7.8,0,1994.2
2023-11-10 15:00:00,7.3,0,2208.5
2023-11-10 16:00:00,8.0,0,2119.8
2023-11-10 17:00:00,3.2,0,2899.8
2023-11-10 18:00:00,2.0,0,3159.1
2023-11-10 19:00:00,5.5,0,2514.5
2023-11-10 20:00:00,4.7,0,2671.9
2023-11-10 21:00:00,-0.1,0,3470.7
2023-11-10 22:00:00,-2.1,0,3773.3
2023-11-10 23:00:00,2.7,0,2834.2
2023-11-11 00:00:00,1.3,0,2857.6
2023-11-11 01:00:00,1.5,0,2874.8
2023-11-11 02:00:00,0.7,0,3017.9
2023-11-11 03:00:00,1.8,0,2731.6
2023-11-11 04:00:00,4.8,0,2229.5
2023-11-11 05:00:00,3.8,0,2450.8
2023-11-11 06:00:00,7.2,0,2076.4
2023-11-11 07:00:00,6.0,0,2285.6
2023-11-11 08:00:00,5.0,0,2516.7
2023-11-11 09:00:00,9.9,0,1948.4
2023-11-11 10:00:00,12.4,0,1701.7
2023-11-11 11:00:00,9.2,0,1895.6
2023-11-11 12:00:00,8.4,0,1975.6
2023-11-11 13:00:00,8.9,0,1876.7
2023-11-11 14:00:00,5.8,0,2301.1
2023-11-11 15:00:00,12.7,0,1612.5
2023-11-11 16:00:00,7.2,0,2188.3
2023-11-11 17:00:00,5.0,0,2555.8
2023-11-11 18:00:00,6.2,0,2325.2
2023-11-11 19:00:00,4.0,0,2779.4
2023-11-11 20:00:00,-1.7,0,3824.2
2023-11-11 21:00:00,0.4,0,3281.4
2023-11-11 22:00:00,2.9,0,2811.6
2023-11-11 23:00:00,0.5,0,3266.9
2023-11-12 00:00:00,-1.5,0,3496.3
2023-11-12 01:00:00,1.7,0,2842.5
2023-11-12 02:00:00,2.9,0,2462.5
2023-11-12 03:00:00,0.5,0,3025.0
2023-11-12 04:00:00,4.0,0,2404.9
2023-11-12 05:00:00,-1.4,0,3380.3
2023-11-12 06:00:00,5.4,0,2264.6
2023-11-12 07:00:00,4.9,0,2465.7
2023-11-12 08:00:00,7.2,0,2210.4
2023-11-12 09:00:00,11.8,0,1886.6
2023-11-12 10:00:00,7.5,0,2229.0
2023-11-12 11:00:00,10.9,0,1766.8
2023-11-12 12:00:00,7.2,0,2125.3
2023-11-12 13:00:00,9.4,0,1757.6
2023-11-12 14:00:00,9.9,0,1750.0
2023-11-12 15:00:00,6.9,0,2187.8
2023-11-12 16:00:00,6.4,0,2283.3
2023-11-12 17:00:00,6.3,0,2304.0
2023-11-12 18:00:00,5.1,0,2627.4
2023-11-12 19:00:00,1.2,0,3101.9
2023-11-12 20:00:00,-1.7,0,3803.0
2023-11-12 21:00:00,1.1,0,3155.6
2023-11-12 22:00:00,1.3,0,3206.3
2023-11-12 23:00:00,-2.9,0,3989.3
2023-11-13 00:00:00,-0.8,0,3397.5
2023-11-13 01:00:00,1.5,0,2904.3
2023-11-13 02:00:00,-1.2,0,3398.6
2023-11-13 03:00:00,-0.5,0,3168.9
2023-11-13 04:00:00,2.0,0,2636.2
2023-11-13 05:00:00,4.9,0,2364.2
2023-11-13 06:00:00,6.9,0,2117.1
2023-11-13 07:00:00,10.0,0,1803.6
2023-11-13 08:00:00,10.1,0,1906.9
2023-11-13 09:00:00,8.5,0,2103.6
2023-11-13 10:00:00,9.7,0,1982.3
2023-11-13 11:00:00,9.1,0,2012.9
2023-11-13 12:00:00,12.0,0,1590.4
2023-11-13 13:00:00,9.2,0,1870.9
2023-11-13 14:00:00,8.3,0,1991.1
2023-11-13 15:00:00,10.3,0,1810.4
2023-11-13 16:00:00,4.7,0,2503.6
2023-11-13 17:00:00,4.3,0,2539.8
2023-11-13 18:00:00,2.8,0,2870.0
2023-11-13 19:00:00,-0.4,0,3487.5
2023-11-13 20:00:00,2.0,0,3088.7
2023-11-13 21:00:00,2.9,0,2821.5
2023-11-13 22:00:00,-1.5,0,3741.3
2023-11-13 23:00:00,0.8,0,3209.9
2023-11-14 00:00:00,-1.2,0,3201.5
2023-11-14 01:00:00,-2.9,0,3520.1
2023-11-14 02:00:00,2.5,0,2412.3
2023-11-14 03:00:00,0.4,0,2891.4
2023-11-14 04:00:00,-0.0,0,2926.7
2023-11-14 05:00:00,-1.4,0,3293.2
2023-11-14 06:00:00,5.0,0,2217.1
2023-11-14 07:00:00,5.9,0,2223.3
2023-11-14 08:00:00,8.2,0,1993.4
2023-11-14 09:00:00,7.5,0,2060.8
2023-11-14 10:00:00,10.0,0,1751.8
2023-11-14 11:00:00,7.5,0,1882.7
2023-11-14 12:00:00,12.4,0,1565.2
2023-11-14 13:00:00,8.3,0,1794.7
2023-11-14 14:00:00,8.2,0,1864.1
2023-11-14 15:00:00,10.4,0,1647.0
2023-11-14 16:00:00,6.6,0,2119.4
2023-11-14 17:00:00,5.4,0,2315.1
2023-11-14 18:00:00,6.0,0,2292.1
2023-11-14 19:00:00,2.2,0,2965.3
2023-11-14 20:00:00,0.4,0,3087.3
2023-11-14 21:00:00,3.0,0,2645.3
2023-11-14 22:00:00,-0.5,0,3323.3
2023-11-14 23:00:00,-1.7,0,3468.6
2023-11-15 00:00:00,0.7,0,2828.0
2023-11-15 01:00:00,-0.9,0,3175.9
2023-11-15 02:00:00,-1.4,0,3246.8
2023-11-15 03:00:00,0.7,0,2882.9
2023-11-15 04:00:00,1.0,0,2791.2
2023-11-15 05:00:00,4.2,0,2212.3
2023-11-15 06:00:00,1.5,0,2821.4
2023-11-15 07:00:00,8.5,0,1794.1
2023-11-15 08:00:00,6.5,0,2109.0
2023-11-15 09:00:00,8.8,0,1889.5
2023-11-15 10:00:00,11.8,0,1491.7
2023-11-15 11:00:00,12.4,0,1471.3
2023-11-15 12:00:00,7.3,0,1884.1
2023-11-15 13:00:00,12.4,0,1450.1
2023-11-15 14:00:00,5.7,0,2160.6
2023-11-15 15:00:00,10.3,0,1721.5
2023-11-15 16:00:00,6.4,0,2122.4
2023-11-15 17:00:00,4.3,0,2494.7
2023-11-15 18:00:00,4.9,0,2473.7
2023-11-15 19:00:00,3.9,0,2675.3
2023-11-15 20:00:00,2.2,0,2895.0
2023-11-15 21:00:00,-0.7,0,3360.3
2023-11-15 22:00:00,2.3,0,2677.5
2023-11-15 23:00:00,-1.9,0,3520.7
2023-11-16 00:00:00,-5.3,0,4378.0
2023-11-16 01:00:00,-0.1,0,3110.1
2023-11-16 02:00:00,-2.2,0,3510.5
2023-11-16 03:00:00,-1.0,0,3179.1
2023-11-16 04:00:00,0.2,0,3065.1
2023-11-16 05:00:00,0.9,0,2911.2
2023-11-16 06:00:00,5.6,0,2199.8
2023-11-16 07:00:00,5.6,0,2382.5
2023-11-16 08:00:00,6.9,0,2203.2
2023-11-16 09:00:00,10.8,0,1782.4
2023-11-16 10:00:00,10.8,0,1808.1
2023-11-16 11:00:00,9.5,0,1876.1
2023-11-16 12:00:00,8.4,0,1968.2
2023-11-16 13:00:00,9.7,0,1743.7
2023-11-16 14:00:00,8.0,0,2017.3
2023-11-16 15:00:00,7.5,0,2058.2
2023-11-16 16:00:00,10.1,0,1770.1
2023-11-16 17:00:00,5.3,0,2453.9
2023-11-16 18:00:00,4.5,0,2595.6
2023-11-16 19:00:00,1.8,0,3001.2
2023-11-16 20:00:00,1.3,0,3152.4
2023-11-16 21:00:00,3.3,0,2869.4
2023-11-16 22:00:00,-2.5,0,3875.5
2023-11-16 23:00:00,-4.1,0,4176.9
2023-11-17 00:00:00,-0.4,0,3278.9
2023-11-17 01:00:00,-6.3,0,4537.2
2023-11-17 02:00:00,-3.8,0,3996.2
2023-11-17 03:00:00,-0.7,0,3171.3
2023-11-17 04:00:00,3.3,0,2478.3
2023-11-17 05:00:00,1.2,0,3010.9
2023-11-17 06:00:00,5.3,0,2377.3
2023-11-17 07:00:00,6.4,0,2279.7
2023-11-17 08:00:00,5.8,0,2336.4
2023-11-17 09:00:00,11.3,0,1828.6
2023-11-17 10:00:00,8.4,0,2063.8
2023-11-17 11:00:00,9.4,0,1902.3
2023-11-17 12:00:00,5.8,0,2261.8
2023-11-17 13:00:00,9.3,0,1897.8
2023-11-17 14:00:00,8.2,0,1923.3
2023-11-17 15:00:00,3.6,0,2653.9
2023-11-17 16:00:00,6.9,0,2165.0
2023-11-17 17:00:00,6.6,0,2283.4
2023-11-17 18:00:00,5.3,0,2461.6
2023-11-17 19:00:00,0.8,0,3256.5
2023-11-17 20:00:00,0.8,0,3299.4
2023-11-17 21:00:00,1.6,0,3086.5
2023-11-17 22:00:00,-2.0,0,3723.9
2023-11-17 23:00:00,-1.6,0,3661.5
2023-11-18 00:00:00,1.1,0,2971.4
2023-11-18 01:00:00,-0.5,0,3149.5
2023-11-18 02:00:00,-1.0,0,3285.2
2023-11-18 03:00:00,-3.5,0,3704.7
2023-11-18 04:00:00,2.0,0,2679.4
2023-11-18 05:00:00,6.0,0,2118.8
2023-11-18 06:00:00,4.0,0,2514.0
2023-11-18 07:00:00,8.1,0,2081.3
2023-11-18 08:00:00,5.4,0,2504.3
2023-11-18 09:00:00,7.4,0,2183.0
2023-11-18 10:00:00,12.0,0,1702.6
2023-11-18 11:00:00,11.1,0,1763.3
2023-11-18 12:00:00,9.7,0,1791.7
2023-11-18 13:00:00,6.1,0,2126.8
2023-11-18 14:00:00,8.3,0,1893.2
2023-11-18 15:00:00,7.5,0,2106.3
2023-11-18 16:00:00,9.1,0,1947.3
2023-11-18 17:00:00,3.4,0,2747.4
2023-11-18 18:00:00,1.4,0,3220.1
2023-11-18 19:00:00,3.9,0,2674.2
2023-11-18 20:00:00,1.1,0,3207.3
2023-11-18 21:00:00,-3.2,0,4069.6
2023-11-18 22:00:00,-2.2,0,3904.3
2023-11-18 23:00:00,-4.5,0,4297.8
2023-11-19 00:00:00,-3.5,0,3969.3
2023-11-19 01:00:00,-1.8,0,3579.9
2023-11-19 02:00:00,-4.0,0,4030.0
2023-11-19 03:00:00,1.6,0,2763.2
2023-11-19 04:00:00,-0.2,0,3096.4
2023-11-19 05:00:00,0.7,0,2965.0
2023-11-19 06:00:00,2.2,0,2774.0
2023-11-19 07:00:00,8.0,0,1921.7
2023-11-19 08:00:00,4.7,0,2452.0
2023-11-19 09:00:00,9.3,0,2035.3
2023-11-19 10:00:00,8.5,0,2023.3
2023-11-19 11:00:00,10.3,0,1805.8
2023-11-19 12:00:00,10.5,0,1688.7
2023-11-19 13:00:00,8.2,0,1961.7
2023-11-19 14:00:00,9.4,0,1842.8
2023-11-19 15:00:00,5.0,0,2414.8
2023-11-19 16:00:00,9.0,0,2019.9
2023-11-19 17:00:00,4.1,0,2644.6
2023-11-19 18:00:00,1.5,0,3129.2
2023-11-19 19:00:00,0.5,0,3395.8
2023-11-19 20:00:00,0.1,0,3453.7
2023-11-19 21:00:00,0.7,0,3229.1
2023-11-19 22:00:00,2.9,0,2880.2
2023-11-19 23:00:00,-4.4,0,4364.0
2023-11-20 00:00:00,-2.3,0,3624.0
2023-11-20 01:00:00,-2.1,0,3526.4
2023-11-20 02:00:00,-2.9,0,3631.5
2023-11-20 03:00:00,-0.3,0,3047.5
2023-11-20 04:00:00,-0.6,0,3201.1
2023-11-20 05:00:00,3.9,0,2365.9
2023-11-20 06:00:00,4.1,0,2550.6
2023-11-20 07:00:00,6.4,0,2226.1
2023-11-20 08:00:00,7.5,0,2130.7
2023-11-20 09:00:00,5.6,0,2395.4
2023-11-20 10:00:00,5.5,0,2459.4
2023-11-20 11:00:00,8.5,0,1921.4
2023-11-20 12:00:00,7.3,0,2142.2
2023-11-20 13:00:00,5.2,0,2352.0
2023-11-20 14:00:00,7.0,0,2088.7
2023-11-20 15:00:00,5.3,0,2436.6
2023-11-20 16:00:00,6.5,0,2249.0
2023-11-20 17:00:00,3.4,0,2785.3
2023-11-20 18:00:00,4.7,0,2613.6
2023-11-20 19:00:00,-0.3,0,3493.1
2023-11-20 20:00:00,4.1,0,2797.4
2023-11-20 21:00:00,-0.2,0,3369.6
2023-11-20 22:00:00,-4.3,0,4223.9
2023-11-20 23:00:00,-0.4,0,3350.6
2023-11-21 00:00:00,-1.5,0,3211.8
2023-11-21 01:00:00,-0.4,0,3058.9
2023-11-21 02:00:00,-6.1,0,4317.6
2023-11-21 03:00:00,2.6,0,2398.9
2023-11-21 04:00:00,2.6,0,2345.5
2023-11-21 05:00:00,0.2,0,2924.0
2023-11-21 06:00:00,4.8,0,2238.4
2023-11-21 07:00:00,6.0,0,2114.4
2023-11-21 08:00:00,5.5,0,2214.0
2023-11-21 09:00:00,6.5,0,2173.2
2023-11-21 10:00:00,9.5,0,1821.5
2023-11-21 11:00:00,9.7,0,1753.7
2023-11-21 12:00:00,10.6,0,1553.2
2023-11-21 13:00:00,7.6,0,1934.8
2023-11-21 14:00:00,4.8,0,2346.7
2023-11-21 15:00:00,4.2,0,2362.7
2023-11-21 16:00:00,7.8,0,1940.6
2023-11-21 17:00:00,3.3,0,2662.6
2023-11-21 18:00:00,4.3,0,2482.6
2023-11-21 19:00:00,-1.7,0,3666.7
2023-11-21 20:00:00,1.1,0,3092.4
2023-11-21 21:00:00,-2.0,0,3653.1
2023-11-21 22:00:00,0.0,0,3268.4
2023-11-21 23:00:00,-0.7,0,3270.4
2023-11-22 00:00:00,-4.8,0,4011.1
2023-11-22 01:00:00,-2.4,0,3389.9
2023-11-22 02:00:00,1.6,0,2564.0
2023-11-22 03:00:00,-5.6,0,4093.5
2023-11-22 04:00:00,-0.5,0,3042.4
2023-11-22 05:00:00,0.2,0,2945.8
2023-11-22 06:00:00,5.2,0,2123.5
2023-11-22 07:00:00,4.0,0,2434.3
2023-11-22 08:00:00,7.3,0,2069.5
2023-11-22 09:00:00,5.2,0,2280.2
2023-11-22 10:00:00,9.1,0,1815.6
2023-11-22 11:00:00,5.3,0,2278.4
2023-11-22 12:00:00,6.5,0,2092.0
2023-11-22 13:00:00,10.5,0,1615.8
2023-11-22 14:00:00,9.1,0,1679.8
2023-11-22 15:00:00,5.5,0,2137.5
2023-11-22 16:00:00,2.5,0,2853.3
2023-11-22 17:00:00,7.9,0,1960.1
2023-11-22 18:00:00,1.8,0,3067.7
2023-11-22 19:00:00,0.3,0,3092.9
2023-11-22 20:00:00,1.2,0,3088.9
2023-11-22 21:00:00,1.2,0,2917.9
2023-11-22 22:00:00,-2.6,0,3797.6
2023-11-22 23:00:00,-0.4,0,3206.9
2023-11-23 00:00:00,-2.1,0,3498.9
2023-11-23 01:00:00,-4.9,0,4249.8
2023-11-23 02:00:00,-0.4,0,3240.2
2023-11-23 03:00:00,-1.2,0,3275.6
2023-11-23 04:00:00,-3.1,0,3767.1
2023-11-23 05:00:00,2.4,0,2633.4
2023-11-23 06:00:00,0.5,0,3032.3
2023-11-23 07:00:00,3.3,0,2704.3
2023-11-23 08:00:00,6.7,0,2223.5
2023-11-23 09:00:00,7.6,0,2148.8
2023-11-23 10:00:00,6.5,0,2241.7
2023-11-23 11:00:00,8.2,0,1895.1
2023-11-23 12:00:00,8.4,0,1984.2
2023-11-23 13:00:00,9.1,0,1822.7
2023-11-23 14:00:00,4.3,0,2534.0
2023-11-23 15:00:00,3.9,0,2581.7
2023-11-23 16:00:00,4.0,0,2589.4
2023-11-23 17:00:00,-1.2,0,3625.3
2023-11-23 18:00:00,-2.0,0,3773.6
2023-11-23 19:00:00,1.3,0,3220.7
2023-11-23 20:00:00,-2.5,0,3957.0
2023-11-23 21:00:00,-0.3,0,3496.0
2023-11-23 22:00:00,-1.3,0,3685.7
2023-11-23 23:00:00,-3.1,0,3947.4
2023-11-24 00:00:00,-2.5,0,3642.9
2023-11-24 01:00:00,-5.2,0,4221.4
2023-11-24 02:00:00,-3.5,0,3803.2
2023-11-24 03:00:00,0.4,0,2924.6
2023-11-24 04:00:00,-0.7,0,3180.3
2023-11-24 05:00:00,1.7,0,2796.0
2023-11-24 06:00:00,0.9,0,2993.4
2023-11-24 07:00:00,0.9,0,3097.6
2023-11-24 08:00:00,6.9,0,2178.4
2023-11-24 09:00:00,7.8,0,2161.9
2023-11-24 10:00:00,6.3,0,2377.5
2023-11-24 11:00:00,10.4,0,1805.9
2023-11-24 12:00:00,7.7,0,2016.1
2023-11-24 13:00:00,8.3,0,1836.4
2023-11-24 14:00:00,4.6,0,2457.5
2023-11-24 15:00:00,6.7,0,2097.4
2023-11-24 16:00:00,7.1,0,2147.3
2023-11-24 17:00:00,4.3,0,2582.1
2023-11-24 18:00:00,2.9,0,2878.8
2023-11-24 19:00:00,0.9,0,3200.2
2023-11-24 20:00:00,-2.8,0,4026.3
2023-11-24 21:00:00,0.1,0,3293.1
2023-11-24 22:00:00,-5.0,0,4517.2
2023-11-24 23:00:00,-0.6,0,3460.3
2023-11-25 00:00:00,-0.8,0,3231.0
2023-11-25 01:00:00,-3.6,0,3819.8
2023-11-25 02:00:00,-0.6,0,3228.4
2023-11-25 03:00:00,-3.9,0,3863.7
2023-11-25 04:00:00,-0.9,0,3201.1
2023-11-25 05:00:00,0.7,0,2931.7
2023-11-25 06:00:00,1.7,0,2892.6
2023-11-25 07:00:00,2.7,0,2788.1
2023-11-25 08:00:00,6.4,0,2266.7
2023-11-25 09:00:00,7.3,0,2215.3
2023-11-25 10:00:00,9.8,0,1822.8
2023-11-25 11:00:00,5.3,0,2416.5
2023-11-25 12:00:00,9.0,0,1924.2
2023-11-25 13:00:00,11.7,0,1661.3
2023-11-25 14:00:00,8.6,0,1902.9
2023-11-25 15:00:00,6.0,0,2299.9
2023-11-25 16:00:00,5.8,0,2251.1
2023-11-25 17:00:00,8.2,0,2036.2
2023-11-25 18:00:00,1.0,0,3149.5
2023-11-25 19:00:00,1.3,0,3202.9
2023-11-25 20:00:00,1.2,0,3194.2
2023-11-25 21:00:00,2.4,0,2916.2
2023-11-25 22:00:00,3.2,0,2694.9
2023-11-25 23:00:00,-2.4,0,3757.2
2023-11-26 00:00:00,-2.8,0,3689.6
2023-11-26 01:00:00,-3.4,0,3860.9
2023-11-26 02:00:00,-2.1,0,3474.8
2023-11-26 03:00:00,1.6,0,2667.9
2023-11-26 04:00:00,6.0,0,2028.6
2023-11-26 05:00:00,3.1,0,2554.0
2023-11-26 06:00:00,6.3,0,2019.9
2023-11-26 07:00:00,3.3,0,2739.9
2023-11-26 08:00:00,2.7,0,2805.7
2023-11-26 09:00:00,8.2,0,2073.9
2023-11-26 10:00:00,4.7,0,2456.3
2023-11-26 11:00:00,8.1,0,1982.2
2023-11-26 12:00:00,8.5,0,1808.5
2023-11-26 13:00:00,5.5,0,2254.2
2023-11-26 14:00:00,8.5,0,1947.0
2023-11-26 15:00:00,7.6,0,2081.3
2023-11-26 16:00:00,3.5,0,2705.7
2023-11-26 17:00:00,6.0,0,2304.2
2023-11-26 18:00:00,4.0,0,2667.3
2023-11-26 19:00:00,6.9,0,2381.7
2023-11-26 20:00:00,0.1,0,3385.6
2023-11-26 21:00:00,-3.2,0,4027.6
2023-11-26 22:00:00,-1.6,0,3753.9
2023-11-26 23:00:00,-0.2,0,3229.0
2023-11-27 00:00:00,-2.4,0,3577.0
2023-11-27 01:00:00,-5.3,0,4217.9
2023-11-27 02:00:00,-1.4,0,3364.0
2023-11-27 03:00:00,-4.2,0,3929.6
2023-11-27 04:00:00,1.6,0,2765.7
2023-11-27 05:00:00,-1.9,0,3458.8
2023-11-27 06:00:00,3.2,0,2601.4
2023-11-27 07:00:00,3.4,0,2706.2
2023-11-27 08:00:00,6.0,0,2279.1
2023-11-27 09:00:00,5.9,0,2268.7
2023-11-27 10:00:00,7.8,0,2110.9
2023-11-27 11:00:00,9.7,0,1776.0
2023-11-27 12:00:00,8.6,0,1862.9
2023-11-27 13:00:00,8.7,0,1770.1
2023-11-27 14:00:00,9.7,0,1807.2
2023-11-27 15:00:00,3.7,0,2707.9
2023-11-27 16:00:00,6.3,0,2262.4
2023-11-27 17:00:00,1.3,0,3164.1
2023-11-27 18:00:00,4.7,0,2599.5
2023-11-27 19:00:00,6.0,0,2360.5
2023-11-27 20:00:00,-1.7,0,3759.0
2023-11-27 21:00:00,-2.2,0,3821.2
2023-11-27 22:00:00,-3.6,0,4172.1
2023-11-27 23:00:00,-2.8,0,3925.2
2023-11-28 00:00:00,-2.6,0,3457.8
2023-11-28 01:00:00,-0.9,0,3074.9
2023-11-28 02:00:00,-2.9,0,3468.7
2023-11-28 03:00:00,0.3,0,2795.9
2023-11-28 04:00:00,0.5,0,2870.6
2023-11-28 05:00:00,-0.3,0,3039.6
2023-11-28 06:00:00,5.4,0,2187.7
2023-11-28 07:00:00,4.0,0,2389.9
2023-11-28 08:00:00,6.2,0,2211.3
2023-11-28 09:00:00,5.5,0,2245.4
2023-11-28 10:00:00,12.5,0,1410.3
2023-11-28 11:00:00,6.6,0,2098.2
2023-11-28 12:00:00,10.1,0,1477.2
2023-11-28 13:00:00,7.0,0,1886.4
2023-11-28 14:00:00,3.8,0,2371.3
2023-11-28 15:00:00,3.3,0,2548.0
2023-11-28 16:00:00,4.8,0,2248.5
2023-11-28 17:00:00,5.2,0,2307.1
2023-11-28 18:00:00,1.3,0,2967.1
2023-11-28 19:00:00,0.5,0,3070.6
2023-11-28 20:00:00,-0.9,0,3478.5
2023-11-28 21:00:00,1.5,0,2917.0
2023-11-28 22:00:00,-4.1,0,4067.1
2023-11-28 23:00:00,-2.3,0,3647.0
2023-11-29 00:00:00,-5.2,0,4140.4
2023-11-29 01:00:00,-2.7,0,3425.9
2023-11-29 02:00:00,-2.5,0,3395.6
2023-11-29 03:00:00,2.3,0,2338.9
2023-11-29 04:00:00,0.2,0,2928.3
2023-11-29 05:00:00,-2.6,0,3400.3
2023-11-29 06:00:00,3.9,0,2284.8
2023-11-29 07:00:00,-0.8,0,3129.0
2023-11-29 08:00:00,3.1,0,2608.4
2023-11-29 09:00:00,1.3,0,2941.8
2023-11-29 10:00:00,8.7,0,1812.2
2023-11-29 11:00:00,4.9,0,2238.0
2023-11-29 12:00:00,8.2,0,1712.6
2023-11-29 13:00:00,5.5,0,2151.8
2023-11-29 14:00:00,7.3,0,1850.3
2023-11-29 15:00:00,5.0,0,2181.2
2023-11-29 16:00:00,4.4,0,2299.9
2023-11-29 17:00:00,2.8,0,2642.5
2023-11-29 18:00:00,-0.7,0,3382.4
2023-11-29 19:00:00,1.4,0,3003.8
2023-11-29 20:00:00,-1.9,0,3615.0
2023-11-29 21:00:00,-2.3,0,3588.9
2023-11-29 22:00:00,-2.4,0,3697.0
2023-11-29 23:00:00,-3.0,0,3691.5
2023-11-30 00:00:00,0.3,0,3048.8
2023-11-30 01:00:00,-2.4,0,3527.5
2023-11-30 02:00:00,-4.0,0,3933.5
2023-11-30 03:00:00,-0.4,0,3110.5
2023-11-30 04:00:00,1.1,0,2839.1
2023-11-30 05:00:00,1.2,0,2915.8
2023-11-30 06:00:00,-0.8,0,3265.8
2023-11-30 07:00:00,2.8,0,2710.2
2023-11-30 08:00:00,5.3,0,2413.5
2023-11-30 09:00:00,3.5,0,2747.3
2023-11-30 10:00:00,8.9,0,1911.4
2023-11-30 11:00:00,4.9,0,2370.4
2023-11-30 12:00:00,7.3,0,2001.7
2023-11-30 13:00:00,8.2,0,1873.1
2023-11-30 14:00:00,5.8,0,2207.5
2023-11-30 15:00:00,7.5,0,2036.4
2023-11-30 16:00:00,4.5,0,2498.5
2023-11-30 17:00:00,-0.2,0,3332.5
2023-11-30 18:00:00,0.4,0,3304.3
2023-11-30 19:00:00,2.0,0,2974.5
2023-11-30 20:00:00,-5.2,0,4512.6
2023-11-30 21:00:00,-3.4,0,4078.8
2023-11-30 22:00:00,-4.7,0,4351.9
2023-11-30 23:00:00,-2.5,0,3812.0
2023-12-01 00:00:00,-4.3,0,4093.3
2023-12-01 01:00:00,-5.3,0,4242.6
2023-12-01 02:00:00,-1.7,0,3413.8
2023-12-01 03:00:00,-1.8,0,3392.7
2023-12-01 04:00:00,-0.9,0,3171.7
2023-12-01 05:00:00,1.4,0,2882.6
2023-12-01 06:00:00,-0.4,0,3122.7
2023-12-01 07:00:00,3.0,0,2638.6
2023-12-01 08:00:00,2.6,0,2823.6
2023-12-01 09:00:00,5.6,0,2396.3
2023-12-01 10:00:00,5.6,0,2326.3
2023-12-01 11:00:00,6.4,0,2225.9
2023-12-01 12:00:00,6.6,0,2137.4
2023-12-01 13:00:00,5.2,0,2333.1
2023-12-01 14:00:00,3.2,0,2628.3
2023-12-01 15:00:00,8.9,0,1871.4
2023-12-01 16:00:00,4.3,0,2481.0
2023-12-01 17:00:00,3.4,0,2741.4
2023-12-01 18:00:00,2.1,0,2997.3
2023-12-01 19:00:00,-2.6,0,3968.0
2023-12-01 20:00:00,-2.8,0,4105.4
2023-12-01 21:00:00,-0.2,0,3311.1
2023-12-01 22:00:00,-1.7,0,3646.7
2023-12-01 23:00:00,0.6,0,3143.8
2023-12-02 00:00:00,-2.8,0,3693.8
2023-12-02 01:00:00,-2.7,0,3594.9
2023-12-02 02:00:00,-0.4,0,3112.9
2023-12-02 03:00:00,-2.8,0,3576.9
2023-12-02 04:00:00,-1.9,0,3386.6
2023-12-02 05:00:00,1.6,0,2709.3
2023-12-02 06:00:00,0.9,0,2977.9
2023-12-02 07:00:00,3.2,0,2643.7
2023-12-02 08:00:00,2.6,0,2730.2
2023-12-02 09:00:00,4.2,0,2543.0
2023-12-02 10:00:00,5.6,0,2372.3
2023-12-02 11:00:00,7.2,0,2078.6
2023-12-02 12:00:00,9.4,0,1882.0
2023-12-02 13:00:00,5.8,0,2131.2
2023-12-02 14:00:00,10.0,0,1715.2
2023-12-02 15:00:00,9.3,0,1745.2
2023-12-02 16:00:00,3.5,0,2658.2
2023-12-02 17:00:00,0.8,0,3230.6
2023-12-02 18:00:00,1.6,0,3120.4
2023-12-02 19:00:00,-1.7,0,3623.7
2023-12-02 20:00:00,-5.8,0,4748.4
2023-12-02 21:00:00,-3.3,0,4109.8
2023-12-02 22:00:00,-3.8,0,4115.8
2023-12-02 23:00:00,-4.7,0,4280.2
2023-12-03 00:00:00,-4.7,0,4066.3
2023-12-03 01:00:00,-3.9,0,3876.7
2023-12-03 02:00:00,-2.8,0,3551.9
2023-12-03 03:00:00,-2.2,0,3380.0
2023-12-03 04:00:00,-2.4,0,3462.3
2023-12-03 05:00:00,-0.4,0,3165.9
2023-12-03 06:00:00,3.9,0,2509.6
2023-12-03 07:00:00,0.9,0,3180.2
2023-12-03 08:00:00,6.1,0,2268.4
2023-12-03 09:00:00,3.0,0,2838.0
2023-12-03 10:00:00,6.6,0,2203.4
2023-12-03 11:00:00,5.6,0,2216.9
2023-12-03 12:00:00,4.3,0,2554.0
2023-12-03 13:00:00,8.1,0,1932.4
2023-12-03 14:00:00,3.1,0,2626.7
2023-12-03 15:00:00,5.3,0,2332.6
2023-12-03 16:00:00,6.0,0,2203.1
2023-12-03 17:00:00,1.7,0,3069.9
2023-12-03 18:00:00,1.5,0,3103.1
2023-12-03 19:00:00,3.0,0,2746.5
2023-12-03 20:00:00,0.4,0,3186.8
2023-12-03 21:00:00,-5.8,0,4650.2
2023-12-03 22:00:00,-0.9,0,3486.9
2023-12-03 23:00:00,-5.0,0,4296.9
2023-12-04 00:00:00,-4.0,0,3984.3
2023-12-04 01:00:00,-0.4,0,3148.0
2023-12-04 02:00:00,-4.5,0,3974.7
2023-12-04 03:00:00,-1.2,0,3182.9
2023-12-04 04:00:00,0.0,0,2930.7
2023-12-04 05:00:00,0.4,0,2979.9
2023-12-04 06:00:00,2.5,0,2653.0
2023-12-04 07:00:00,1.8,0,2943.1
2023-12-04 08:00:00,2.0,0,2853.3
2023-12-04 09:00:00,3.6,0,2738.4
2023-12-04 10:00:00,7.9,0,2015.3
2023-12-04 11:00:00,6.8,0,2105.7
2023-12-04 12:00:00,11.0,0,1539.5
2023-12-04 13:00:00,1.6,0,2925.6
2023-12-04 14:00:00,5.8,0,2221.4
2023-12-04 15:00:00,2.5,0,2692.8
2023-12-04 16:00:00,2.2,0,2896.7
2023-12-04 17:00:00,3.1,0,2782.3
2023-12-04 18:00:00,1.8,0,3069.2
2023-12-04 19:00:00,-0.1,0,3370.0
2023-12-04 20:00:00,-2.9,0,4004.2
2023-12-04 21:00:00,-4.0,0,4181.2
2023-12-04 22:00:00,-0.4,0,3358.0
2023-12-04 23:00:00,-2.9,0,3826.1
2023-12-05 00:00:00,-5.5,0,4092.4
2023-12-05 01:00:00,-4.7,0,3915.2
2023-12-05 02:00:00,-4.3,0,3860.3
2023-12-05 03:00:00,-5.4,0,3966.4
2023-12-05 04:00:00,-1.4,0,3156.9
2023-12-05 05:00:00,1.8,0,2481.2
2023-12-05 06:00:00,-0.3,0,3029.4
2023-12-05 07:00:00,4.3,0,2322.0
2023-12-05 08:00:00,2.6,0,2719.1
2023-12-05 09:00:00,2.0,0,2842.7
2023-12-05 10:00:00,6.1,0,2114.2
2023-12-05 11:00:00,6.0,0,2059.4
2023-12-05 12:00:00,7.0,0,1891.3
2023-12-05 13:00:00,11.6,0,1252.1
2023-12-05 14:00:00,9.2,0,1664.3
2023-12-05 15:00:00,7.5,0,1792.8
2023-12-05 16:00:00,3.2,0,2547.3
2023-12-05 17:00:00,1.6,0,2852.5
2023-12-05 18:00:00,6.1,0,2159.7
2023-12-05 19:00:00,0.4,0,3141.2
2023-12-05 20:00:00,-0.2,0,3278.1
2023-12-05 21:00:00,-3.8,0,3946.0
2023-12-05 22:00:00,-3.6,0,3951.9
2023-12-05 23:00:00,0.2,0,3003.4
2023-12-06 00:00:00,-6.1,0,4322.3
2023-12-06 01:00:00,-1.7,0,3290.9
2023-12-06 02:00:00,-2.8,0,3386.5
2023-12-06 03:00:00,-2.8,0,3482.5
2023-12-06 04:00:00,2.8,0,2326.2
2023-12-06 05:00:00,3.7,0,2347.6
2023-12-06 06:00:00,0.8,0,2833.6
2023-12-06 07:00:00,2.2,0,2636.8
2023-12-06 08:00:00,3.9,0,2313.8
2023-12-06 09:00:00,4.0,0,2465.9
2023-12-06 10:00:00,5.4,0,2218.7
2023-12-06 11:00:00,8.6,0,1773.9
2023-12-06 12:00:00,6.0,0,2028.0
2023-12-06 13:00:00,6.1,0,2009.1
2023-12-06 14:00:00,5.8,0,1967.7
2023-12-06 15:00:00,1.1,0,2820.4
2023-12-06 16:00:00,5.8,0,2069.0
2023-12-06 17:00:00,3.7,0,2390.1
2023-12-06 18:00:00,-2.1,0,3714.0
2023-12-06 19:00:00,-2.9,0,3846.8
2023-12-06 20:00:00,-1.5,0,3544.0
2023-12-06 21:00:00,-3.9,0,4043.0
2023-12-06 22:00:00,-3.0,0,3780.8
2023-12-06 23:00:00,-3.4,0,3854.6
2023-12-07 00:00:00,-6.1,0,4478.7
2023-12-07 01:00:00,-5.4,0,4288.6
2023-12-07 02:00:00,-4.6,0,3987.3
2023-12-07 03:00:00,-3.5,0,3693.2
2023-12-07 04:00:00,-0.7,0,3149.5
2023-12-07 05:00:00,-1.9,0,3502.9
2023-12-07 06:00:00,2.4,0,2641.8
2023-12-07 07:00:00,3.3,0,2584.7
2023-12-07 08:00:00,0.6,0,3070.9
2023-12-07 09:00:00,5.6,0,2262.1
2023-12-07 10:00:00,5.6,0,2286.5
2023-12-07 11:00:00,7.1,0,2058.5
2023-12-07 12:00:00,5.5,0,2200.6
2023-12-07 13:00:00,8.8,0,1866.7
2023-12-07 14:00:00,5.0,0,2326.1
2023-12-07 15:00:00,6.6,0,2034.8
2023-12-07 16:00:00,5.4,0,2348.9
2023-12-07 17:00:00,0.6,0,3164.5
2023-12-07 18:00:00,3.4,0,2647.8
2023-12-07 19:00:00,1.1,0,3179.7
2023-12-07 20:00:00,-1.3,0,3596.6
2023-12-07 21:00:00,-1.9,0,3729.7
2023-12-07 22:00:00,-4.6,0,4203.1
2023-12-07 23:00:00,-4.5,0,4103.3
2023-12-08 00:00:00,-4.0,0,3867.0
2023-12-08 01:00:00,-3.0,0,3682.8
2023-12-08 02:00:00,-2.1,0,3352.3
2023-12-08 03:00:00,-5.4,0,4225.0
2023-12-08 04:00:00,-2.3,0,3457.2
2023-12-08 05:00:00,-2.5,0,3543.8
2023-12-08 06:00:00,0.7,0,3041.1
2023-12-08 07:00:00,0.3,0,3195.4
2023-12-08 08:00:00,4.6,0,2444.9
2023-12-08 09:00:00,2.5,0,2817.1
2023-12-08 10:00:00,5.8,0,2290.7
2023-12-08 11:00:00,4.1,0,2570.8
2023-12-08 12:00:00,4.3,0,2395.4
2023-12-08 13:00:00,3.9,0,2549.8
2023-12-08 14:00:00,9.4,0,1756.8
2023-12-08 15:00:00,2.6,0,2763.4
2023-12-08 16:00:00,4.2,0,2453.5
2023-12-08 17:00:00,3.3,0,2711.4
2023-12-08 18:00:00,3.4,0,2776.5
2023-12-08 19:00:00,-1.9,0,3831.8
2023-12-08 20:00:00,2.5,0,2920.9
2023-12-08 21:00:00,-6.1,0,4711.7
2023-12-08 22:00:00,-3.3,0,3933.8
2023-12-08 23:00:00,-3.8,0,3994.4
2023-12-09 00:00:00,-5.8,0,4361.4
2023-12-09 01:00:00,-2.2,0,3421.1
2023-12-09 02:00:00,-3.9,0,3764.7
2023-12-09 03:00:00,-3.0,0,3661.0
2023-12-09 04:00:00,-1.1,0,3209.2
2023-12-09 05:00:00,-3.2,0,3765.2
2023-12-09 06:00:00,4.3,0,2452.5
2023-12-09 07:00:00,1.4,0,2836.2
2023-12-09 08:00:00,4.4,0,2503.2
2023-12-09 09:00:00,8.6,0,1986.3
2023-12-09 10:00:00,4.4,0,2433.5
2023-12-09 11:00:00,7.4,0,2037.5
2023-12-09 12:00:00,6.2,0,2168.2
2023-12-09 13:00:00,8.9,0,1780.2
2023-12-09 14:00:00,4.5,0,2443.0
2023-12-09 15:00:00,7.4,0,2021.7
2023-12-09 16:00:00,3.0,0,2613.3
2023-12-09 17:00:00,-2.4,0,3842.0
2023-12-09 18:00:00,2.0,0,2970.7
2023-12-09 19:00:00,-2.2,0,3797.2
2023-12-09 20:00:00,-2.9,0,4001.1
2023-12-09 21:00:00,-7.5,0,5076.0
2023-12-09 22:00:00,-3.0,0,3912.7
2023-12-09 23:00:00,-1.0,0,3369.9
2023-12-10 00:00:00,-5.3,0,4289.9
2023-12-10 01:00:00,-6.6,0,4563.8
2023-12-10 02:00:00,-2.6,0,3498.2
2023-12-10 03:00:00,-2.7,0,3575.1
2023-12-10 04:00:00,0.9,0,2781.8
2023-12-10 05:00:00,-1.6,0,3322.3
2023-12-10 06:00:00,1.7,0,2925.8
2023-12-10 07:00:00,1.2,0,2986.7
2023-12-10 08:00:00,4.1,0,2443.4
2023-12-10 09:00:00,3.8,0,2607.2
2023-12-10 10:00:00,4.3,0,2505.1
2023-12-10 11:00:00,5.3,0,2343.4
2023-12-10 12:00:00,6.0,0,2187.0
2023-12-10 13:00:00,2.2,0,2790.9
2023-12-10 14:00:00,3.1,0,2528.2
2023-12-10 15:00:00,3.7,0,2570.1
2023-12-10 16:00:00,5.5,0,2277.4
2023-12-10 17:00:00,4.5,0,2455.9
2023-12-10 18:00:00,5.6,0,2374.3
2023-12-10 19:00:00,2.3,0,2908.6
2023-12-10 20:00:00,-1.9,0,3768.1
2023-12-10 21:00:00,-4.1,0,4273.2
2023-12-10 22:00:00,-2.9,0,3908.7
2023-12-10 23:00:00,-3.1,0,3856.8
2023-12-11 00:00:00,-5.8,0,4401.6
2023-12-11 01:00:00,1.8,0,2639.0
2023-12-11 02:00:00,-2.0,0,3342.4
2023-12-11 03:00:00,-4.3,0,3914.3
2023-12-11 04:00:00,-2.5,0,3420.4
2023-12-11 05:00:00,-0.5,0,3157.2
2023-12-11 06:00:00,-0.2,0,3171.2
2023-12-11 07:00:00,2.7,0,2779.4
2023-12-11 08:00:00,4.1,0,2520.4
2023-12-11 09:00:00,4.5,0,2493.3
2023-12-11 10:00:00,5.6,0,2342.9
2023-12-11 11:00:00,5.6,0,2327.2
2023-12-11 12:00:00,7.0,0,2017.4
2023-12-11 13:00:00,9.7,0,1624.5
2023-12-11 14:00:00,8.0,0,1931.7
2023-12-11 15:00:00,2.1,0,2718.9
2023-12-11 16:00:00,5.6,0,2282.5
2023-12-11 17:00:00,1.6,0,3000.5
2023-12-11 18:00:00,2.4,0,2890.4
2023-12-11 19:00:00,-0.8,0,3465.8
2023-12-11 20:00:00,-1.5,0,3622.6
2023-12-11 21:00:00,-0.6,0,3338.2
2023-12-11 22:00:00,-5.7,0,4562.7
2023-12-11 23:00:00,-5.5,0,4418.6
2023-12-12 00:00:00,-7.5,0,4590.8
2023-12-12 01:00:00,-4.4,0,3868.9
2023-12-12 02:00:00,-5.7,0,4126.3
2023-12-12 03:00:00,-4.9,0,3928.9
2023-12-12 04:00:00,0.1,0,2755.8
2023-12-12 05:00:00,-1.8,0,3392.9
2023-12-12 06:00:00,-3.3,0,3701.7
2023-12-12 07:00:00,1.9,0,2673.2
2023-12-12 08:00:00,2.9,0,2628.1
2023-12-12 09:00:00,7.0,0,1927.2
2023-12-12 10:00:00,5.3,0,2200.7
2023-12-12 11:00:00,5.7,0,2076.2
2023-12-12 12:00:00,1.9,0,2657.0
2023-12-12 13:00:00,3.8,0,2401.5
2023-12-12 14:00:00,5.9,0,1968.8
2023-12-12 15:00:00,3.7,0,2432.0
2023-12-12 16:00:00,5.3,0,2242.2
2023-12-12 17:00:00,4.3,0,2375.2
2023-12-12 18:00:00,1.5,0,2895.4
2023-12-12 19:00:00,-2.7,0,3747.2
2023-12-12 20:00:00,-2.8,0,3879.2
2023-12-12 21:00:00,-1.9,0,3540.7
2023-12-12 22:00:00,-2.7,0,3704.8
2023-12-12 23:00:00,-4.7,0,4068.8
2023-12-13 00:00:00,-0.2,0,2943.1
2023-12-13 01:00:00,-4.4,0,3771.8
2023-12-13 02:00:00,-3.6,0,3617.6
2023-12-13 03:00:00,-5.5,0,4119.7
2023-12-13 04:00:00,-2.8,0,3402.8
2023-12-13 05:00:00,1.9,0,2546.8
2023-12-13 06:00:00,1.6,0,2599.5
2023-12-13 07:00:00,1.7,0,2733.2
2023-12-13 08:00:00,3.8,0,2343.7
2023-12-13 09:00:00,5.0,0,2179.5
2023-12-13 10:00:00,4.7,0,2325.3
2023-12-13 11:00:00,6.8,0,1926.2
2023-12-13 12:00:00,2.7,0,2502.7
2023-12-13 13:00:00,6.9,0,1859.5
2023-12-13 14:00:00,2.8,0,2551.5
2023-12-13 15:00:00,3.9,0,2372.8
2023-12-13 16:00:00,6.0,0,2043.4
2023-12-13 17:00:00,0.4,0,3092.1
2023-12-13 18:00:00,1.6,0,2858.7
2023-12-13 19:00:00,-1.6,0,3568.0
2023-12-13 20:00:00,-3.5,0,3914.1
2023-12-13 21:00:00,1.7,0,2850.4
2023-12-13 22:00:00,-3.7,0,3862.0
2023-12-13 23:00:00,-6.0,0,4325.5
2023-12-14 00:00:00,-4.0,0,3943.8
2023-12-14 01:00:00,-2.0,0,3295.1
2023-12-14 02:00:00,-3.5,0,3742.0
2023-12-14 03:00:00,-3.8,0,3848.7
2023-12-14 04:00:00,-2.2,0,3495.0
2023-12-14 05:00:00,-2.8,0,3490.3
2023-12-14 06:00:00,-1.6,0,3411.3
2023-12-14 07:00:00,3.9,0,2530.0
2023-12-14 08:00:00,2.2,0,2840.1
2023-12-14 09:00:00,2.4,0,2710.9
2023-12-14 10:00:00,4.9,0,2446.4
2023-12-14 11:00:00,4.4,0,2345.7
2023-12-14 12:00:00,10.5,0,1628.3
2023-12-14 13:00:00,2.1,0,2744.9
2023-12-14 14:00:00,1.6,0,2828.4
2023-12-14 15:00:00,1.4,0,2954.1
2023-12-14 16:00:00,2.5,0,2705.4
2023-12-14 17:00:00,1.3,0,3020.2
2023-12-14 18:00:00,-3.3,0,4090.9
2023-12-14 19:00:00,-1.1,0,3522.2
2023-12-14 20:00:00,-6.7,0,4966.4
2023-12-14 21:00:00,-3.9,0,4156.0
2023-12-14 22:00:00,-3.9,0,4127.9
2023-12-14 23:00:00,-4.6,0,4282.8
2023-12-15 00:00:00,-5.7,0,4270.0
2023-12-15 01:00:00,-3.1,0,3659.5
2023-12-15 02:00:00,1.7,0,2691.5
2023-12-15 03:00:00,-4.5,0,3896.4
2023-12-15 04:00:00,-0.3,0,3069.6
2023-12-15 05:00:00,-0.2,0,3142.5
2023-12-15 06:00:00,0.6,0,2967.2
2023-12-15 07:00:00,2.7,0,2702.2
2023-12-15 08:00:00,-0.3,0,3264.7
2023-12-15 09:00:00,6.0,0,2317.7
2023-12-15 10:00:00,3.9,0,2572.7
2023-12-15 11:00:00,3.4,0,2555.7
2023-12-15 12:00:00,5.2,0,2215.3
2023-12-15 13:00:00,7.1,0,2030.9
2023-12-15 14:00:00,7.7,0,1989.8
2023-12-15 15:00:00,2.7,0,2787.5
2023-12-15 16:00:00,2.9,0,2646.0
2023-12-15 17:00:00,-0.4,0,3357.1
2023-12-15 18:00:00,3.4,0,2723.6
2023-12-15 19:00:00,-0.4,0,3383.3
2023-12-15 20:00:00,-3.0,0,3937.5
2023-12-15 21:00:00,-2.2,0,3800.8
2023-12-15 22:00:00,-4.2,0,4139.0
2023-12-15 23:00:00,-6.8,0,4781.5
2023-12-16 00:00:00,-7.5,0,4816.0
2023-12-16 01:00:00,-5.2,0,4214.1
2023-12-16 02:00:00,-4.1,0,3774.5
2023-12-16 03:00:00,-3.7,0,3731.8
2023-12-16 04:00:00,-1.4,0,3221.1
2023-12-16 05:00:00,-3.7,0,3773.9
2023-12-16 06:00:00,2.2,0,2664.1
2023-12-16 07:00:00,0.2,0,3001.8
2023-12-16 08:00:00,2.1,0,2914.0
2023-12-16 09:00:00,4.3,0,2543.0
2023-12-16 10:00:00,5.3,0,2314.0
2023-12-16 11:00:00,3.4,0,2562.2
2023-12-16 12:00:00,4.5,0,2387.2
2023-12-16 13:00:00,6.4,0,2029.4
2023-12-16 14:00:00,8.4,0,1799.6
2023-12-16 15:00:00,1.5,0,2949.2
2023-12-16 16:00:00,-0.6,0,3387.9
2023-12-16 17:00:00,2.1,0,2953.6
2023-12-16 18:00:00,3.8,0,2717.2
2023-12-16 19:00:00,2.7,0,2861.2
2023-12-16 20:00:00,-2.4,0,3729.7
2023-12-16 21:00:00,-4.9,0,4407.3
2023-12-16 22:00:00,-6.3,0,4723.6
2023-12-16 23:00:00,-2.5,0,3738.6
2023-12-17 00:00:00,-5.6,0,4417.5
2023-12-17 01:00:00,-4.8,0,4107.5
2023-12-17 02:00:00,-6.1,0,4342.7
2023-12-17 03:00:00,-1.5,0,3173.4
2023-12-17 04:00:00,-0.9,0,3120.5
2023-12-17 05:00:00,-4.3,0,3982.8
2023-12-17 06:00:00,0.4,0,3002.0
2023-12-17 07:00:00,-0.0,0,3128.4
2023-12-17 08:00:00,1.6,0,2913.4
2023-12-17 09:00:00,2.8,0,2767.4
2023-12-17 10:00:00,5.1,0,2244.1
2023-12-17 11:00:00,8.5,0,1892.2
2023-12-17 12:00:00,8.1,0,1818.2
2023-12-17 13:00:00,5.2,0,2257.8
2023-12-17 14:00:00,3.7,0,2482.9
2023-12-17 15:00:00,6.1,0,2075.7
2023-12-17 16:00:00,4.7,0,2404.5
2023-12-17 17:00:00,3.3,0,2712.0
2023-12-17 18:00:00,0.0,0,3286.5
2023-12-17 19:00:00,-1.9,0,3728.0
2023-12-17 20:00:00,-4.3,0,4270.7
2023-12-17 21:00:00,-0.4,0,3321.2
2023-12-17 22:00:00,-5.8,0,4588.7
2023-12-17 23:00:00,-5.0,0,4381.2
2023-12-18 00:00:00,-6.5,0,4555.3
2023-12-18 01:00:00,-6.4,0,4476.3
2023-12-18 02:00:00,-2.8,0,3585.7
2023-12-18 03:00:00,-3.1,0,3580.7
2023-12-18 04:00:00,-3.3,0,3635.4
2023-12-18 05:00:00,-0.6,0,3226.7
2023-12-18 06:00:00,-3.4,0,3803.5
2023-12-18 07:00:00,6.5,0,2044.6
2023-12-18 08:00:00,4.3,0,2454.1
2023-12-18 09:00:00,3.7,0,2709.2
2023-12-18 10:00:00,4.5,0,2385.8
2023-12-18 11:00:00,4.2,0,2477.1
2023-12-18 12:00:00,5.7,0,2180.8
2023-12-18 13:00:00,7.4,0,1911.3
2023-12-18 14:00:00,5.3,0,2254.7
2023-12-18 15:00:00,5.2,0,2336.7
2023-12-18 16:00:00,3.3,0,2578.4
2023-12-18 17:00:00,2.5,0,2774.4
2023-12-18 18:00:00,1.0,0,3098.5
2023-12-18 19:00:00,0.6,0,3228.5
2023-12-18 20:00:00,-1.9,0,3649.9
2023-12-18 21:00:00,-5.5,0,4457.2
2023-12-18 22:00:00,0.4,0,3188.0
2023-12-18 23:00:00,-5.0,0,4302.9
2023-12-19 00:00:00,-4.8,0,3960.8
2023-12-19 01:00:00,-2.8,0,3386.8
2023-12-19 02:00:00,-2.9,0,3430.0
2023-12-19 03:00:00,-5.6,0,3991.3
2023-12-19 04:00:00,-0.4,0,2852.9
2023-12-19 05:00:00,-1.1,0,3142.1
2023-12-19 06:00:00,-0.2,0,2931.9
2023-12-19 07:00:00,-1.6,0,3349.4
2023-12-19 08:00:00,1.5,0,2775.4
2023-12-19 09:00:00,4.5,0,2289.4
2023-12-19 10:00:00,8.1,0,1808.8
2023-12-19 11:00:00,5.1,0,2155.9
2023-12-19 12:00:00,4.5,0,2220.9
2023-12-19 13:00:00,5.7,0,2035.6
2023-12-19 14:00:00,3.4,0,2412.0
2023-12-19 15:00:00,2.9,0,2476.1
2023-12-19 16:00:00,3.4,0,2413.6
2023-12-19 17:00:00,4.6,0,2317.3
2023-12-19 18:00:00,1.4,0,2818.0
2023-12-19 19:00:00,-0.7,0,3346.0
2023-12-19 20:00:00,-4.2,0,4024.5
2023-12-19 21:00:00,-3.0,0,3698.8
2023-12-19 22:00:00,-7.0,0,4682.8
2023-12-19 23:00:00,-2.6,0,3524.8
2023-12-20 00:00:00,-6.9,0,4542.5
2023-12-20 01:00:00,-6.1,0,4228.1
2023-12-20 02:00:00,-4.5,0,3833.7
2023-12-20 03:00:00,-5.4,0,4002.3
2023-12-20 04:00:00,-3.9,0,3724.1
2023-12-20 05:00:00,-1.6,0,3091.1
2023-12-20 06:00:00,0.2,0,2843.8
2023-12-20 07:00:00,0.9,0,2963.0
2023-12-20 08:00:00,2.6,0,2603.6
2023-12-20 09:00:00,1.1,0,2930.5
2023-12-20 10:00:00,5.6,0,2078.3
2023-12-20 11:00:00,3.7,0,2382.1
2023-12-20 12:00:00,6.5,0,1826.5
2023-12-20 13:00:00,5.7,0,2015.0
2023-12-20 14:00:00,1.9,0,2679.5
2023-12-20 15:00:00,4.3,0,2306.8
2023-12-20 16:00:00,-0.3,0,3055.4
2023-12-20 17:00:00,0.2,0,3074.6
2023-12-20 18:00:00,-0.7,0,3276.1
2023-12-20 19:00:00,-2.0,0,3605.2
2023-12-20 20:00:00,-4.2,0,4066.9
2023-12-20 21:00:00,-4.5,0,4050.6
2023-12-20 22:00:00,-1.6,0,3305.3
2023-12-20 23:00:00,-5.1,0,4108.7
2023-12-21 00:00:00,-1.8,0,3356.9
2023-12-21 01:00:00,-6.3,0,4316.1
2023-12-21 02:00:00,-6.0,0,4250.4
2023-12-21 03:00:00,-5.0,0,4008.7
2023-12-21 04:00:00,-1.9,0,3353.1
2023-12-21 05:00:00,2.5,0,2565.2
2023-12-21 06:00:00,-1.4,0,3319.7
2023-12-21 07:00:00,1.8,0,2793.0
2023-12-21 08:00:00,3.8,0,2541.9
2023-12-21 09:00:00,2.6,0,2767.7
2023-12-21 10:00:00,5.2,0,2308.4
2023-12-21 11:00:00,8.2,0,1788.7
2023-12-21 12:00:00,3.1,0,2536.2
2023-12-21 13:00:00,4.2,0,2420.7
2023-12-21 14:00:00,3.2,0,2583.6
2023-12-21 15:00:00,5.2,0,2258.7
2023-12-21 16:00:00,2.1,0,2799.0
2023-12-21 17:00:00,3.2,0,2736.1
2023-12-21 18:00:00,2.2,0,2873.4
2023-12-21 19:00:00,-1.5,0,3622.7
2023-12-21 20:00:00,-3.5,0,3995.3
2023-12-21 21:00:00,-5.7,0,4603.3
2023-12-21 22:00:00,-3.2,0,3931.8
2023-12-21 23:00:00,-6.8,0,4690.4
2023-12-22 00:00:00,-7.0,0,4723.2
2023-12-22 01:00:00,-1.9,0,3276.8
2023-12-22 02:00:00,-5.9,0,4306.8
2023-12-22 03:00:00,-1.0,0,3142.1
2023-12-22 04:00:00,-4.9,0,3975.1
2023-12-22 05:00:00,-1.6,0,3415.4
2023-12-22 06:00:00,0.4,0,2955.3
2023-12-22 07:00:00,4.0,0,2334.3
2023-12-22 08:00:00,2.2,0,2873.5
2023-12-22 09:00:00,5.3,0,2370.7
2023-12-22 10:00:00,4.3,0,2339.8
2023-12-22 11:00:00,6.6,0,2008.0
2023-12-22 12:00:00,2.4,0,2715.6
2023-12-22 13:00:00,7.4,0,1881.4
2023-12-22 14:00:00,4.5,0,2303.5
2023-12-22 15:00:00,6.5,0,1989.4
2023-12-22 16:00:00,1.6,0,2913.2
2023-12-22 17:00:00,1.3,0,2992.4
2023-12-22 18:00:00,2.6,0,2751.3
2023-12-22 19:00:00,-3.2,0,4002.3
2023-12-22 20:00:00,-2.8,0,3881.2
2023-12-22 21:00:00,-2.0,0,3661.7
2023-12-22 22:00:00,-4.0,0,4058.6
2023-12-22 23:00:00,-4.1,0,3941.5
2023-12-23 00:00:00,-2.6,0,3585.6
2023-12-23 01:00:00,-5.2,0,4011.5
2023-12-23 02:00:00,-8.2,0,4889.1
2023-12-23 03:00:00,-2.1,0,3291.9
2023-12-23 04:00:00,-4.8,0,4083.2
2023-12-23 05:00:00,1.5,0,2759.8
2023-12-23 06:00:00,1.6,0,2750.5
2023-12-23 07:00:00,1.3,0,2849.1
2023-12-23 08:00:00,4.0,0,2487.0
2023-12-23 09:00:00,3.4,0,2545.7
2023-12-23 10:00:00,1.5,0,2950.8
2023-12-23 11:00:00,5.4,0,2201.9
2023-12-23 12:00:00,5.2,0,2164.4
2023-12-23 13:00:00,1.3,0,2844.9
2023-12-23 14:00:00,1.0,0,2794.2
2023-12-23 15:00:00,6.6,0,2132.9
2023-12-23 16:00:00,5.6,0,2267.3
2023-12-23 17:00:00,3.2,0,2535.2
2023-12-23 18:00:00,-0.5,0,3259.0
2023-12-23 19:00:00,-2.5,0,3687.4
2023-12-23 20:00:00,-3.4,0,4067.9
2023-12-23 21:00:00,-2.1,0,3674.4
2023-12-23 22:00:00,-8.6,0,5390.3
2023-12-23 23:00:00,-6.0,0,4526.4
2023-12-24 00:00:00,-5.6,0,4261.1
2023-12-24 01:00:00,-6.5,0,4479.8
2023-12-24 02:00:00,-4.3,0,3846.8
2023-12-24 03:00:00,-1.0,0,3073.0
2023-12-24 04:00:00,-3.2,0,3576.8
2023-12-24 05:00:00,0.1,0,2994.5
2023-12-24 06:00:00,-1.5,0,3337.5
2023-12-24 07:00:00,4.1,0,2490.7
2023-12-24 08:00:00,2.7,0,2689.5
2023-12-24 09:00:00,2.7,0,2681.8
2023-12-24 10:00:00,6.0,0,2211.7
2023-12-24 11:00:00,3.8,0,2518.9
2023-12-24 12:00:00,5.9,0,2122.8
2023-12-24 13:00:00,4.5,0,2339.9
2023-12-24 14:00:00,1.8,0,2817.2
2023-12-24 15:00:00,5.1,0,2206.5
2023-12-24 16:00:00,0.1,0,3108.4
2023-12-24 17:00:00,2.7,0,2757.4
2023-12-24 18:00:00,1.0,0,3043.5
2023-12-24 19:00:00,-0.9,0,3490.8
2023-12-24 20:00:00,1.4,0,2930.6
2023-12-24 21:00:00,-4.2,0,4074.5
2023-12-24 22:00:00,-5.1,0,4330.9
2023-12-24 23:00:00,-5.9,0,4463.1
2023-12-25 00:00:00,-2.4,0,3410.4
2023-12-25 01:00:00,-5.1,0,3984.0
2023-12-25 02:00:00,-2.9,0,3546.0
2023-12-25 03:00:00,-3.7,0,3701.0
2023-12-25 04:00:00,-0.7,0,2972.0
2023-12-25 05:00:00,3.1,0,2412.0
2023-12-25 06:00:00,2.2,0,2666.3
2023-12-25 07:00:00,-0.2,0,3139.8
2023-12-25 08:00:00,3.1,0,2552.6
2023-12-25 09:00:00,3.5,0,2633.0
2023-12-25 10:00:00,0.9,0,3011.4
2023-12-25 11:00:00,5.1,0,2276.5
2023-12-25 12:00:00,4.9,0,2272.7
2023-12-25 13:00:00,4.3,0,2371.9
2023-12-25 14:00:00,5.5,0,2186.6
2023-12-25 15:00:00,3.0,0,2576.1
2023-12-25 16:00:00,2.2,0,2815.5
2023-12-25 17:00:00,3.1,0,2687.0
2023-12-25 18:00:00,-1.6,0,3632.6
2023-12-25 19:00:00,-4.9,0,4363.1
2023-12-25 20:00:00,-1.6,0,3624.9
2023-12-25 21:00:00,-3.6,0,4007.1
2023-12-25 22:00:00,-3.7,0,4011.3
2023-12-25 23:00:00,-3.6,0,3988.1
2023-12-26 00:00:00,-5.3,0,3908.4
2023-12-26 01:00:00,-4.5,0,3820.0
2023-12-26 02:00:00,-5.9,0,4114.4
2023-12-26 03:00:00,-8.2,0,4677.9
2023-12-26 04:00:00,-5.8,0,4034.7
2023-12-26 05:00:00,0.4,0,2758.5
2023-12-26 06:00:00,-3.7,0,3672.0
2023-12-26 07:00:00,-0.4,0,3075.6
2023-12-26 08:00:00,2.9,0,2525.4
2023-12-26 09:00:00,5.0,0,2275.7
2023-12-26 10:00:00,4.2,0,2279.8
2023-12-26 11:00:00,2.9,0,2431.2
2023-12-26 12:00:00,7.0,0,1842.5
2023-12-26 13:00:00,5.0,0,2076.9
2023-12-26 14:00:00,4.1,0,2227.4
2023-12-26 15:00:00,3.3,0,2356.9
2023-12-26 16:00:00,2.5,0,2625.7
2023-12-26 17:00:00,-0.9,0,3115.1
2023-12-26 18:00:00,-2.4,0,3646.7
2023-12-26 19:00:00,1.3,0,2835.4
2023-12-26 20:00:00,-3.1,0,3778.2
2023-12-26 21:00:00,-2.3,0,3602.0
2023-12-26 22:00:00,-3.7,0,3838.7
2023-12-26 23:00:00,-5.8,0,4315.9
2023-12-27 00:00:00,-6.9,0,4427.9
2023-12-27 01:00:00,-4.2,0,3696.0
2023-12-27 02:00:00,-5.4,0,3958.4
2023-12-27 03:00:00,-5.3,0,3901.9
2023-12-27 04:00:00,-1.7,0,3132.5
2023-12-27 05:00:00,2.0,0,2377.2
2023-12-27 06:00:00,-0.5,0,2952.4
2023-12-27 07:00:00,0.4,0,2802.4
2023-12-27 08:00:00,2.7,0,2502.5
2023-12-27 09:00:00,-0.5,0,3101.5
2023-12-27 10:00:00,4.3,0,2328.7
2023-12-27 11:00:00,4.6,0,2219.5
2023-12-27 12:00:00,5.1,0,2043.5
2023-12-27 13:00:00,5.6,0,1995.6
2023-12-27 14:00:00,4.6,0,2124.5
2023-12-27 15:00:00,3.0,0,2417.0
2023-12-27 16:00:00,4.3,0,2305.0
2023-12-27 17:00:00,1.7,0,2681.9
2023-12-27 18:00:00,0.2,0,2982.2
2023-12-27 19:00:00,-0.8,0,3397.6
2023-12-27 20:00:00,-1.2,0,3323.7
2023-12-27 21:00:00,1.0,0,2877.6
2023-12-27 22:00:00,-4.4,0,3962.1
2023-12-27 23:00:00,-6.3,0,4467.6
2023-12-28 00:00:00,-9.8,0,5456.8
2023-12-28 01:00:00,-5.1,0,4009.0
2023-12-28 02:00:00,-4.9,0,4070.7
2023-12-28 03:00:00,-3.3,0,3566.7
2023-12-28 04:00:00,-0.1,0,2907.2
2023-12-28 05:00:00,2.5,0,2450.9
2023-12-28 06:00:00,4.4,0,2183.9
2023-12-28 07:00:00,0.5,0,2977.6
2023-12-28 08:00:00,-0.2,0,3238.8
2023-12-28 09:00:00,3.2,0,2629.6
2023-12-28 10:00:00,4.3,0,2431.0
2023-12-28 11:00:00,3.9,0,2434.6
2023-12-28 12:00:00,5.2,0,2360.4
2023-12-28 13:00:00,5.9,0,2068.5
2023-12-28 14:00:00,2.7,0,2586.9
2023-12-28 15:00:00,2.4,0,2625.1
2023-12-28 16:00:00,2.3,0,2674.2
2023-12-28 17:00:00,5.3,0,2304.4
2023-12-28 18:00:00,0.4,0,3233.4
2023-12-28 19:00:00,-2.6,0,3782.7
2023-12-28 20:00:00,1.3,0,3010.0
2023-12-28 21:00:00,-3.0,0,3962.3
2023-12-28 22:00:00,-4.1,0,4077.1
2023-12-28 23:00:00,-8.6,0,5249.3
2023-12-29 00:00:00,-7.0,0,4528.0
2023-12-29 01:00:00,-6.8,0,4543.3
2023-12-29 02:00:00,-2.3,0,3437.0
2023-12-29 03:00:00,-4.8,0,3934.4
2023-12-29 04:00:00,-2.1,0,3262.4
2023-12-29 05:00:00,0.0,0,2840.5
2023-12-29 06:00:00,-2.1,0,3427.7
2023-12-29 07:00:00,0.6,0,2990.1
2023-12-29 08:00:00,1.0,0,2971.8
2023-12-29 09:00:00,1.2,0,2966.3
2023-12-29 10:00:00,4.6,0,2340.0
2023-12-29 11:00:00,5.3,0,2197.6
2023-12-29 12:00:00,4.3,0,2325.6
2023-12-29 13:00:00,7.4,0,1860.7
2023-12-29 14:00:00,6.4,0,1891.7
2023-12-29 15:00:00,4.1,0,2376.1
2023-12-29 16:00:00,1.7,0,2783.9
2023-12-29 17:00:00,-0.6,0,3360.5
2023-12-29 18:00:00,2.3,0,2745.0
2023-12-29 19:00:00,-2.1,0,3763.5
2023-12-29 20:00:00,-4.3,0,4152.5
2023-12-29 21:00:00,-1.6,0,3603.9
2023-12-29 22:00:00,-4.5,0,4105.7
2023-12-29 23:00:00,-4.8,0,4171.5
2023-12-30 00:00:00,-9.1,0,5217.6
2023-12-30 01:00:00,-5.4,0,4096.4
2023-12-30 02:00:00,-3.5,0,3578.2
2023-12-30 03:00:00,-3.6,0,3649.9
2023-12-30 04:00:00,-0.9,0,3111.9
2023-12-30 05:00:00,-2.6,0,3545.8
2023-12-30 06:00:00,2.4,0,2536.2
2023-12-30 07:00:00,0.4,0,3091.3
2023-12-30 08:00:00,3.4,0,2454.7
2023-12-30 09:00:00,4.6,0,2359.1
2023-12-30 10:00:00,1.2,0,2892.8
2023-12-30 11:00:00,7.1,0,1906.9
2023-12-30 12:00:00,5.7,0,2105.1
2023-12-30 13:00:00,4.2,0,2273.3
2023-12-30 14:00:00,5.6,0,1984.6
2023-12-30 15:00:00,2.3,0,2691.9
2023-12-30 16:00:00,3.6,0,2559.0
2023-12-30 17:00:00,-0.6,0,3316.5
2023-12-30 18:00:00,4.6,0,2409.2
2023-12-30 19:00:00,-0.5,0,3325.2
2023-12-30 20:00:00,-5.2,0,4408.1
2023-12-30 21:00:00,-4.7,0,4248.4
2023-12-30 22:00:00,-4.8,0,4190.4
2023-12-30 23:00:00,-5.4,0,4297.2
2023-12-31 00:00:00,-5.1,0,4078.9
2023-12-31 01:00:00,-4.4,0,3820.3
2023-12-31 02:00:00,-5.0,0,3994.8
2023-12-31 03:00:00,-3.1,0,3422.8
2023-12-31 04:00:00,-3.2,0,3505.7
2023-12-31 05:00:00,0.8,0,2834.4
2023-12-31 06:00:00,2.3,0,2655.1
2023-12-31 07:00:00,4.7,0,2241.3
2023-12-31 08:00:00,6.7,0,2052.6
2023-12-31 09:00:00,5.1,0,2322.5
2023-12-31 10:00:00,5.4,0,2292.4
2023-12-31 11:00:00,3.4,0,2437.3
2023-12-31 12:00:00,5.1,0,2140.4
2023-12-31 13:00:00,2.7,0,2564.9
2023-12-31 14:00:00,3.2,0,2480.5
2023-12-31 15:00:00,7.9,0,1804.2
2023-12-31 16:00:00,-0.4,0,3150.7
2023-12-31 17:00:00,3.8,0,2593.5
2023-12-31 18:00:00,2.3,0,2837.8
2023-12-31 19:00:00,-3.3,0,3968.5
2023-12-31 20:00:00,-1.4,0,3464.3
2023-12-31 21:00:00,-1.8,0,3556.9
2023-12-31 22:00:00,-4.8,0,4261.7
2023-12-31 23:00:00,-1.6,0,3494.6
2024-01-01 00:00:00,-5.2,0,4221.8
2024-01-01 01:00:00,-4.9,0,3981.5
2024-01-01 02:00:00,-7.2,0,4515.7
2024-01-01 03:00:00,-3.5,0,3616.2
2024-01-01 04:00:00,1.9,0,2528.0
2024-01-01 05:00:00,-2.0,0,3264.4
2024-01-01 06:00:00,0.7,0,2808.6
2024-01-01 07:00:00,-3.4,0,3819.0
2024-01-01 08:00:00,1.5,0,2914.7
2024-01-01 09:00:00,8.4,0,1885.1
2024-01-01 10:00:00,3.5,0,2479.7
2024-01-01 11:00:00,1.0,0,2936.9
2024-01-01 12:00:00,5.9,0,2039.8
2024-01-01 13:00:00,6.2,0,1984.7
2024-01-01 14:00:00,6.3,0,2052.9
2024-01-01 15:00:00,3.9,0,2368.5
2024-01-01 16:00:00,5.1,0,2199.9
2024-01-01 17:00:00,1.0,0,3065.5
2024-01-01 18:00:00,3.5,0,2598.8
2024-01-01 19:00:00,0.6,0,3091.2
2024-01-01 20:00:00,-2.4,0,3730.2
2024-01-01 21:00:00,-2.5,0,3692.1
2024-01-01 22:00:00,-3.4,0,3873.9
2024-01-01 23:00:00,-6.1,0,4504.4
2024-01-02 00:00:00,-10.1,0,5362.3
2024-01-02 01:00:00,-2.2,0,3263.8
2024-01-02 02:00:00,-3.3,0,3441.7
2024-01-02 03:00:00,-5.5,0,3872.7
2024-01-02 04:00:00,-2.6,0,3401.6
2024-01-02 05:00:00,-0.3,0,2851.5
2024-01-02 06:00:00,-0.9,0,3028.7
2024-01-02 07:00:00,-0.1,0,2975.4
2024-01-02 08:00:00,-1.6,0,3389.3
2024-01-02 09:00:00,2.3,0,2512.2
2024-01-02 10:00:00,4.9,0,2184.7
2024-01-02 11:00:00,2.5,0,2509.6
2024-01-02 12:00:00,5.0,0,2196.9
2024-01-02 13:00:00,4.8,0,2085.7
2024-01-02 14:00:00,2.2,0,2492.6
2024-01-02 15:00:00,4.5,0,2215.4
2024-01-02 16:00:00,1.0,0,2827.1
2024-01-02 17:00:00,0.4,0,3003.4
2024-01-02 18:00:00,1.9,0,2737.3
2024-01-02 19:00:00,-1.0,0,3349.2
2024-01-02 20:00:00,0.9,0,2928.1
2024-01-02 21:00:00,-4.7,0,4154.8
2024-01-02 22:00:00,-2.1,0,3439.7
2024-01-02 23:00:00,-4.6,0,4036.2
2024-01-03 00:00:00,-3.4,0,3578.8
2024-01-03 01:00:00,-4.6,0,3734.0
2024-01-03 02:00:00,-4.2,0,3636.8
2024-01-03 03:00:00,-4.3,0,3641.6
2024-01-03 04:00:00,-2.2,0,3155.1
2024-01-03 05:00:00,0.4,0,2629.7
2024-01-03 06:00:00,-1.7,0,3176.6
2024-01-03 07:00:00,3.6,0,2256.3
2024-01-03 08:00:00,-0.2,0,3016.5
2024-01-03 09:00:00,1.3,0,2810.1
2024-01-03 10:00:00,1.9,0,2643.0
2024-01-03 11:00:00,2.5,0,2439.6
2024-01-03 12:00:00,6.6,0,1854.9
2024-01-03 13:00:00,3.6,0,2186.6
2024-01-03 14:00:00,1.6,0,2577.9
2024-01-03 15:00:00,5.1,0,2045.1
2024-01-03 16:00:00,1.8,0,2587.3
2024-01-03 17:00:00,1.4,0,2850.8
2024-01-03 18:00:00,-0.5,0,3242.1
2024-01-03 19:00:00,-4.1,0,3973.4
2024-01-03 20:00:00,-4.7,0,4100.9
2024-01-03 21:00:00,-1.2,0,3255.5
2024-01-03 22:00:00,-6.0,0,4375.8
2024-01-03 23:00:00,-3.7,0,3656.9
2024-01-04 00:00:00,-4.1,0,3809.8
2024-01-04 01:00:00,-6.2,0,4297.9
2024-01-04 02:00:00,-8.0,0,4784.8
2024-01-04 03:00:00,-3.7,0,3667.7
2024-01-04 04:00:00,-1.9,0,3219.0
2024-01-04 05:00:00,-2.6,0,3452.4
2024-01-04 06:00:00,4.1,0,2307.6
2024-01-04 07:00:00,1.6,0,2775.1
2024-01-04 08:00:00,3.9,0,2434.9
2024-01-04 09:00:00,3.9,0,2529.6
2024-01-04 10:00:00,2.5,0,2668.7
2024-01-04 11:00:00,5.0,0,2183.4
2024-01-04 12:00:00,3.1,0,2469.8
2024-01-04 13:00:00,2.2,0,2633.6
2024-01-04 14:00:00,3.7,0,2339.3
2024-01-04 15:00:00,3.8,0,2440.3
2024-01-04 16:00:00,0.9,0,2960.2
2024-01-04 17:00:00,1.2,0,2989.4
2024-01-04 18:00:00,-0.8,0,3408.6
2024-01-04 19:00:00,-4.0,0,4078.2
2024-01-04 20:00:00,-6.4,0,4673.5
2024-01-04 21:00:00,-2.8,0,3740.1
2024-01-04 22:00:00,-1.6,0,3492.4
2024-01-04 23:00:00,-4.3,0,4150.2
2024-01-05 00:00:00,-4.5,0,3830.0
2024-01-05 01:00:00,-1.7,0,3213.5
2024-01-05 02:00:00,-1.2,0,3104.9
2024-01-05 03:00:00,-5.5,0,4125.5
2024-01-05 04:00:00,-5.8,0,4191.3
2024-01-05 05:00:00,-1.0,0,3126.1
2024-01-05 06:00:00,-0.9,0,3167.0
2024-01-05 07:00:00,-0.6,0,3234.0
2024-01-05 08:00:00,0.9,0,2994.5
2024-01-05 09:00:00,4.9,0,2333.3
2024-01-05 10:00:00,7.9,0,1892.8
2024-01-05 11:00:00,8.5,0,1784.2
2024-01-05 12:00:00,7.0,0,1974.3
2024-01-05 13:00:00,7.9,0,1858.5
2024-01-05 14:00:00,7.9,0,1800.3
2024-01-05 15:00:00,0.6,0,2882.3
2024-01-05 16:00:00,3.2,0,2461.1
2024-01-05 17:00:00,4.3,0,2384.9
2024-01-05 18:00:00,-0.7,0,3404.6
2024-01-05 19:00:00,-1.2,0,3405.3
2024-01-05 20:00:00,-3.4,0,3979.6
2024-01-05 21:00:00,-5.9,0,4604.0
2024-01-05 22:00:00,-3.3,0,3847.5
2024-01-05 23:00:00,-3.1,0,3722.7
2024-01-06 00:00:00,-6.1,0,4279.4
2024-01-06 01:00:00,-3.1,0,3531.1
2024-01-06 02:00:00,-1.9,0,3154.8
2024-01-06 03:00:00,-0.3,0,2937.7
2024-01-06 04:00:00,-0.2,0,2826.2
2024-01-06 05:00:00,-1.0,0,3075.2
2024-01-06 06:00:00,-1.5,0,3402.9
2024-01-06 07:00:00,1.1,0,2984.7
2024-01-06 08:00:00,6.5,0,2023.7
2024-01-06 09:00:00,4.5,0,2339.5
2024-01-06 10:00:00,4.8,0,2245.8
2024-01-06 11:00:00,7.1,0,1907.1
2024-01-06 12:00:00,5.7,0,2184.4
2024-01-06 13:00:00,5.3,0,2107.3
2024-01-06 14:00:00,4.6,0,2313.2
2024-01-06 15:00:00,3.7,0,2426.5
2024-01-06 16:00:00,2.4,0,2684.6
2024-01-06 17:00:00,3.6,0,2461.8
2024-01-06 18:00:00,0.3,0,3158.6
2024-01-06 19:00:00,0.7,0,3063.1
2024-01-06 20:00:00,-1.5,0,3449.3
2024-01-06 21:00:00,-3.5,0,3953.7
2024-01-06 22:00:00,-3.4,0,3838.6
2024-01-06 23:00:00,-3.8,0,3900.8
2024-01-07 00:00:00,-6.0,0,4287.3
2024-01-07 01:00:00,-4.8,0,3847.2
2024-01-07 02:00:00,-1.8,0,3269.9
2024-01-07 03:00:00,-5.8,0,4175.6
2024-01-07 04:00:00,0.7,0,2746.7
2024-01-07 05:00:00,-3.4,0,3694.6
2024-01-07 06:00:00,0.2,0,2956.0
2024-01-07 07:00:00,-3.5,0,3881.1
2024-01-07 08:00:00,1.2,0,2938.6
2024-01-07 09:00:00,4.0,0,2426.7
2024-01-07 10:00:00,6.3,0,2066.0
2024-01-07 11:00:00,6.9,0,1926.6
2024-01-07 12:00:00,5.6,0,2030.7
2024-01-07 13:00:00,2.7,0,2574.4
2024-01-07 14:00:00,5.5,0,2038.7
2024-01-07 15:00:00,3.9,0,2413.1
2024-01-07 16:00:00,3.0,0,2612.6
2024-01-07 17:00:00,3.9,0,2577.0
2024-01-07 18:00:00,-0.4,0,3222.7
2024-01-07 19:00:00,-1.3,0,3488.7
2024-01-07 20:00:00,-5.1,0,4345.5
2024-01-07 21:00:00,-3.8,0,3912.9
2024-01-07 22:00:00,-1.6,0,3381.4
2024-01-07 23:00:00,-7.3,0,4824.8
2024-01-08 00:00:00,-4.7,0,3975.4
2024-01-08 01:00:00,-3.0,0,3496.1
2024-01-08 02:00:00,-4.5,0,3829.4
2024-01-08 03:00:00,-3.5,0,3626.8
2024-01-08 04:00:00,-1.1,0,3071.3
2024-01-08 05:00:00,-0.6,0,3021.1
2024-01-08 06:00:00,-2.5,0,3517.8
2024-01-08 07:00:00,-2.8,0,3662.8
2024-01-08 08:00:00,2.6,0,2670.0
2024-01-08 09:00:00,5.7,0,2178.1
2024-01-08 10:00:00,5.7,0,2198.4
2024-01-08 11:00:00,6.3,0,1937.2
2024-01-08 12:00:00,3.7,0,2433.5
2024-01-08 13:00:00,6.2,0,1976.7
2024-01-08 14:00:00,6.7,0,1975.0
2024-01-08 15:00:00,6.0,0,2013.9
2024-01-08 16:00:00,0.2,0,3187.6
2024-01-08 17:00:00,2.4,0,2697.7
2024-01-08 18:00:00,0.1,0,3150.6
2024-01-08 19:00:00,1.0,0,3024.4
2024-01-08 20:00:00,-4.5,0,4148.7
2024-01-08 21:00:00,-4.3,0,4109.2
2024-01-08 22:00:00,-6.3,0,4606.9
2024-01-08 23:00:00,-6.3,0,4558.9
2024-01-09 00:00:00,-1.6,0,3115.4
2024-01-09 01:00:00,-5.6,0,4056.4
2024-01-09 02:00:00,-6.2,0,4107.5
2024-01-09 03:00:00,-3.5,0,3464.4
2024-01-09 04:00:00,-1.4,0,2923.3
2024-01-09 05:00:00,-2.9,0,3354.9
2024-01-09 06:00:00,1.1,0,2624.1
2024-01-09 07:00:00,-1.8,0,3349.1
2024-01-09 08:00:00,4.4,0,2228.2
2024-01-09 09:00:00,2.1,0,2657.6
2024-01-09 10:00:00,1.0,0,2749.0
2024-01-09 11:00:00,7.6,0,1695.4
2024-01-09 12:00:00,5.4,0,1941.2
2024-01-09 13:00:00,5.8,0,1847.9
2024-01-09 14:00:00,8.3,0,1548.0
2024-01-09 15:00:00,1.0,0,2709.9
2024-01-09 16:00:00,5.0,0,2070.6
2024-01-09 17:00:00,2.4,0,2599.3
2024-01-09 18:00:00,3.1,0,2463.9
2024-01-09 19:00:00,0.6,0,3022.2
2024-01-09 20:00:00,-2.4,0,3569.5
2024-01-09 21:00:00,1.3,0,2742.7
2024-01-09 22:00:00,-6.1,0,4336.4
2024-01-09 23:00:00,-3.1,0,3576.7
2024-01-10 00:00:00,-7.4,0,4536.2
2024-01-10 01:00:00,-4.0,0,3562.1
2024-01-10 02:00:00,-4.0,0,3589.8
2024-01-10 03:00:00,-7.3,0,4473.7
2024-01-10 04:00:00,-3.4,0,3369.4
2024-01-10 05:00:00,-2.2,0,3202.8
2024-01-10 06:00:00,-2.2,0,3327.4
2024-01-10 07:00:00,3.6,0,2141.1
2024-01-10 08:00:00,2.2,0,2551.5
2024-01-10 09:00:00,3.5,0,2297.9
2024-01-10 10:00:00,3.2,0,2242.2
2024-01-10 11:00:00,4.7,0,2029.4
2024-01-10 12:00:00,3.1,0,2327.9
2024-01-10 13:00:00,6.7,0,1770.5
2024-01-10 14:00:00,6.9,0,1646.2
2024-01-10 15:00:00,2.3,0,2518.2
2024-01-10 16:00:00,5.0,0,2222.0
2024-01-10 17:00:00,0.9,0,2738.7
2024-01-10 18:00:00,1.9,0,2631.8
2024-01-10 19:00:00,0.2,0,3005.0
2024-01-10 20:00:00,-5.1,0,4198.8
2024-01-10 21:00:00,-4.2,0,3895.5
2024-01-10 22:00:00,-2.7,0,3526.2
2024-01-10 23:00:00,-4.2,0,3759.1
2024-01-11 00:00:00,-6.6,0,4417.1
2024-01-11 01:00:00,-3.0,0,3592.3
2024-01-11 02:00:00,-6.8,0,4433.3
2024-01-11 03:00:00,-4.7,0,3836.4
2024-01-11 04:00:00,-0.1,0,2859.1
2024-01-11 05:00:00,2.4,0,2441.0
2024-01-11 06:00:00,-1.0,0,3157.3
2024-01-11 07:00:00,2.2,0,2640.4
2024-01-11 08:00:00,2.6,0,2630.2
2024-01-11 09:00:00,5.8,0,2056.2
2024-01-11 10:00:00,3.0,0,2576.5
2024-01-11 11:00:00,6.3,0,2052.8
2024-01-11 12:00:00,7.2,0,1807.9
2024-01-11 13:00:00,5.5,0,2016.4
2024-01-11 14:00:00,1.8,0,2591.1
2024-01-11 15:00:00,2.6,0,2609.7
2024-01-11 16:00:00,5.8,0,2140.7
2024-01-11 17:00:00,-1.8,0,3520.6
2024-01-11 18:00:00,2.1,0,2779.6
2024-01-11 19:00:00,-2.9,0,3764.6
2024-01-11 20:00:00,-2.4,0,3680.1
2024-01-11 21:00:00,-7.0,0,4796.2
2024-01-11 22:00:00,-6.5,0,4687.3
2024-01-11 23:00:00,-3.9,0,3939.7
2024-01-12 00:00:00,-5.9,0,4223.9
2024-01-12 01:00:00,-6.3,0,4292.7
2024-01-12 02:00:00,-4.1,0,3778.8
2024-01-12 03:00:00,-3.9,0,3714.8
2024-01-12 04:00:00,-1.2,0,2972.0
2024-01-12 05:00:00,-5.5,0,4053.6
2024-01-12 06:00:00,2.8,0,2306.7
2024-01-12 07:00:00,1.9,0,2734.5
2024-01-12 08:00:00,5.6,0,2093.5
2024-01-12 09:00:00,4.9,0,2358.7
2024-01-12 10:00:00,5.0,0,2219.4
2024-01-12 11:00:00,6.4,0,1909.3
2024-01-12 12:00:00,4.7,0,2240.2
2024-01-12 13:00:00,7.1,0,1771.0
2024-01-12 14:00:00,6.0,0,1992.5
2024-01-12 15:00:00,5.3,0,2003.4
2024-01-12 16:00:00,0.8,0,3017.8
2024-01-12 17:00:00,1.8,0,2828.8
2024-01-12 18:00:00,1.8,0,2911.3
2024-01-12 19:00:00,-2.0,0,3571.7
2024-01-12 20:00:00,-3.2,0,3917.8
2024-01-12 21:00:00,-5.1,0,4278.1
2024-01-12 22:00:00,0.6,0,2856.0
2024-01-12 23:00:00,-3.1,0,3609.2
2024-01-13 00:00:00,-4.7,0,4028.0
2024-01-13 01:00:00,-6.0,0,4198.4
2024-01-13 02:00:00,-5.9,0,4195.7
2024-01-13 03:00:00,-1.6,0,3132.4
2024-01-13 04:00:00,1.1,0,2664.4
2024-01-13 05:00:00,-2.3,0,3341.9
2024-01-13 06:00:00,-2.2,0,3357.8
2024-01-13 07:00:00,6.3,0,1898.1
2024-01-13 08:00:00,2.4,0,2600.0
2024-01-13 09:00:00,4.1,0,2350.4
2024-01-13 10:00:00,4.4,0,2386.3
2024-01-13 11:00:00,4.2,0,2372.2
2024-01-13 12:00:00,6.3,0,2011.9
2024-01-13 13:00:00,3.0,0,2434.6
2024-01-13 14:00:00,7.9,0,1739.0
2024-01-13 15:00:00,2.4,0,2530.2
2024-01-13 16:00:00,0.3,0,2990.6
2024-01-13 17:00:00,-0.1,0,3123.5
2024-01-13 18:00:00,-1.0,0,3386.3
2024-01-13 19:00:00,0.5,0,3044.0
2024-01-13 20:00:00,0.1,0,3179.1
2024-01-13 21:00:00,-2.4,0,3743.2
2024-01-13 22:00:00,-4.6,0,4184.4
2024-01-13 23:00:00,-7.5,0,4839.3
2024-01-14 00:00:00,-3.5,0,3591.3
2024-01-14 01:00:00,-8.1,0,4808.9
2024-01-14 02:00:00,-5.1,0,3958.6
2024-01-14 03:00:00,0.4,0,2702.2
2024-01-14 04:00:00,-0.3,0,2899.5
2024-01-14 05:00:00,-1.3,0,3093.7
2024-01-14 06:00:00,3.0,0,2392.0
2024-01-14 07:00:00,2.6,0,2551.7
2024-01-14 08:00:00,1.5,0,2825.8
2024-01-14 09:00:00,4.6,0,2373.4
2024-01-14 10:00:00,2.7,0,2561.2
2024-01-14 11:00:00,6.1,0,2039.0
2024-01-14 12:00:00,7.6,0,1812.5
2024-01-14 13:00:00,5.7,0,2086.3
2024-01-14 14:00:00,2.6,0,2486.1
2024-01-14 15:00:00,3.2,0,2419.6
2024-01-14 16:00:00,2.8,0,2540.2
2024-01-14 17:00:00,2.4,0,2617.7
2024-01-14 18:00:00,1.7,0,2821.8
2024-01-14 19:00:00,-0.9,0,3398.8
2024-01-14 20:00:00,-4.9,0,4259.9
2024-01-14 21:00:00,-0.5,0,3344.0
2024-01-14 22:00:00,0.1,0,3041.4
2024-01-14 23:00:00,-4.1,0,3940.3
2024-01-15 00:00:00,-4.1,0,3769.4
2024-01-15 01:00:00,-6.5,0,4286.4
2024-01-15 02:00:00,-2.6,0,3333.5
2024-01-15 03:00:00,-3.3,0,3485.8
2024-01-15 04:00:00,-3.5,0,3543.5
2024-01-15 05:00:00,-2.6,0,3466.5
2024-01-15 06:00:00,-1.0,0,3184.6
2024-01-15 07:00:00,1.5,0,2794.3
2024-01-15 08:00:00,1.7,0,2663.3
2024-01-15 09:00:00,3.3,0,2560.8
2024-01-15 10:00:00,6.1,0,2089.7
2024-01-15 11:00:00,2.1,0,2682.4
2024-01-15 12:00:00,4.7,0,2177.2
2024-01-15 13:00:00,7.9,0,1697.5
2024-01-15 14:00:00,6.5,0,1950.5
2024-01-15 15:00:00,2.1,0,2643.3
2024-01-15 16:00:00,3.5,0,2368.0
2024-01-15 17:00:00,0.9,0,2891.5
2024-01-15 18:00:00,2.4,0,2655.6
2024-01-15 19:00:00,1.9,0,2817.1
2024-01-15 20:00:00,-0.8,0,3296.1
2024-01-15 21:00:00,-4.3,0,4171.0
2024-01-15 22:00:00,-5.7,0,4287.3
2024-01-15 23:00:00,-5.4,0,4199.8
2024-01-16 00:00:00,-7.6,0,4482.7
2024-01-16 01:00:00,-0.9,0,2886.7
2024-01-16 02:00:00,-6.2,0,4151.5
2024-01-16 03:00:00,-2.3,0,3116.5
2024-01-16 04:00:00,3.6,0,2021.5
2024-01-16 05:00:00,0.1,0,2637.9
2024-01-16 06:00:00,-1.2,0,3031.1
2024-01-16 07:00:00,0.8,0,2719.8
2024-01-16 08:00:00,0.1,0,2865.1
2024-01-16 09:00:00,3.1,0,2369.7
2024-01-16 10:00:00,6.0,0,1874.1
2024-01-16 11:00:00,7.4,0,1655.6
2024-01-16 12:00:00,5.6,0,1868.5
2024-01-16 13:00:00,5.4,0,1871.4
2024-01-16 14:00:00,9.2,0,1452.3
2024-01-16 15:00:00,-0.7,0,2996.2
2024-01-16 16:00:00,3.2,0,2427.2
2024-01-16 17:00:00,0.5,0,2903.8
2024-01-16 18:00:00,-1.4,0,3334.9
2024-01-16 19:00:00,-1.9,0,3418.5
2024-01-16 20:00:00,-3.4,0,3756.2
2024-01-16 21:00:00,-2.9,0,3618.7
2024-01-16 22:00:00,-5.0,0,4114.6
2024-01-16 23:00:00,-8.3,0,4867.1
2024-01-17 00:00:00,-5.1,0,3806.2
2024-01-17 01:00:00,-4.1,0,3558.0
2024-01-17 02:00:00,-2.1,0,3086.7
2024-01-17 03:00:00,-5.7,0,3855.4
2024-01-17 04:00:00,-2.5,0,3196.5
2024-01-17 05:00:00,1.7,0,2369.4
2024-01-17 06:00:00,0.3,0,2708.7
2024-01-17 07:00:00,2.1,0,2550.5
2024-01-17 08:00:00,3.6,0,2268.0
2024-01-17 09:00:00,4.2,0,2200.2
2024-01-17 10:00:00,2.6,0,2485.0
2024-01-17 11:00:00,6.8,0,1776.1
2024-01-17 12:00:00,5.0,0,2107.5
2024-01-17 13:00:00,3.4,0,2213.2
2024-01-17 14:00:00,2.0,0,2477.5
2024-01-17 15:00:00,8.8,0,1541.4
2024-01-17 16:00:00,2.5,0,2406.9
2024-01-17 17:00:00,-1.0,0,3110.1
2024-01-17 18:00:00,0.7,0,2786.9
2024-01-17 19:00:00,0.8,0,2835.9
2024-01-17 20:00:00,-1.2,0,3170.5
2024-01-17 21:00:00,-4.5,0,4034.2
2024-01-17 22:00:00,-2.6,0,3390.1
2024-01-17 23:00:00,-4.0,0,3796.4
2024-01-18 00:00:00,-6.6,0,4394.1
2024-01-18 01:00:00,-5.5,0,4055.2
2024-01-18 02:00:00,-4.2,0,3649.0
2024-01-18 03:00:00,-0.7,0,2878.7
2024-01-18 04:00:00,-4.0,0,3658.7
2024-01-18 05:00:00,0.4,0,2720.3
2024-01-18 06:00:00,2.5,0,2482.3
2024-01-18 07:00:00,1.9,0,2689.7
2024-01-18 08:00:00,5.1,0,2194.6
2024-01-18 09:00:00,4.6,0,2243.0
2024-01-18 10:00:00,3.3,0,2464.7
2024-01-18 11:00:00,8.2,0,1708.3
2024-01-18 12:00:00,8.6,0,1593.0
2024-01-18 13:00:00,5.3,0,2095.9
2024-01-18 14:00:00,1.8,0,2654.7
2024-01-18 15:00:00,6.1,0,1920.6
2024-01-18 16:00:00,1.3,0,2846.4
2024-01-18 17:00:00,3.3,0,2500.0
2024-01-18 18:00:00,1.0,0,2943.2
2024-01-18 19:00:00,-2.8,0,3730.0
2024-01-18 20:00:00,-2.1,0,3572.1
2024-01-18 21:00:00,-2.4,0,3656.9
2024-01-18 22:00:00,-4.5,0,4055.0
2024-01-18 23:00:00,-2.3,0,3473.5
2024-01-19 00:00:00,-4.2,0,3795.0
2024-01-19 01:00:00,-1.0,0,3008.5
2024-01-19 02:00:00,-5.2,0,3924.7
2024-01-19 03:00:00,-4.1,0,3643.9
2024-01-19 04:00:00,-0.9,0,2928.8
2024-01-19 05:00:00,1.2,0,2554.0
2024-01-19 06:00:00,0.9,0,2765.7
2024-01-19 07:00:00,1.8,0,2653.2
2024-01-19 08:00:00,5.2,0,2193.8
2024-01-19 09:00:00,1.6,0,2745.5
2024-01-19 10:00:00,5.1,0,2233.3
2024-01-19 11:00:00,4.6,0,2180.7
2024-01-19 12:00:00,6.3,0,1915.4
2024-01-19 13:00:00,4.2,0,2199.2
2024-01-19 14:00:00,1.9,0,2597.0
2024-01-19 15:00:00,7.0,0,1903.1
2024-01-19 16:00:00,2.2,0,2638.0
2024-01-19 17:00:00,3.1,0,2587.5
2024-01-19 18:00:00,-2.9,0,3812.8
2024-01-19 19:00:00,0.8,0,3071.0
2024-01-19 20:00:00,-0.9,0,3347.6
2024-01-19 21:00:00,-4.9,0,4139.5
2024-01-19 22:00:00,-8.8,0,5170.5
2024-01-19 23:00:00,-4.6,0,4067.6
2024-01-20 00:00:00,-3.7,0,3647.2
2024-01-20 01:00:00,-4.9,0,3901.5
2024-01-20 02:00:00,-2.8,0,3356.8
2024-01-20 03:00:00,0.6,0,2586.7
2024-01-20 04:00:00,-5.1,0,3920.9
2024-01-20 05:00:00,1.6,0,2557.8
2024-01-20 06:00:00,1.1,0,2697.3
2024-01-20 07:00:00,2.8,0,2545.0
2024-01-20 08:00:00,2.3,0,2635.2
2024-01-20 09:00:00,1.0,0,2833.5
2024-01-20 10:00:00,6.0,0,2080.2
2024-01-20 11:00:00,3.9,0,2296.6
2024-01-20 12:00:00,3.0,0,2353.9
2024-01-20 13:00:00,3.3,0,2334.7
2024-01-20 14:00:00,4.4,0,2202.0
2024-01-20 15:00:00,4.3,0,2214.4
2024-01-20 16:00:00,1.3,0,2790.5
2024-01-20 17:00:00,4.0,0,2380.9
2024-01-20 18:00:00,1.2,0,2881.8
2024-01-20 19:00:00,1.9,0,2842.0
2024-01-20 20:00:00,-5.1,0,4393.3
2024-01-20 21:00:00,-1.0,0,3233.9
2024-01-20 22:00:00,-4.3,0,4072.0
2024-01-20 23:00:00,-5.7,0,4250.3
2024-01-21 00:00:00,-5.5,0,4095.7
2024-01-21 01:00:00,-2.5,0,3394.8
2024-01-21 02:00:00,-0.8,0,2846.7
2024-01-21 03:00:00,-2.1,0,3268.5
2024-01-21 04:00:00,-0.2,0,2806.1
2024-01-21 05:00:00,2.3,0,2332.8
2024-01-21 06:00:00,2.9,0,2500.0
2024-01-21 07:00:00,3.0,0,2470.3
2024-01-21 08:00:00,4.9,0,2303.2
2024-01-21 09:00:00,5.7,0,2083.3
2024-01-21 10:00:00,4.5,0,2301.3
2024-01-21 11:00:00,5.1,0,2137.1
2024-01-21 12:00:00,4.5,0,2205.8
2024-01-21 13:00:00,7.1,0,1749.7
2024-01-21 14:00:00,7.9,0,1652.7
2024-01-21 15:00:00,6.2,0,2023.5
2024-01-21 16:00:00,3.3,0,2351.9
2024-01-21 17:00:00,0.3,0,3030.7
2024-01-21 18:00:00,0.9,0,2961.6
2024-01-21 19:00:00,-1.3,0,3440.7
2024-01-21 20:00:00,-0.6,0,3238.5
2024-01-21 21:00:00,-3.3,0,3838.6
2024-01-21 22:00:00,-4.3,0,4015.7
2024-01-21 23:00:00,-4.5,0,4027.7
2024-01-22 00:00:00,-5.4,0,4062.9
2024-01-22 01:00:00,-1.1,0,3039.5
2024-01-22 02:00:00,-5.3,0,3877.3
2024-01-22 03:00:00,-2.1,0,3131.5
2024-01-22 04:00:00,-3.9,0,3526.8
2024-01-22 05:00:00,-1.7,0,3224.3
2024-01-22 06:00:00,-6.6,0,4470.3
2024-01-22 07:00:00,1.7,0,2629.2
2024-01-22 08:00:00,8.4,0,1713.5
2024-01-22 09:00:00,5.2,0,2259.8
2024-01-22 10:00:00,6.9,0,1856.5
2024-01-22 11:00:00,3.3,0,2440.0
2024-01-22 12:00:00,4.8,0,2087.3
2024-01-22 13:00:00,3.0,0,2296.8
2024-01-22 14:00:00,8.3,0,1552.0
2024-01-22 15:00:00,4.6,0,2125.4
2024-01-22 16:00:00,2.8,0,2542.6
2024-01-22 17:00:00,7.7,0,1865.6
2024-01-22 18:00:00,1.2,0,2955.4
2024-01-22 19:00:00,2.5,0,2728.3
2024-01-22 20:00:00,1.5,0,2888.4
2024-01-22 21:00:00,0.1,0,3145.5
2024-01-22 22:00:00,-5.3,0,4231.1
2024-01-22 23:00:00,-4.1,0,3927.7
2024-01-23 00:00:00,-3.3,0,3357.0
2024-01-23 01:00:00,-5.3,0,3793.8
2024-01-23 02:00:00,-1.7,0,2961.1
2024-01-23 03:00:00,-2.1,0,2958.3
2024-01-23 04:00:00,-3.8,0,3507.8
2024-01-23 05:00:00,1.9,0,2299.6
2024-01-23 06:00:00,3.0,0,2289.0
2024-01-23 07:00:00,5.6,0,1904.0
2024-01-23 08:00:00,3.4,0,2360.1
2024-01-23 09:00:00,7.4,0,1723.8
2024-01-23 10:00:00,6.5,0,1850.2
2024-01-23 11:00:00,5.2,0,1923.9
2024-01-23 12:00:00,8.5,0,1366.5
2024-01-23 13:00:00,5.6,0,1865.5
2024-01-23 14:00:00,6.7,0,1703.1
2024-01-23 15:00:00,7.0,0,1705.5
2024-01-23 16:00:00,2.7,0,2359.6
2024-01-23 17:00:00,1.0,0,2825.1
2024-01-23 18:00:00,1.8,0,2661.6
2024-01-23 19:00:00,0.1,0,3045.5
2024-01-23 20:00:00,-2.7,0,3594.0
2024-01-23 21:00:00,-0.8,0,3105.5
2024-01-23 22:00:00,-3.1,0,3572.9
2024-01-23 23:00:00,-5.2,0,3995.3
2024-01-24 00:00:00,-3.2,0,3470.6
2024-01-24 01:00:00,-2.5,0,3228.8
2024-01-24 02:00:00,-4.2,0,3451.8
2024-01-24 03:00:00,-3.7,0,3451.5
2024-01-24 04:00:00,0.2,0,2563.1
2024-01-24 05:00:00,-1.7,0,3082.9
2024-01-24 06:00:00,0.8,0,2546.3
2024-01-24 07:00:00,2.2,0,2392.8
2024-01-24 08:00:00,3.9,0,2308.9
2024-01-24 09:00:00,6.2,0,1943.5
2024-01-24 10:00:00,5.3,0,2012.1
2024-01-24 11:00:00,9.2,0,1457.3
2024-01-24 12:00:00,4.2,0,1985.9
2024-01-24 13:00:00,10.5,0,1287.8
2024-01-24 14:00:00,1.5,0,2545.9
2024-01-24 15:00:00,2.7,0,2366.5
2024-01-24 16:00:00,3.7,0,2159.0
2024-01-24 17:00:00,0.6,0,2825.5
2024-01-24 18:00:00,-0.5,0,3096.2
2024-01-24 19:00:00,3.5,0,2410.8
2024-01-24 20:00:00,-2.7,0,3578.8
2024-01-24 21:00:00,-2.1,0,3299.1
2024-01-24 22:00:00,-2.5,0,3393.4
2024-01-24 23:00:00,-5.6,0,4087.3
2024-01-25 00:00:00,-4.7,0,3787.2
2024-01-25 01:00:00,-6.1,0,4209.3
2024-01-25 02:00:00,0.1,0,2703.0
2024-01-25 03:00:00,0.5,0,2638.8
2024-01-25 04:00:00,1.5,0,2455.5
2024-01-25 05:00:00,0.7,0,2683.4
2024-01-25 06:00:00,1.5,0,2507.4
2024-01-25 07:00:00,4.8,0,2063.5
2024-01-25 08:00:00,4.7,0,2304.0
2024-01-25 09:00:00,2.9,0,2536.9
2024-01-25 10:00:00,5.9,0,2129.4
2024-01-25 11:00:00,6.6,0,1866.3
2024-01-25 12:00:00,5.5,0,1950.9
2024-01-25 13:00:00,8.6,0,1689.3
2024-01-25 14:00:00,3.5,0,2361.0
2024-01-25 15:00:00,6.5,0,1877.1
2024-01-25 16:00:00,2.8,0,2512.3
2024-01-25 17:00:00,-0.1,0,3087.5
2024-01-25 18:00:00,2.7,0,2612.7
2024-01-25 19:00:00,-0.5,0,3194.2
2024-01-25 20:00:00,-4.1,0,4028.6
2024-01-25 21:00:00,-3.2,0,3818.7
2024-01-25 22:00:00,-6.8,0,4624.2
2024-01-25 23:00:00,-3.1,0,3766.6
2024-01-26 00:00:00,-2.1,0,3322.9
2024-01-26 01:00:00,-3.4,0,3545.3
2024-01-26 02:00:00,-2.7,0,3257.8
2024-01-26 03:00:00,-1.2,0,2964.0
2024-01-26 04:00:00,0.5,0,2601.0
2024-01-26 05:00:00,0.1,0,2838.7
2024-01-26 06:00:00,1.1,0,2689.9
2024-01-26 07:00:00,1.0,0,2711.0
2024-01-26 08:00:00,2.6,0,2526.4
2024-01-26 09:00:00,5.8,0,2039.9
2024-01-26 10:00:00,7.7,0,1763.1
2024-01-26 11:00:00,3.1,0,2424.8
2024-01-26 12:00:00,8.4,0,1615.1
2024-01-26 13:00:00,7.0,0,1828.1
2024-01-26 14:00:00,4.2,0,2102.8
2024-01-26 15:00:00,6.4,0,1933.2
2024-01-26 16:00:00,6.5,0,1981.2
2024-01-26 17:00:00,3.4,0,2367.0
2024-01-26 18:00:00,-0.5,0,3164.9
2024-01-26 19:00:00,0.5,0,2977.8
2024-01-26 20:00:00,-2.5,0,3615.2
2024-01-26 21:00:00,-0.5,0,3191.0
2024-01-26 22:00:00,-3.8,0,3832.0
2024-01-26 23:00:00,-3.1,0,3690.0
2024-01-27 00:00:00,-3.6,0,3617.2
2024-01-27 01:00:00,-4.4,0,3654.8
2024-01-27 02:00:00,-5.0,0,3865.8
2024-01-27 03:00:00,-1.5,0,2949.5
2024-01-27 04:00:00,-3.6,0,3459.5
2024-01-27 05:00:00,2.4,0,2354.8
2024-01-27 06:00:00,3.3,0,2235.5
2024-01-27 07:00:00,2.5,0,2470.7
2024-01-27 08:00:00,0.5,0,2948.1
2024-01-27 09:00:00,6.7,0,1946.1
2024-01-27 10:00:00,3.4,0,2419.8
2024-01-27 11:00:00,10.3,0,1497.0
2024-01-27 12:00:00,4.8,0,2082.4
2024-01-27 13:00:00,5.0,0,2052.9
2024-01-27 14:00:00,7.9,0,1630.6
2024-01-27 15:00:00,6.2,0,2004.2
2024-01-27 16:00:00,7.5,0,1771.9
2024-01-27 17:00:00,2.5,0,2606.5
2024-01-27 18:00:00,0.9,0,2881.5
2024-01-27 19:00:00,1.9,0,2781.9
2024-01-27 20:00:00,-4.5,0,4185.8
2024-01-27 21:00:00,2.6,0,2541.3
2024-01-27 22:00:00,-4.5,0,3988.2
2024-01-27 23:00:00,-3.9,0,3741.4
2024-01-28 00:00:00,-1.9,0,3146.9
2024-01-28 01:00:00,-1.0,0,2901.7
2024-01-28 02:00:00,-6.0,0,4125.0
2024-01-28 03:00:00,-4.4,0,3634.8
2024-01-28 04:00:00,-0.4,0,2887.6
2024-01-28 05:00:00,2.0,0,2285.9
2024-01-28 06:00:00,-0.8,0,2983.6
2024-01-28 07:00:00,3.2,0,2401.7
2024-01-28 08:00:00,5.4,0,2067.1
2024-01-28 09:00:00,7.0,0,2008.8
2024-01-28 10:00:00,5.9,0,2000.6
2024-01-28 11:00:00,7.9,0,1690.9
2024-01-28 12:00:00,9.5,0,1426.6
2024-01-28 13:00:00,6.4,0,1969.3
2024-01-28 14:00:00,6.3,0,1943.7
2024-01-28 15:00:00,7.5,0,1739.1
2024-01-28 16:00:00,5.3,0,2074.0
2024-01-28 17:00:00,1.5,0,2784.2
2024-01-28 18:00:00,2.7,0,2508.1
2024-01-28 19:00:00,-1.8,0,3447.3
2024-01-28 20:00:00,-0.6,0,3299.7
2024-01-28 21:00:00,1.4,0,2656.0
2024-01-28 22:00:00,1.3,0,2828.0
2024-01-28 23:00:00,-1.3,0,3305.8
2024-01-29 00:00:00,-1.3,0,3066.8
2024-01-29 01:00:00,-2.0,0,3170.4
2024-01-29 02:00:00,-2.5,0,3254.5
2024-01-29 03:00:00,-2.2,0,3094.8
2024-01-29 04:00:00,-1.7,0,3071.0
2024-01-29 05:00:00,0.6,0,2722.7
2024-01-29 06:00:00,-3.9,0,3808.3
2024-01-29 07:00:00,2.5,0,2477.3
2024-01-29 08:00:00,5.1,0,2092.0
2024-01-29 09:00:00,3.2,0,2366.8
2024-01-29 10:00:00,7.5,0,1702.9
2024-01-29 11:00:00,7.0,0,1810.7
2024-01-29 12:00:00,5.7,0,1916.0
2024-01-29 13:00:00,4.7,0,2159.5
2024-01-29 14:00:00,8.9,0,1577.4
2024-01-29 15:00:00,9.4,0,1614.7
2024-01-29 16:00:00,2.9,0,2456.7
2024-01-29 17:00:00,3.7,0,2398.1
2024-01-29 18:00:00,1.9,0,2787.5
2024-01-29 19:00:00,-1.7,0,3480.5
2024-01-29 20:00:00,-2.8,0,3692.7
2024-01-29 21:00:00,-2.0,0,3454.1
2024-01-29 22:00:00,0.5,0,2995.8
2024-01-29 23:00:00,-3.0,0,3514.8
2024-01-30 00:00:00,-1.4,0,2922.7
2024-01-30 01:00:00,-4.7,0,3588.3
2024-01-30 02:00:00,-4.1,0,3493.5
2024-01-30 03:00:00,-3.4,0,3239.0
2024-01-30 04:00:00,-2.8,0,3083.8
2024-01-30 05:00:00,-0.6,0,2729.6
2024-01-30 06:00:00,2.8,0,2259.9
2024-01-30 07:00:00,4.2,0,2065.1
2024-01-30 08:00:00,4.0,0,2189.9
2024-01-30 09:00:00,3.1,0,2345.0
2024-01-30 10:00:00,6.4,0,1798.9
2024-01-30 11:00:00,6.6,0,1687.4
2024-01-30 12:00:00,6.0,0,1812.5
2024-01-30 13:00:00,4.9,0,1937.9
2024-01-30 14:00:00,9.3,0,1323.9
2024-01-30 15:00:00,2.5,0,2334.6
2024-01-30 16:00:00,4.2,0,2104.1
2024-01-30 17:00:00,0.8,0,2711.1
2024-01-30 18:00:00,2.1,0,2554.7
2024-01-30 19:00:00,-0.2,0,3061.8
2024-01-30 20:00:00,0.3,0,2804.9
2024-01-30 21:00:00,-1.0,0,3079.5
2024-01-30 22:00:00,-1.5,0,3139.0
2024-01-30 23:00:00,-5.3,0,3956.4
2024-01-31 00:00:00,-0.3,0,2712.2
2024-01-31 01:00:00,-6.1,0,4050.1
2024-01-31 02:00:00,-4.4,0,3552.1
2024-01-31 03:00:00,-1.0,0,2741.4
2024-01-31 04:00:00,-2.6,0,3145.5
2024-01-31 05:00:00,1.4,0,2349.8
2024-01-31 06:00:00,-0.7,0,2816.7
2024-01-31 07:00:00,2.3,0,2328.1
2024-01-31 08:00:00,4.9,0,2052.2
2024-01-31 09:00:00,6.4,0,1777.0
2024-01-31 10:00:00,2.6,0,2404.6
2024-01-31 11:00:00,7.9,0,1552.0
2024-01-31 12:00:00,8.9,0,1415.3
2024-01-31 13:00:00,7.9,0,1409.5
2024-01-31 14:00:00,8.2,0,1490.7
2024-01-31 15:00:00,6.0,0,1809.7
2024-01-31 16:00:00,10.0,0,1459.5
2024-01-31 17:00:00,5.2,0,2081.8
2024-01-31 18:00:00,0.6,0,2863.4
2024-01-31 19:00:00,5.2,0,2019.3
2024-01-31 20:00:00,0.0,0,2950.6
2024-01-31 21:00:00,-2.6,0,3358.4
2024-01-31 22:00:00,-3.3,0,3583.1
2024-01-31 23:00:00,-1.9,0,3076.0
2024-02-01 00:00:00,-2.3,0,3347.1
2024-02-01 01:00:00,-2.3,0,3235.9
2024-02-01 02:00:00,-0.6,0,2799.7
2024-02-01 03:00:00,0.4,0,2612.7
2024-02-01 04:00:00,-2.0,0,3117.8
2024-02-01 05:00:00,1.0,0,2621.7
2024-02-01 06:00:00,1.0,0,2720.9
2024-02-01 07:00:00,1.8,0,2538.1
2024-02-01 08:00:00,2.2,0,2608.0
2024-02-01 09:00:00,4.6,0,2297.4
2024-02-01 10:00:00,6.6,0,1974.2
2024-02-01 11:00:00,4.3,0,2287.6
2024-02-01 12:00:00,6.0,0,1761.9
2024-02-01 13:00:00,2.7,0,2368.7
2024-02-01 14:00:00,5.1,0,2031.4
2024-02-01 15:00:00,4.0,0,2241.0
2024-02-01 16:00:00,8.3,0,1569.6
2024-02-01 17:00:00,1.0,0,2819.7
2024-02-01 18:00:00,2.1,0,2684.4
2024-02-01 19:00:00,-0.2,0,3158.2
2024-02-01 20:00:00,-3.4,0,3883.2
2024-02-01 21:00:00,-4.4,0,4016.8
2024-02-01 22:00:00,-0.2,0,3039.1
2024-02-01 23:00:00,1.7,0,2630.7
2024-02-02 00:00:00,-0.7,0,2954.6
2024-02-02 01:00:00,-4.0,0,3700.0
2024-02-02 02:00:00,-2.7,0,3297.4
2024-02-02 03:00:00,-0.9,0,3024.4
2024-02-02 04:00:00,-0.4,0,2814.6
2024-02-02 05:00:00,2.8,0,2150.2
2024-02-02 06:00:00,3.6,0,2241.7
2024-02-02 07:00:00,4.1,0,2280.3
2024-02-02 08:00:00,4.5,0,2124.8
2024-02-02 09:00:00,3.7,0,2326.8
2024-02-02 10:00:00,6.5,0,1956.3
2024-02-02 11:00:00,7.7,0,1782.0
2024-02-02 12:00:00,8.2,0,1591.5
2024-02-02 13:00:00,1.5,0,2565.2
2024-02-02 14:00:00,4.8,0,2079.4
2024-02-02 15:00:00,4.8,0,2097.8
2024-02-02 16:00:00,4.5,0,2197.0
2024-02-02 17:00:00,2.8,0,2468.0
2024-02-02 18:00:00,1.4,0,2770.6
2024-02-02 19:00:00,2.9,0,2587.0
2024-02-02 20:00:00,-0.3,0,3138.4
2024-02-02 21:00:00,-0.3,0,3090.5
2024-02-02 22:00:00,-3.5,0,3789.2
2024-02-02 23:00:00,-4.2,0,3916.0
2024-02-03 00:00:00,-4.5,0,3806.1
2024-02-03 01:00:00,-1.4,0,3048.8
2024-02-03 02:00:00,-2.6,0,3418.2
2024-02-03 03:00:00,-3.3,0,3385.9
2024-02-03 04:00:00,1.6,0,2490.2
2024-02-03 05:00:00,1.2,0,2592.3
2024-02-03 06:00:00,0.7,0,2716.1
2024-02-03 07:00:00,1.4,0,2657.1
2024-02-03 08:00:00,6.0,0,1939.8
2024-02-03 09:00:00,4.2,0,2289.6
2024-02-03 10:00:00,3.1,0,2546.3
2024-02-03 11:00:00,6.7,0,1909.7
2024-02-03 12:00:00,6.1,0,1889.5
2024-02-03 13:00:00,6.3,0,1851.2
2024-02-03 14:00:00,8.3,0,1540.0
2024-02-03 15:00:00,5.8,0,1950.9
2024-02-03 16:00:00,6.5,0,1887.7
2024-02-03 17:00:00,2.1,0,2599.1
2024-02-03 18:00:00,2.4,0,2605.0
2024-02-03 19:00:00,1.3,0,2853.3
2024-02-03 20:00:00,1.9,0,2704.9
2024-02-03 21:00:00,-1.5,0,3351.5
2024-02-03 22:00:00,2.6,0,2523.6
2024-02-03 23:00:00,-6.5,0,4463.9
2024-02-04 00:00:00,-0.3,0,2832.4
2024-02-04 01:00:00,-4.2,0,3635.4
2024-02-04 02:00:00,1.4,0,2443.6
2024-02-04 03:00:00,-2.9,0,3333.2
2024-02-04 04:00:00,0.9,0,2666.8
2024-02-04 05:00:00,5.7,0,1785.7
2024-02-04 06:00:00,-1.2,0,3189.4
2024-02-04 07:00:00,0.6,0,2799.3
2024-02-04 08:00:00,2.8,0,2514.7
2024-02-04 09:00:00,5.2,0,2046.5
2024-02-04 10:00:00,5.6,0,2092.7
2024-02-04 11:00:00,6.8,0,1803.9
2024-02-04 12:00:00,9.9,0,1442.8
2024-02-04 13:00:00,8.6,0,1514.5
2024-02-04 14:00:00,5.7,0,1966.6
2024-02-04 15:00:00,5.3,0,2056.4
2024-02-04 16:00:00,3.6,0,2341.0
2024-02-04 17:00:00,3.8,0,2395.6
2024-02-04 18:00:00,4.8,0,2165.1
2024-02-04 19:00:00,1.7,0,2776.6
2024-02-04 20:00:00,0.9,0,2927.4
2024-02-04 21:00:00,-0.5,0,3015.4
2024-02-04 22:00:00,-0.4,0,3091.7
2024-02-04 23:00:00,-2.1,0,3455.6
2024-02-05 00:00:00,-2.0,0,3197.2
2024-02-05 01:00:00,-1.1,0,2900.4
2024-02-05 02:00:00,-2.6,0,3201.1
2024-02-05 03:00:00,-1.6,0,2922.9
2024-02-05 04:00:00,-0.7,0,2760.1
2024-02-05 05:00:00,-1.2,0,3018.2
2024-02-05 06:00:00,4.4,0,2033.9
2024-02-05 07:00:00,3.4,0,2322.4
2024-02-05 08:00:00,4.9,0,2176.9
2024-02-05 09:00:00,2.3,0,2596.5
2024-02-05 10:00:00,5.3,0,2037.6
2024-02-05 11:00:00,5.6,0,2072.9
2024-02-05 12:00:00,6.8,0,1676.8
2024-02-05 13:00:00,5.9,0,1901.9
2024-02-05 14:00:00,5.8,0,2065.0
2024-02-05 15:00:00,5.2,0,2051.2
2024-02-05 16:00:00,4.9,0,2145.9
2024-02-05 17:00:00,5.5,0,2030.1
2024-02-05 18:00:00,2.1,0,2707.9
2024-02-05 19:00:00,3.9,0,2482.9
2024-02-05 20:00:00,0.7,0,2870.0
2024-02-05 21:00:00,-5.2,0,4169.1
2024-02-05 22:00:00,-2.9,0,3544.0
2024-02-05 23:00:00,1.3,0,2569.5
2024-02-06 00:00:00,-1.3,0,2930.3
2024-02-06 01:00:00,-4.1,0,3535.4
2024-02-06 02:00:00,-2.7,0,3067.9
2024-02-06 03:00:00,-1.8,0,2853.5
2024-02-06 04:00:00,0.4,0,2513.4
2024-02-06 05:00:00,1.0,0,2415.8
2024-02-06 06:00:00,0.9,0,2489.0
2024-02-06 07:00:00,3.9,0,2033.3
2024-02-06 08:00:00,7.3,0,1654.0
2024-02-06 09:00:00,2.0,0,2561.8
2024-02-06 10:00:00,5.2,0,1999.9
2024-02-06 11:00:00,1.6,0,2509.6
2024-02-06 12:00:00,7.7,0,1566.3
2024-02-06 13:00:00,9.6,0,1318.8
2024-02-06 14:00:00,10.5,0,1209.3
2024-02-06 15:00:00,9.7,0,1209.8
2024-02-06 16:00:00,8.0,0,1608.2
2024-02-06 17:00:00,3.2,0,2342.4
2024-02-06 18:00:00,6.7,0,1815.8
2024-02-06 19:00:00,3.3,0,2339.2
2024-02-06 20:00:00,-1.2,0,3161.0
2024-02-06 21:00:00,-1.2,0,3128.5
2024-02-06 22:00:00,1.5,0,2576.7
2024-02-06 23:00:00,-2.8,0,3384.4
2024-02-07 00:00:00,-3.5,0,3412.5
2024-02-07 01:00:00,0.5,0,2491.0
2024-02-07 02:00:00,-3.0,0,3164.7
2024-02-07 03:00:00,1.4,0,2297.9
2024-02-07 04:00:00,-2.6,0,3156.6
2024-02-07 05:00:00,-0.0,0,2636.1
2024-02-07 06:00:00,1.7,0,2405.0
2024-02-07 07:00:00,4.1,0,1998.3
2024-02-07 08:00:00,4.9,0,1972.4
2024-02-07 09:00:00,5.4,0,1912.0
2024-02-07 10:00:00,7.8,0,1585.4
2024-02-07 11:00:00,8.5,0,1502.2
2024-02-07 12:00:00,12.4,0,1022.5
2024-02-07 13:00:00,10.4,0,1260.1
2024-02-07 14:00:00,5.4,0,1767.0
2024-02-07 15:00:00,7.0,0,1550.6
2024-02-07 16:00:00,3.3,0,2164.8
2024-02-07 17:00:00,3.7,0,2219.2
2024-02-07 18:00:00,1.2,0,2612.2
2024-02-07 19:00:00,1.4,0,2635.0
2024-02-07 20:00:00,0.9,0,2687.2
2024-02-07 21:00:00,-2.7,0,3447.1
2024-02-07 22:00:00,2.3,0,2353.4
2024-02-07 23:00:00,0.3,0,2736.8
2024-02-08 00:00:00,-3.4,0,3513.1
2024-02-08 01:00:00,-2.8,0,3287.9
2024-02-08 02:00:00,0.0,0,2646.1
2024-02-08 03:00:00,-1.8,0,3021.9
2024-02-08 04:00:00,2.5,0,2282.7
2024-02-08 05:00:00,0.5,0,2662.2
2024-02-08 06:00:00,7.5,0,1607.8
2024-02-08 07:00:00,1.7,0,2592.0
2024-02-08 08:00:00,6.5,0,1897.3
2024-02-08 09:00:00,5.9,0,1956.7
2024-02-08 10:00:00,7.8,0,1786.8
2024-02-08 11:00:00,7.9,0,1638.8
2024-02-08 12:00:00,11.1,0,1377.4
2024-02-08 13:00:00,11.7,0,1256.5
2024-02-08 14:00:00,6.6,0,1783.1
2024-02-08 15:00:00,4.8,0,2087.8
2024-02-08 16:00:00,7.9,0,1686.1
2024-02-08 17:00:00,3.1,0,2340.3
2024-02-08 18:00:00,3.7,0,2365.0
2024-02-08 19:00:00,1.1,0,2760.3
2024-02-08 20:00:00,1.4,0,2777.5
2024-02-08 21:00:00,2.0,0,2582.7
2024-02-08 22:00:00,-2.4,0,3422.8
2024-02-08 23:00:00,-3.5,0,3721.1
2024-02-09 00:00:00,-1.6,0,3137.2
2024-02-09 01:00:00,-0.6,0,2829.4
2024-02-09 02:00:00,-0.6,0,2792.6
2024-02-09 03:00:00,0.0,0,2674.3
2024-02-09 04:00:00,2.6,0,2233.3
2024-02-09 05:00:00,2.4,0,2350.6
2024-02-09 06:00:00,8.5,0,1469.4
2024-02-09 07:00:00,4.2,0,2182.5
2024-02-09 08:00:00,5.6,0,2049.0
2024-02-09 09:00:00,3.7,0,2368.4
2024-02-09 10:00:00,8.0,0,1708.4
2024-02-09 11:00:00,9.7,0,1380.6
2024-02-09 12:00:00,8.9,0,1506.4
2024-02-09 13:00:00,8.9,0,1525.6
2024-02-09 14:00:00,8.7,0,1506.7
2024-02-09 15:00:00,7.8,0,1616.0
2024-02-09 16:00:00,7.5,0,1839.2
2024-02-09 17:00:00,3.9,0,2338.0
2024-02-09 18:00:00,5.6,0,2222.3
2024-02-09 19:00:00,4.7,0,2279.7
2024-02-09 20:00:00,-0.0,0,3119.7
2024-02-09 21:00:00,-2.1,0,3505.2
2024-02-09 22:00:00,-0.4,0,2965.8
2024-02-09 23:00:00,-2.1,0,3411.3
2024-02-10 00:00:00,-1.4,0,3003.0
2024-02-10 01:00:00,0.4,0,2608.9
2024-02-10 02:00:00,3.2,0,2069.8
2024-02-10 03:00:00,1.0,0,2439.5
2024-02-10 04:00:00,0.2,0,2737.4
2024-02-10 05:00:00,6.0,0,1688.4
2024-02-10 06:00:00,3.8,0,2135.6
2024-02-10 07:00:00,8.2,0,1504.5
2024-02-10 08:00:00,7.0,0,1907.6
2024-02-10 09:00:00,4.2,0,2196.4
2024-02-10 10:00:00,8.1,0,1672.2
2024-02-10 11:00:00,11.5,0,1249.3
2024-02-10 12:00:00,6.6,0,1714.9
2024-02-10 13:00:00,7.6,0,1551.6
2024-02-10 14:00:00,4.4,0,2132.5
2024-02-10 15:00:00,4.2,0,2165.8
2024-02-10 16:00:00,3.8,0,2218.7
2024-02-10 17:00:00,4.9,0,2133.1
2024-02-10 18:00:00,7.0,0,1877.4
2024-02-10 19:00:00,3.1,0,2478.4
2024-02-10 20:00:00,-0.3,0,2934.0
2024-02-10 21:00:00,0.7,0,2890.0
2024-02-10 22:00:00,2.9,0,2485.4
2024-02-10 23:00:00,-0.6,0,3001.2
2024-02-11 00:00:00,-1.6,0,3092.7
2024-02-11 01:00:00,-1.5,0,2962.3
2024-02-11 02:00:00,0.9,0,2504.6
2024-02-11 03:00:00,-1.5,0,2864.9
2024-02-11 04:00:00,-0.0,0,2682.4
2024-02-11 05:00:00,3.2,0,2204.1
2024-02-11 06:00:00,7.1,0,1681.8
2024-02-11 07:00:00,3.5,0,2213.0
2024-02-11 08:00:00,5.2,0,2064.7
2024-02-11 09:00:00,5.8,0,2019.1
2024-02-11 10:00:00,8.1,0,1735.5
2024-02-11 11:00:00,7.8,0,1723.8
2024-02-11 12:00:00,9.2,0,1464.4
2024-02-11 13:00:00,5.5,0,1938.3
2024-02-11 14:00:00,9.9,0,1329.8
2024-02-11 15:00:00,6.3,0,1921.4
2024-02-11 16:00:00,5.3,0,1930.0
2024-02-11 17:00:00,7.6,0,1760.5
2024-02-11 18:00:00,3.8,0,2380.7
2024-02-11 19:00:00,4.3,0,2219.3
2024-02-11 20:00:00,-0.1,0,3123.3
2024-02-11 21:00:00,2.1,0,2608.1
2024-02-11 22:00:00,-2.9,0,3552.6
2024-02-11 23:00:00,1.6,0,2602.1
2024-02-12 00:00:00,0.6,0,2608.7
2024-02-12 01:00:00,0.3,0,2691.9
2024-02-12 02:00:00,-1.3,0,2884.5
2024-02-12 03:00:00,2.5,0,2154.2
2024-02-12 04:00:00,1.5,0,2464.8
2024-02-12 05:00:00,1.1,0,2497.3
2024-02-12 06:00:00,4.8,0,1976.4
2024-02-12 07:00:00,3.9,0,2159.2
2024-02-12 08:00:00,6.3,0,1911.2
2024-02-12 09:00:00,6.9,0,1858.5
2024-02-12 10:00:00,9.4,0,1582.6
2024-02-12 11:00:00,6.8,0,1808.3
2024-02-12 12:00:00,8.5,0,1644.4
2024-02-12 13:00:00,11.3,0,1260.3
2024-02-12 14:00:00,11.2,0,1251.6
2024-02-12 15:00:00,7.8,0,1692.4
2024-02-12 16:00:00,6.6,0,1834.0
2024-02-12 17:00:00,2.8,0,2535.0
2024-02-12 18:00:00,5.1,0,2194.9
2024-02-12 19:00:00,4.5,0,2260.1
2024-02-12 20:00:00,2.3,0,2565.4
2024-02-12 21:00:00,-1.8,0,3393.6
2024-02-12 22:00:00,-1.3,0,3239.2
2024-02-12 23:00:00,-1.1,0,3136.7
2024-02-13 00:00:00,-0.8,0,2783.4
2024-02-13 01:00:00,2.0,0,2189.9
2024-02-13 02:00:00,-0.4,0,2568.5
2024-02-13 03:00:00,3.6,0,1925.5
2024-02-13 04:00:00,1.2,0,2358.6
2024-02-13 05:00:00,3.9,0,1836.2
2024-02-13 06:00:00,2.5,0,2232.4
2024-02-13 07:00:00,4.3,0,1954.4
2024-02-13 08:00:00,4.6,0,2005.1
2024-02-13 09:00:00,9.0,0,1512.4
2024-02-13 10:00:00,7.0,0,1697.0
2024-02-13 11:00:00,5.8,0,1709.2
2024-02-13 12:00:00,4.9,0,1833.2
2024-02-13 13:00:00,6.5,0,1605.5
2024-02-13 14:00:00,7.8,0,1510.3
2024-02-13 15:00:00,6.2,0,1653.9
2024-02-13 16:00:00,5.0,0,1881.1
2024-02-13 17:00:00,5.6,0,1838.5
2024-02-13 18:00:00,4.3,0,2051.6
2024-02-13 19:00:00,4.5,0,2162.5
2024-02-13 20:00:00,2.4,0,2480.4
2024-02-13 21:00:00,0.9,0,2675.8
2024-02-13 22:00:00,-2.4,0,3337.7
2024-02-13 23:00:00,-2.6,0,3288.2
2024-02-14 00:00:00,-1.4,0,2872.8
2024-02-14 01:00:00,-2.3,0,3014.3
2024-02-14 02:00:00,-0.1,0,2492.7
2024-02-14 03:00:00,2.8,0,1925.4
2024-02-14 04:00:00,4.4,0,1713.3
2024-02-14 05:00:00,2.3,0,2301.2
2024-02-14 06:00:00,1.7,0,2324.8
2024-02-14 07:00:00,3.4,0,2118.0
2024-02-14 08:00:00,7.5,0,1564.8
2024-02-14 09:00:00,9.1,0,1401.1
2024-02-14 10:00:00,8.9,0,1534.8
2024-02-14 11:00:00,6.4,0,1656.4
2024-02-14 12:00:00,5.6,0,1734.8
2024-02-14 13:00:00,8.7,0,1312.7
2024-02-14 14:00:00,9.6,0,1332.9
2024-02-14 15:00:00,6.8,0,1617.3
2024-02-14 16:00:00,8.3,0,1523.7
2024-02-14 17:00:00,5.0,0,1938.4
2024-02-14 18:00:00,0.5,0,2808.3
2024-02-14 19:00:00,4.9,0,2132.5
2024-02-14 20:00:00,0.9,0,2722.4
2024-02-14 21:00:00,2.2,0,2507.2
2024-02-14 22:00:00,-0.1,0,2833.0
2024-02-14 23:00:00,-1.0,0,2919.3
2024-02-15 00:00:00,-2.0,0,3220.6
2024-02-15 01:00:00,-2.5,0,3183.7
2024-02-15 02:00:00,-1.6,0,3001.1
2024-02-15 03:00:00,-3.0,0,3248.8
2024-02-15 04:00:00,3.0,0,2014.1
2024-02-15 05:00:00,2.5,0,2179.2
2024-02-15 06:00:00,5.0,0,1937.5
2024-02-15 07:00:00,3.6,0,2248.2
2024-02-15 08:00:00,8.4,0,1646.4
2024-02-15 09:00:00,7.3,0,1788.7
2024-02-15 10:00:00,8.7,0,1652.4
2024-02-15 11:00:00,8.6,0,1573.2
2024-02-15 12:00:00,11.5,0,1285.7
2024-02-15 13:00:00,9.0,0,1555.0
2024-02-15 14:00:00,8.1,0,1585.1
2024-02-15 15:00:00,6.6,0,1754.0
2024-02-15 16:00:00,5.2,0,2029.3
2024-02-15 17:00:00,6.7,0,1935.9
2024-02-15 18:00:00,7.8,0,1774.6
2024-02-15 19:00:00,3.6,0,2464.3
2024-02-15 20:00:00,5.9,0,1936.5
2024-02-15 21:00:00,1.6,0,2670.6
2024-02-15 22:00:00,-0.5,0,3097.8
2024-02-15 23:00:00,-0.9,0,3134.5
2024-02-16 00:00:00,-1.6,0,3229.2
2024-02-16 01:00:00,-3.6,0,3437.6
2024-02-16 02:00:00,-0.9,0,2816.4
2024-02-16 03:00:00,-1.0,0,2798.0
2024-02-16 04:00:00,3.9,0,1863.7
2024-02-16 05:00:00,6.6,0,1596.9
2024-02-16 06:00:00,5.6,0,1796.2
2024-02-16 07:00:00,7.5,0,1586.3
2024-02-16 08:00:00,5.6,0,1928.8
2024-02-16 09:00:00,6.4,0,1830.6
2024-02-16 10:00:00,8.5,0,1581.3
2024-02-16 11:00:00,9.5,0,1477.8
2024-02-16 12:00:00,9.8,0,1388.7
2024-02-16 13:00:00,9.3,0,1369.0
2024-02-16 14:00:00,7.8,0,1537.7
2024-02-16 15:00:00,9.0,0,1456.4
2024-02-16 16:00:00,4.9,0,1955.5
2024-02-16 17:00:00,4.4,0,2184.8
2024-02-16 18:00:00,3.4,0,2408.9
2024-02-16 19:00:00,5.1,0,2192.6
2024-02-16 20:00:00,0.5,0,2931.1
2024-02-16 21:00:00,1.2,0,2815.5
2024-02-16 22:00:00,-0.0,0,2874.9
2024-02-16 23:00:00,-1.2,0,3047.8
2024-02-17 00:00:00,-2.1,0,3090.0
2024-02-17 01:00:00,3.4,0,2110.4
2024-02-17 02:00:00,0.5,0,2630.8
2024-02-17 03:00:00,2.8,0,2119.6
2024-02-17 04:00:00,0.5,0,2496.1
2024-02-17 05:00:00,3.5,0,2151.2
2024-02-17 06:00:00,3.8,0,2078.7
2024-02-17 07:00:00,10.5,0,1339.8
2024-02-17 08:00:00,6.2,0,1921.4
2024-02-17 09:00:00,11.9,0,1301.4
2024-02-17 10:00:00,10.1,0,1412.5
2024-02-17 11:00:00,11.1,0,1221.6
2024-02-17 12:00:00,7.0,0,1720.9
2024-02-17 13:00:00,8.7,0,1439.7
2024-02-17 14:00:00,10.5,0,1366.0
2024-02-17 15:00:00,7.5,0,1712.2
2024-02-17 16:00:00,4.7,0,2034.2
2024-02-17 17:00:00,7.8,0,1728.5
2024-02-17 18:00:00,3.2,0,2408.6
2024-02-17 19:00:00,5.5,0,2128.3
2024-02-17 20:00:00,5.1,0,2159.9
2024-02-17 21:00:00,3.4,0,2266.6
2024-02-17 22:00:00,-0.2,0,2967.1
2024-02-17 23:00:00,0.4,0,2789.0
2024-02-18 00:00:00,-0.9,0,2877.8
2024-02-18 01:00:00,-4.5,0,3685.6
2024-02-18 02:00:00,-0.3,0,2719.5
2024-02-18 03:00:00,2.4,0,2122.3
2024-02-18 04:00:00,4.1,0,1920.4
2024-02-18 05:00:00,5.8,0,1717.9
2024-02-18 06:00:00,5.1,0,1901.2
2024-02-18 07:00:00,9.9,0,1352.2
2024-02-18 08:00:00,9.8,0,1480.2
2024-02-18 09:00:00,8.3,0,1691.2
2024-02-18 10:00:00,10.4,0,1432.0
2024-02-18 11:00:00,4.7,0,2109.5
2024-02-18 12:00:00,10.2,0,1331.2
2024-02-18 13:00:00,12.5,0,1074.8
2024-02-18 14:00:00,9.0,0,1356.4
2024-02-18 15:00:00,4.7,0,2030.2
2024-02-18 16:00:00,5.0,0,2011.1
2024-02-18 17:00:00,4.6,0,2185.6
2024-02-18 18:00:00,6.2,0,1943.8
2024-02-18 19:00:00,-0.6,0,3209.4
2024-02-18 20:00:00,1.8,0,2725.9
2024-02-18 21:00:00,-0.2,0,3051.7
2024-02-18 22:00:00,2.6,0,2359.4
2024-02-18 23:00:00,0.8,0,2755.2
2024-02-19 00:00:00,2.7,0,2165.0
2024-02-19 01:00:00,-1.2,0,2834.8
2024-02-19 02:00:00,1.3,0,2368.1
2024-02-19 03:00:00,3.0,0,2139.5
2024-02-19 04:00:00,1.7,0,2288.5
2024-02-19 05:00:00,5.8,0,1711.2
2024-02-19 06:00:00,2.8,0,2253.5
2024-02-19 07:00:00,6.5,0,1761.4
2024-02-19 08:00:00,4.6,0,2041.6
2024-02-19 09:00:00,6.7,0,1798.5
2024-02-19 10:00:00,10.1,0,1432.3
2024-02-19 11:00:00,13.1,0,1227.8
2024-02-19 12:00:00,8.1,0,1583.1
2024-02-19 13:00:00,8.9,0,1381.1
2024-02-19 14:00:00,7.3,0,1630.9
2024-02-19 15:00:00,7.3,0,1676.7
2024-02-19 16:00:00,7.3,0,1743.9
2024-02-19 17:00:00,8.8,0,1575.7
2024-02-19 18:00:00,5.7,0,1987.6
2024-02-19 19:00:00,3.5,0,2427.9
2024-02-19 20:00:00,3.0,0,2466.7
2024-02-19 21:00:00,3.3,0,2364.5
2024-02-19 22:00:00,1.5,0,2657.5
2024-02-19 23:00:00,-0.9,0,3052.0
2024-02-20 00:00:00,-1.5,0,2894.7
2024-02-20 01:00:00,0.4,0,2456.6
2024-02-20 02:00:00,2.9,0,1920.7
2024-02-20 03:00:00,3.2,0,1920.4
2024-02-20 04:00:00,3.2,0,1886.1
2024-02-20 05:00:00,3.7,0,1970.6
2024-02-20 06:00:00,5.2,0,1734.9
2024-02-20 07:00:00,6.3,0,1682.8
2024-02-20 08:00:00,5.0,0,1892.3
2024-02-20 09:00:00,9.6,0,1354.5
2024-02-20 10:00:00,12.7,0,1085.9
2024-02-20 11:00:00,9.1,0,1273.0
2024-02-20 12:00:00,9.0,0,1336.2
2024-02-20 13:00:00,10.3,0,1151.7
2024-02-20 14:00:00,9.2,0,1248.6
2024-02-20 15:00:00,10.0,0,1199.1
2024-02-20 16:00:00,11.2,0,1128.6
2024-02-20 17:00:00,7.6,0,1546.1
2024-02-20 18:00:00,2.2,0,2406.8
2024-02-20 19:00:00,6.8,0,1671.2
2024-02-20 20:00:00,3.2,0,2196.1
2024-02-20 21:00:00,2.8,0,2255.3
2024-02-20 22:00:00,0.3,0,2777.4
2024-02-20 23:00:00,-0.4,0,2784.0
2024-02-21 00:00:00,3.3,0,2041.2
2024-02-21 01:00:00,0.9,0,2341.4
2024-02-21 02:00:00,0.9,0,2308.4
2024-02-21 03:00:00,-0.5,0,2527.0
2024-02-21 04:00:00,3.7,0,1831.8
2024-02-21 05:00:00,1.5,0,2266.6
2024-02-21 06:00:00,5.2,0,1725.9
2024-02-21 07:00:00,7.8,0,1490.9
2024-02-21 08:00:00,9.3,0,1414.5
2024-02-21 09:00:00,6.8,0,1655.1
2024-02-21 10:00:00,10.8,0,1241.0
2024-02-21 11:00:00,10.2,0,1205.5
2024-02-21 12:00:00,9.7,0,1250.7
2024-02-21 13:00:00,10.6,0,1141.7
2024-02-21 14:00:00,5.9,0,1640.9
2024-02-21 15:00:00,8.1,0,1403.8
2024-02-21 16:00:00,12.3,0,1160.4
2024-02-21 17:00:00,8.0,0,1536.4
2024-02-21 18:00:00,8.1,0,1531.1
2024-02-21 19:00:00,3.6,0,2216.1
2024-02-21 20:00:00,2.9,0,2332.0
2024-02-21 21:00:00,0.3,0,2739.5
2024-02-21 22:00:00,4.2,0,2000.5
2024-02-21 23:00:00,3.4,0,2129.6
2024-02-22 00:00:00,0.5,0,2643.4
2024-02-22 01:00:00,0.3,0,2586.9
2024-02-22 02:00:00,3.3,0,1987.5
2024-02-22 03:00:00,4.7,0,1740.8
2024-02-22 04:00:00,2.0,0,2326.5
2024-02-22 05:00:00,0.8,0,2484.5
2024-02-22 06:00:00,6.5,0,1633.5
2024-02-22 07:00:00,5.7,0,1827.2
2024-02-22 08:00:00,7.4,0,1701.6
2024-02-22 09:00:00,12.5,0,1244.4
2024-02-22 10:00:00,8.0,0,1614.9
2024-02-22 11:00:00,9.9,0,1439.5
2024-02-22 12:00:00,10.0,0,1409.6
2024-02-22 13:00:00,11.1,0,1230.5
2024-02-22 14:00:00,12.4,0,1102.1
2024-02-22 15:00:00,10.4,0,1307.5
2024-02-22 16:00:00,9.8,0,1399.0
2024-02-22 17:00:00,6.3,0,1891.9
2024-02-22 18:00:00,7.4,0,1755.0
2024-02-22 19:00:00,5.1,0,2200.5
2024-02-22 20:00:00,6.8,0,1903.8
2024-02-22 21:00:00,0.5,0,2841.9
2024-02-22 22:00:00,5.1,0,2031.1
2024-02-22 23:00:00,-0.7,0,2932.7
2024-02-23 00:00:00,-0.4,0,2687.1
2024-02-23 01:00:00,-1.1,0,2976.5
2024-02-23 02:00:00,3.0,0,2059.8
2024-02-23 03:00:00,3.1,0,2055.8
2024-02-23 04:00:00,4.8,0,1857.0
2024-02-23 05:00:00,6.0,0,1634.5
2024-02-23 06:00:00,8.5,0,1479.9
2024-02-23 07:00:00,8.3,0,1535.4
2024-02-23 08:00:00,10.1,0,1433.4
2024-02-23 09:00:00,7.8,0,1646.4
2024-02-23 10:00:00,9.4,0,1597.7
2024-02-23 11:00:00,8.1,0,1597.4
2024-02-23 12:00:00,13.9,0,1028.9
2024-02-23 13:00:00,12.7,0,1032.7
2024-02-23 14:00:00,12.2,0,1179.2
2024-02-23 15:00:00,4.4,0,2055.2
2024-02-23 16:00:00,10.9,0,1286.9
2024-02-23 17:00:00,6.2,0,1878.4
2024-02-23 18:00:00,6.6,0,1871.2
2024-02-23 19:00:00,7.8,0,1708.6
2024-02-23 20:00:00,2.8,0,2455.3
2024-02-23 21:00:00,4.9,0,2156.7
2024-02-23 22:00:00,-0.5,0,2987.0
2024-02-23 23:00:00,2.7,0,2435.5
2024-02-24 00:00:00,4.0,0,1908.0
2024-02-24 01:00:00,0.6,0,2524.0
2024-02-24 02:00:00,3.3,0,2015.3
2024-02-24 03:00:00,2.8,0,2105.7
2024-02-24 04:00:00,3.8,0,1869.3
2024-02-24 05:00:00,3.8,0,2074.5
2024-02-24 06:00:00,10.6,0,1226.3
2024-02-24 07:00:00,9.7,0,1422.4
2024-02-24 08:00:00,10.4,0,1379.5
2024-02-24 09:00:00,6.1,0,1835.9
2024-02-24 10:00:00,5.2,0,2021.9
2024-02-24 11:00:00,9.1,0,1452.7
2024-02-24 12:00:00,10.6,0,1275.1
2024-02-24 13:00:00,11.5,0,1213.0
2024-02-24 14:00:00,12.6,0,1037.1
2024-02-24 15:00:00,6.7,0,1798.0
2024-02-24 16:00:00,9.2,0,1335.8
2024-02-24 17:00:00,7.4,0,1676.5
2024-02-24 18:00:00,7.8,0,1641.4
2024-02-24 19:00:00,4.8,0,2181.4
2024-02-24 20:00:00,5.6,0,2025.6
2024-02-24 21:00:00,-2.1,0,3416.9
2024-02-24 22:00:00,1.6,0,2659.9
2024-02-24 23:00:00,1.2,0,2672.0
2024-02-25 00:00:00,2.1,0,2393.5
2024-02-25 01:00:00,1.6,0,2345.9
2024-02-25 02:00:00,1.5,0,2285.1
2024-02-25 03:00:00,0.7,0,2543.4
2024-02-25 04:00:00,3.4,0,2009.0
2024-02-25 05:00:00,4.3,0,1896.1
2024-02-25 06:00:00,9.0,0,1359.4
2024-02-25 07:00:00,6.6,0,1730.1
2024-02-25 08:00:00,8.8,0,1681.3
2024-02-25 09:00:00,8.4,0,1547.6
2024-02-25 10:00:00,11.6,0,1348.3
2024-02-25 11:00:00,11.9,0,1241.6
2024-02-25 12:00:00,7.5,0,1577.2
2024-02-25 13:00:00,7.4,0,1633.5
2024-02-25 14:00:00,11.9,0,1167.9
2024-02-25 15:00:00,9.4,0,1375.2
2024-02-25 16:00:00,9.0,0,1586.6
2024-02-25 17:00:00,6.2,0,1919.8
2024-02-25 18:00:00,5.6,0,2011.0
2024-02-25 19:00:00,7.3,0,1854.5
2024-02-25 20:00:00,4.2,0,2215.5
2024-02-25 21:00:00,2.2,0,2540.9
2024-02-25 22:00:00,0.5,0,2835.0
2024-02-25 23:00:00,3.1,0,2367.9
2024-02-26 00:00:00,2.2,0,2288.4
2024-02-26 01:00:00,2.6,0,2171.9
2024-02-26 02:00:00,0.5,0,2504.5
2024-02-26 03:00:00,1.8,0,2228.7
2024-02-26 04:00:00,8.1,0,1334.7
2024-02-26 05:00:00,6.9,0,1623.1
2024-02-26 06:00:00,9.1,0,1368.0
2024-02-26 07:00:00,5.4,0,1844.1
2024-02-26 08:00:00,8.0,0,1622.1
2024-02-26 09:00:00,9.8,0,1495.3
2024-02-26 10:00:00,10.6,0,1341.2
2024-02-26 11:00:00,7.5,0,1691.5
2024-02-26 12:00:00,11.6,0,1237.7
2024-02-26 13:00:00,10.5,0,1302.7
2024-02-26 14:00:00,9.7,0,1335.9
2024-02-26 15:00:00,11.9,0,1161.4
2024-02-26 16:00:00,9.2,0,1488.4
2024-02-26 17:00:00,9.7,0,1397.7
2024-02-26 18:00:00,8.1,0,1747.6
2024-02-26 19:00:00,6.1,0,2001.2
2024-02-26 20:00:00,2.6,0,2503.2
2024-02-26 21:00:00,4.0,0,2220.0
2024-02-26 22:00:00,2.4,0,2487.5
2024-02-26 23:00:00,6.5,0,1772.5
2024-02-27 00:00:00,2.8,0,2057.8
2024-02-27 01:00:00,1.7,0,2248.0
2024-02-27 02:00:00,2.7,0,1980.9
2024-02-27 03:00:00,2.3,0,1953.7
2024-02-27 04:00:00,6.0,0,1440.9
2024-02-27 05:00:00,4.0,0,1818.2
2024-02-27 06:00:00,3.5,0,1986.7
2024-02-27 07:00:00,8.2,0,1463.0
2024-02-27 08:00:00,15.2,0,879.4
2024-02-27 09:00:00,12.9,0,1031.0
2024-02-27 10:00:00,11.7,0,1150.3
2024-02-27 11:00:00,11.3,0,1143.8
2024-02-27 12:00:00,14.9,0,834.1
2024-02-27 13:00:00,11.9,0,983.5
2024-02-27 14:00:00,12.0,0,1064.0
2024-02-27 15:00:00,11.5,0,1066.1
2024-02-27 16:00:00,9.1,0,1308.2
2024-02-27 17:00:00,7.7,0,1591.5
2024-02-27 18:00:00,9.2,0,1366.1
2024-02-27 19:00:00,5.8,0,1989.9
2024-02-27 20:00:00,3.6,0,2133.0
2024-02-27 21:00:00,4.7,0,1920.5
2024-02-27 22:00:00,3.7,0,2014.5
2024-02-27 23:00:00,3.3,0,2078.6
2024-02-28 00:00:00,0.9,0,2362.0
2024-02-28 01:00:00,1.9,0,2164.0
2024-02-28 02:00:00,7.2,0,1324.9
2024-02-28 03:00:00,5.3,0,1616.8
2024-02-28 04:00:00,5.1,0,1505.9
2024-02-28 05:00:00,9.0,0,1134.6
2024-02-28 06:00:00,3.5,0,2027.4
2024-02-28 07:00:00,8.5,0,1358.5
2024-02-28 08:00:00,9.6,0,1315.1
2024-02-28 09:00:00,10.9,0,1258.1
2024-02-28 10:00:00,12.3,0,1066.7
2024-02-28 11:00:00,12.6,0,978.7
2024-02-28 12:00:00,13.2,0,957.6
2024-02-28 13:00:00,11.3,0,1127.6
2024-02-28 14:00:00,12.6,0,998.5
2024-02-28 15:00:00,11.4,0,998.0
2024-02-28 16:00:00,8.9,0,1373.6
2024-02-28 17:00:00,10.2,0,1293.4
2024-02-28 18:00:00,8.4,0,1456.7
2024-02-28 19:00:00,4.8,0,2006.1
2024-02-28 20:00:00,1.9,0,2532.4
2024-02-28 21:00:00,5.8,0,1757.8
2024-02-28 22:00:00,-2.2,0,3083.0
2024-02-28 23:00:00,5.5,0,1716.6
2024-02-29 00:00:00,3.2,0,2062.0
2024-02-29 01:00:00,5.5,0,1708.1
2024-02-29 02:00:00,3.4,0,1922.2
2024-02-29 03:00:00,3.5,0,2025.0
2024-02-29 04:00:00,1.8,0,2291.1
2024-02-29 05:00:00,5.9,0,1660.4
2024-02-29 06:00:00,6.1,0,1701.4
2024-02-29 07:00:00,9.5,0,1421.7
2024-02-29 08:00:00,7.3,0,1732.3
2024-02-29 09:00:00,14.7,0,1023.9
2024-02-29 10:00:00,14.5,0,1111.8
2024-02-29 11:00:00,8.8,0,1475.8
2024-02-29 12:00:00,13.4,0,1027.9
2024-02-29 13:00:00,12.9,0,1079.9
2024-02-29 14:00:00,11.8,0,1187.9
2024-02-29 15:00:00,8.4,0,1554.6
2024-02-29 16:00:00,9.6,0,1507.3
2024-02-29 17:00:00,7.7,0,1723.7
2024-02-29 18:00:00,7.5,0,1784.6
2024-02-29 19:00:00,0.2,0,2965.3
2024-02-29 20:00:00,6.0,0,1954.7
2024-02-29 21:00:00,2.3,0,2449.2
2024-02-29 22:00:00,2.1,0,2476.6
2024-02-29 23:00:00,-0.6,0,2941.1
2024-03-01 00:00:00,1.5,0,2376.7
2024-03-01 01:00:00,2.9,0,2154.4
2024-03-01 02:00:00,5.3,0,1687.8
2024-03-01 03:00:00,2.0,0,2240.2
2024-03-01 04:00:00,6.9,0,1518.2
2024-03-01 05:00:00,6.2,0,1602.4
2024-03-01 06:00:00,4.7,0,1925.8
2024-03-01 07:00:00,8.5,0,1491.8
2024-03-01 08:00:00,8.7,0,1550.4
2024-03-01 09:00:00,14.7,0,1088.2
2024-03-01 10:00:00,11.8,0,1159.1
2024-03-01 11:00:00,12.5,0,1112.5
2024-03-01 12:00:00,15.2,0,933.8
2024-03-01 13:00:00,13.6,0,992.9
2024-03-01 14:00:00,12.8,0,1025.7
2024-03-01 15:00:00,11.6,0,1279.4
2024-03-01 16:00:00,9.3,0,1350.4
2024-03-01 17:00:00,10.2,0,1450.8
2024-03-01 18:00:00,6.5,0,1901.1
2024-03-01 19:00:00,7.4,0,1695.5
2024-03-01 20:00:00,8.2,0,1721.7
2024-03-01 21:00:00,3.4,0,2286.7
2024-03-01 22:00:00,6.0,0,1818.5
2024-03-01 23:00:00,2.1,0,2462.7
2024-03-02 00:00:00,2.6,0,2201.7
2024-03-02 01:00:00,1.9,0,2223.6
2024-03-02 02:00:00,4.3,0,1857.3
2024-03-02 03:00:00,2.7,0,2045.1
2024-03-02 04:00:00,3.0,0,2101.1
2024-03-02 05:00:00,6.0,0,1625.3
2024-03-02 06:00:00,6.9,0,1673.1
2024-03-02 07:00:00,9.8,0,1451.7
2024-03-02 08:00:00,12.2,0,1161.5
2024-03-02 09:00:00,8.3,0,1625.4
2024-03-02 10:00:00,8.0,0,1607.3
2024-03-02 11:00:00,11.0,0,1286.4
2024-03-02 12:00:00,12.8,0,1063.7
2024-03-02 13:00:00,11.5,0,1160.5
2024-03-02 14:00:00,13.0,0,1049.1
2024-03-02 15:00:00,13.8,0,1078.4
2024-03-02 16:00:00,10.3,0,1320.6
2024-03-02 17:00:00,5.8,0,1968.7
2024-03-02 18:00:00,6.7,0,1810.3
2024-03-02 19:00:00,8.3,0,1677.9
2024-03-02 20:00:00,5.9,0,1932.7
2024-03-02 21:00:00,3.2,0,2369.0
2024-03-02 22:00:00,1.1,0,2695.2
2024-03-02 23:00:00,4.2,0,1987.4
2024-03-03 00:00:00,2.0,0,2236.7
2024-03-03 01:00:00,2.9,0,2099.0
2024-03-03 02:00:00,4.4,0,1835.3
2024-03-03 03:00:00,5.3,0,1606.2
2024-03-03 04:00:00,4.4,0,1815.0
2024-03-03 05:00:00,5.3,0,1793.3
2024-03-03 06:00:00,7.0,0,1510.5
2024-03-03 07:00:00,11.9,0,1087.2
2024-03-03 08:00:00,12.5,0,1251.3
2024-03-03 09:00:00,12.4,0,1234.7
2024-03-03 10:00:00,14.6,0,1039.5
2024-03-03 11:00:00,11.0,0,1273.8
2024-03-03 12:00:00,14.2,0,881.5
2024-03-03 13:00:00,13.5,0,1069.1
2024-03-03 14:00:00,13.3,0,1009.5
2024-03-03 15:00:00,10.6,0,1282.8
2024-03-03 16:00:00,11.0,0,1300.5
2024-03-03 17:00:00,9.6,0,1402.1
2024-03-03 18:00:00,3.7,0,2228.9
2024-03-03 19:00:00,5.1,0,2086.7
2024-03-03 20:00:00,3.5,0,2334.1
2024-03-03 21:00:00,7.5,0,1703.6
2024-03-03 22:00:00,5.3,0,2006.2
2024-03-03 23:00:00,3.8,0,2053.5
2024-03-04 00:00:00,0.0,0,2761.5
2024-03-04 01:00:00,2.8,0,2045.6
2024-03-04 02:00:00,6.0,0,1542.8
2024-03-04 03:00:00,4.4,0,1745.9
2024-03-04 04:00:00,4.3,0,1805.9
2024-03-04 05:00:00,2.9,0,2135.2
2024-03-04 06:00:00,7.3,0,1544.4
2024-03-04 07:00:00,11.4,0,1279.3
2024-03-04 08:00:00,11.8,0,1306.5
2024-03-04 09:00:00,7.6,0,1635.2
2024-03-04 10:00:00,13.6,0,1148.0
2024-03-04 11:00:00,10.5,0,1366.4
2024-03-04 12:00:00,15.8,0,977.3
2024-03-04 13:00:00,11.9,0,1059.4
2024-03-04 14:00:00,14.1,0,940.2
2024-03-04 15:00:00,11.7,0,1238.2
2024-03-04 16:00:00,9.8,0,1353.9
2024-03-04 17:00:00,8.6,0,1522.4
2024-03-04 18:00:00,13.9,0,1140.1
2024-03-04 19:00:00,3.1,0,2334.9
2024-03-04 20:00:00,5.4,0,2048.7
2024-03-04 21:00:00,4.1,0,2133.9
2024-03-04 22:00:00,2.0,0,2490.3
2024-03-04 23:00:00,4.6,0,2010.9
2024-03-05 00:00:00,6.0,0,1556.8
2024-03-05 01:00:00,6.3,0,1457.3
2024-03-05 02:00:00,-1.0,0,2622.4
2024-03-05 03:00:00,5.0,0,1602.6
2024-03-05 04:00:00,4.4,0,1643.4
2024-03-05 05:00:00,4.4,0,1725.7
2024-03-05 06:00:00,7.5,0,1340.9
2024-03-05 07:00:00,9.1,0,1235.3
2024-03-05 08:00:00,12.7,0,1092.1
2024-03-05 09:00:00,13.1,0,985.9
2024-03-05 10:00:00,11.0,0,1121.5
2024-03-05 11:00:00,13.2,0,1020.7
2024-03-05 12:00:00,16.5,0,690.8
2024-03-05 13:00:00,10.2,0,1127.2
2024-03-05 14:00:00,11.9,0,981.3
2024-03-05 15:00:00,15.0,0,828.2
2024-03-05 16:00:00,8.8,0,1382.4
2024-03-05 17:00:00,8.5,0,1523.4
2024-03-05 18:00:00,5.2,0,1877.9
2024-03-05 19:00:00,7.6,0,1655.4
2024-03-05 20:00:00,4.0,0,2121.9
2024-03-05 21:00:00,5.4,0,1855.2
2024-03-05 22:00:00,1.5,0,2432.2
2024-03-05 23:00:00,5.2,0,1698.7
2024-03-06 00:00:00,7.2,0,1313.6
2024-03-06 01:00:00,3.4,0,1852.4
2024-03-06 02:00:00,2.1,0,2061.6
2024-03-06 03:00:00,1.6,0,2098.4
2024-03-06 04:00:00,7.3,0,1207.0
2024-03-06 05:00:00,10.7,0,927.8
2024-03-06 06:00:00,7.3,0,1385.4
2024-03-06 07:00:00,10.2,0,1113.5
2024-03-06 08:00:00,11.1,0,1159.3
2024-03-06 09:00:00,10.4,0,1276.5
2024-03-06 10:00:00,10.4,0,1243.0
2024-03-06 11:00:00,9.7,0,1157.0
2024-03-06 12:00:00,12.3,0,973.2
2024-03-06 13:00:00,14.3,0,703.6
2024-03-06 14:00:00,18.2,0,657.9
2024-03-06 15:00:00,15.4,0,785.1
2024-03-06 16:00:00,12.0,0,1049.7
2024-03-06 17:00:00,10.9,0,1154.5
2024-03-06 18:00:00,10.3,0,1295.9
2024-03-06 19:00:00,4.0,0,2114.2
2024-03-06 20:00:00,2.9,0,2300.4
2024-03-06 21:00:00,9.1,0,1347.0
2024-03-06 22:00:00,5.4,0,1761.6
2024-03-06 23:00:00,3.8,0,1983.7
2024-03-07 00:00:00,1.4,0,2475.3
2024-03-07 01:00:00,7.4,0,1387.0
2024-03-07 02:00:00,-0.4,0,2731.4
2024-03-07 03:00:00,3.2,0,2086.0
2024-03-07 04:00:00,5.4,0,1749.3
2024-03-07 05:00:00,5.6,0,1685.7
2024-03-07 06:00:00,5.8,0,1746.7
2024-03-07 07:00:00,10.9,0,1271.9
2024-03-07 08:00:00,9.2,0,1422.4
2024-03-07 09:00:00,11.7,0,1282.6
2024-03-07 10:00:00,13.0,0,1101.6
2024-03-07 11:00:00,14.7,0,1002.7
2024-03-07 12:00:00,14.8,0,821.8
2024-03-07 13:00:00,15.1,0,887.9
2024-03-07 14:00:00,16.3,0,893.4
2024-03-07 15:00:00,16.1,0,882.2
2024-03-07 16:00:00,13.8,0,1038.0
2024-03-07 17:00:00,8.1,0,1568.6
2024-03-07 18:00:00,10.0,0,1405.4
2024-03-07 19:00:00,9.7,0,1566.2
2024-03-07 20:00:00,6.1,0,1989.4
2024-03-07 21:00:00,3.1,0,2414.5
2024-03-07 22:00:00,8.8,0,1420.7
2024-03-07 23:00:00,3.4,0,2237.3
2024-03-08 00:00:00,6.1,0,1627.9
2024-03-08 01:00:00,0.1,0,2542.5
2024-03-08 02:00:00,5.2,0,1574.1
2024-03-08 03:00:00,2.5,0,2086.9
2024-03-08 04:00:00,6.9,0,1476.2
2024-03-08 05:00:00,8.8,0,1285.8
2024-03-08 06:00:00,6.1,0,1665.9
2024-03-08 07:00:00,12.1,0,1111.1
2024-03-08 08:00:00,10.4,0,1274.2
2024-03-08 09:00:00,14.3,0,1013.7
2024-03-08 10:00:00,9.9,0,1380.3
2024-03-08 11:00:00,11.7,0,1236.0
2024-03-08 12:00:00,13.4,0,1018.0
2024-03-08 13:00:00,13.9,0,948.9
2024-03-08 14:00:00,11.4,0,1162.1
2024-03-08 15:00:00,8.0,0,1519.2
2024-03-08 16:00:00,11.5,0,1306.6
2024-03-08 17:00:00,10.5,0,1372.7
2024-03-08 18:00:00,14.1,0,1048.0
2024-03-08 19:00:00,8.5,0,1538.4
2024-03-08 20:00:00,11.9,0,1321.6
2024-03-08 21:00:00,4.7,0,2080.7
2024-03-08 22:00:00,4.0,0,2179.1
2024-03-08 23:00:00,2.8,0,2318.8
2024-03-09 00:00:00,3.1,0,2021.0
2024-03-09 01:00:00,0.7,0,2414.6
2024-03-09 02:00:00,3.3,0,1966.9
2024-03-09 03:00:00,7.5,0,1294.9
2024-03-09 04:00:00,6.5,0,1532.6
2024-03-09 05:00:00,4.7,0,1824.4
2024-03-09 06:00:00,9.8,0,1197.1
2024-03-09 07:00:00,9.5,0,1410.7
2024-03-09 08:00:00,13.1,0,1069.3
2024-03-09 09:00:00,14.7,0,1023.9
2024-03-09 10:00:00,9.5,0,1455.6
2024-03-09 11:00:00,16.8,0,971.1
2024-03-09 12:00:00,16.6,0,991.2
2024-03-09 13:00:00,14.8,0,805.5
2024-03-09 14:00:00,14.6,0,983.0
2024-03-09 15:00:00,11.9,0,1165.5
2024-03-09 16:00:00,11.8,0,1159.3
2024-03-09 17:00:00,10.3,0,1397.9
2024-03-09 18:00:00,7.3,0,1767.4
2024-03-09 19:00:00,8.2,0,1693.0
2024-03-09 20:00:00,9.0,0,1548.1
2024-03-09 21:00:00,5.3,0,1977.5
2024-03-09 22:00:00,3.4,0,2284.3
2024-03-09 23:00:00,5.5,0,1890.8
2024-03-10 00:00:00,4.3,0,1964.7
2024-03-10 01:00:00,1.8,0,2238.0
2024-03-10 02:00:00,9.0,0,1211.3
2024-03-10 03:00:00,5.0,0,1772.0
2024-03-10 04:00:00,4.7,0,1740.4
2024-03-10 05:00:00,10.4,0,1137.5
2024-03-10 06:00:00,11.7,0,1084.1
2024-03-10 07:00:00,13.0,0,1076.1
2024-03-10 08:00:00,10.5,0,1261.3
2024-03-10 09:00:00,12.9,0,1139.2
2024-03-10 10:00:00,12.2,0,1189.5
2024-03-10 11:00:00,14.7,0,953.6
2024-03-10 12:00:00,14.7,0,974.1
2024-03-10 13:00:00,15.1,0,919.6
2024-03-10 14:00:00,14.2,0,1013.2
2024-03-10 15:00:00,12.5,0,1106.1
2024-03-10 16:00:00,11.1,0,1232.7
2024-03-10 17:00:00,8.5,0,1596.0
2024-03-10 18:00:00,7.2,0,1805.2
2024-03-10 19:00:00,9.7,0,1458.2
2024-03-10 20:00:00,8.4,0,1620.2
2024-03-10 21:00:00,5.8,0,1940.0
2024-03-10 22:00:00,8.4,0,1545.7
2024-03-10 23:00:00,4.2,0,2052.8
2024-03-11 00:00:00,6.8,0,1475.9
2024-03-11 01:00:00,4.9,0,1726.7
2024-03-11 02:00:00,5.7,0,1640.1
2024-03-11 03:00:00,5.0,0,1676.6
2024-03-11 04:00:00,8.9,0,1177.2
2024-03-11 05:00:00,6.5,0,1543.0
2024-03-11 06:00:00,10.7,0,1154.5
2024-03-11 07:00:00,14.3,0,997.0
2024-03-11 08:00:00,9.8,0,1481.8
2024-03-11 09:00:00,16.4,0,1124.0
2024-03-11 10:00:00,12.8,0,1177.6
2024-03-11 11:00:00,17.0,0,858.3
2024-03-11 12:00:00,16.3,0,910.4
2024-03-11 13:00:00,14.5,0,940.8
2024-03-11 14:00:00,12.6,0,1045.2
2024-03-11 15:00:00,13.1,0,1059.5
2024-03-11 16:00:00,12.6,0,1156.6
2024-03-11 17:00:00,8.0,0,1614.3
2024-03-11 18:00:00,11.5,0,1327.5
2024-03-11 19:00:00,10.2,0,1424.7
2024-03-11 20:00:00,7.8,0,1706.6
2024-03-11 21:00:00,10.2,0,1368.6
2024-03-11 22:00:00,5.1,0,2017.9
2024-03-11 23:00:00,3.7,0,2188.7
2024-03-12 00:00:00,2.7,0,1958.0
2024-03-12 01:00:00,3.9,0,1788.5
2024-03-12 02:00:00,3.9,0,1729.5
2024-03-12 03:00:00,4.4,0,1639.7
2024-03-12 04:00:00,5.7,0,1494.0
2024-03-12 05:00:00,10.2,0,1012.7
2024-03-12 06:00:00,10.5,0,1020.8
2024-03-12 07:00:00,8.4,0,1266.8
2024-03-12 08:00:00,11.1,0,1166.4
2024-03-12 09:00:00,14.4,0,868.5
2024-03-12 10:00:00,15.6,0,864.8
2024-03-12 11:00:00,15.8,0,790.4
2024-03-12 12:00:00,11.5,0,1054.5
2024-03-12 13:00:00,12.1,0,867.0
2024-03-12 14:00:00,13.4,0,814.8
2024-03-12 15:00:00,10.7,0,1140.4
2024-03-12 16:00:00,12.8,0,985.1
2024-03-12 17:00:00,14.0,0,907.4
2024-03-12 18:00:00,11.8,0,1052.0
2024-03-12 19:00:00,7.6,0,1591.0
2024-03-12 20:00:00,8.0,0,1429.1
2024-03-12 21:00:00,4.7,0,1891.7
2024-03-12 22:00:00,5.9,0,1707.8
2024-03-12 23:00:00,8.5,0,1367.8
2024-03-13 00:00:00,6.3,0,1438.1
2024-03-13 01:00:00,2.1,0,2006.9
2024-03-13 02:00:00,8.4,0,1077.5
2024-03-13 03:00:00,5.6,0,1461.4
2024-03-13 04:00:00,5.6,0,1478.4
2024-03-13 05:00:00,6.8,0,1380.5
2024-03-13 06:00:00,9.9,0,1051.1
2024-03-13 07:00:00,12.6,0,1008.3
2024-03-13 08:00:00,7.4,0,1544.4
2024-03-13 09:00:00,13.4,0,1000.4
2024-03-13 10:00:00,16.4,0,714.7
2024-03-13 11:00:00,16.7,0,793.1
2024-03-13 12:00:00,15.4,0,674.9
2024-03-13 13:00:00,17.1,0,646.7
2024-03-13 14:00:00,12.8,0,879.5
2024-03-13 15:00:00,15.9,0,796.2
2024-03-13 16:00:00,13.6,0,1011.7
2024-03-13 17:00:00,14.0,0,962.2
2024-03-13 18:00:00,9.1,0,1457.5
2024-03-13 19:00:00,11.0,0,1255.6
2024-03-13 20:00:00,7.5,0,1557.0
2024-03-13 21:00:00,4.7,0,1986.8
2024-03-13 22:00:00,9.2,0,1269.9
2024-03-13 23:00:00,4.9,0,1808.5
2024-03-14 00:00:00,6.6,0,1566.0
2024-03-14 01:00:00,8.4,0,1279.5
2024-03-14 02:00:00,7.6,0,1358.2
2024-03-14 03:00:00,7.0,0,1495.7
2024-03-14 04:00:00,8.2,0,1300.5
2024-03-14 05:00:00,10.1,0,1138.1
2024-03-14 06:00:00,11.7,0,1136.1
2024-03-14 07:00:00,14.2,0,1022.2
2024-03-14 08:00:00,10.2,0,1282.6
2024-03-14 09:00:00,14.0,0,1141.2
2024-03-14 10:00:00,16.1,0,940.5
2024-03-14 11:00:00,16.7,0,984.3
2024-03-14 12:00:00,16.6,0,832.9
2024-03-14 13:00:00,15.7,0,941.7
2024-03-14 14:00:00,16.9,0,847.2
2024-03-14 15:00:00,13.5,0,1037.7
2024-03-14 16:00:00,13.0,0,1137.2
2024-03-14 17:00:00,12.2,0,1212.2
2024-03-14 18:00:00,9.6,0,1594.1
2024-03-14 19:00:00,8.7,0,1584.7
2024-03-14 20:00:00,6.4,0,1865.8
2024-03-14 21:00:00,6.5,0,1732.8
2024-03-14 22:00:00,6.4,0,1855.6
2024-03-14 23:00:00,6.5,0,1749.2
2024-03-15 00:00:00,4.7,0,1766.2
2024-03-15 01:00:00,5.1,0,1689.8
2024-03-15 02:00:00,7.2,0,1331.6
2024-03-15 03:00:00,7.3,0,1375.1
2024-03-15 04:00:00,4.9,0,1702.4
2024-03-15 05:00:00,6.2,0,1646.4
2024-03-15 06:00:00,14.4,0,953.1
2024-03-15 07:00:00,12.6,0,1038.9
2024-03-15 08:00:00,15.3,0,1014.2
2024-03-15 09:00:00,14.9,0,1044.0
2024-03-15 10:00:00,17.8,0,953.2
2024-03-15 11:00:00,16.0,0,980.3
2024-03-15 12:00:00,18.0,0,861.6
2024-03-15 13:00:00,15.0,0,897.1
2024-03-15 14:00:00,16.5,0,820.8
2024-03-15 15:00:00,13.1,0,1051.8
2024-03-15 16:00:00,11.0,0,1306.1
2024-03-15 17:00:00,14.8,0,1001.7
2024-03-15 18:00:00,11.6,0,1330.9
2024-03-15 19:00:00,12.0,0,1289.6
2024-03-15 20:00:00,7.6,0,1784.5
2024-03-15 21:00:00,6.7,0,1820.9
2024-03-15 22:00:00,1.4,0,2646.7
2024-03-15 23:00:00,3.1,0,2220.0
2024-03-16 00:00:00,8.0,0,1372.2
2024-03-16 01:00:00,7.9,0,1309.7
2024-03-16 02:00:00,6.9,0,1404.4
2024-03-16 03:00:00,7.5,0,1420.9
2024-03-16 04:00:00,9.1,0,1198.4
2024-03-16 05:00:00,10.7,0,1027.4
2024-03-16 06:00:00,16.3,0,791.2
2024-03-16 07:00:00,14.2,0,1013.2
2024-03-16 08:00:00,14.5,0,1061.5
2024-03-16 09:00:00,15.3,0,956.2
2024-03-16 10:00:00,14.1,0,1031.3
2024-03-16 11:00:00,14.8,0,992.4
2024-03-16 12:00:00,12.6,0,1090.4
2024-03-16 13:00:00,15.8,0,869.4
2024-03-16 14:00:00,13.7,0,1038.2
2024-03-16 15:00:00,14.0,0,956.4
2024-03-16 16:00:00,14.0,0,993.4
2024-03-16 17:00:00,10.9,0,1301.4
2024-03-16 18:00:00,11.7,0,1239.6
2024-03-16 19:00:00,10.9,0,1387.6
2024-03-16 20:00:00,6.2,0,1866.9
2024-03-16 21:00:00,8.0,0,1636.0
2024-03-16 22:00:00,8.0,0,1569.1
2024-03-16 23:00:00,5.6,0,1855.2
2024-03-17 00:00:00,3.9,0,1921.1
2024-03-17 01:00:00,7.0,0,1480.6
2024-03-17 02:00:00,6.0,0,1579.8
2024-03-17 03:00:00,6.3,0,1457.8
2024-03-17 04:00:00,10.3,0,987.6
2024-03-17 05:00:00,8.1,0,1392.8
2024-03-17 06:00:00,13.7,0,980.4
2024-03-17 07:00:00,12.8,0,1029.4
2024-03-17 08:00:00,10.1,0,1375.4
2024-03-17 09:00:00,14.0,0,1140.2
2024-03-17 10:00:00,14.0,0,1144.9
2024-03-17 11:00:00,15.1,0,907.3
2024-03-17 12:00:00,16.7,0,824.4
2024-03-17 13:00:00,13.8,0,981.1
2024-03-17 14:00:00,15.2,0,871.8
2024-03-17 15:00:00,11.5,0,1151.6
2024-03-17 16:00:00,13.8,0,1096.2
2024-03-17 17:00:00,12.0,0,1237.4
2024-03-17 18:00:00,9.5,0,1437.3
2024-03-17 19:00:00,5.9,0,1949.7
2024-03-17 20:00:00,11.4,0,1266.6
2024-03-17 21:00:00,8.0,0,1495.0
2024-03-17 22:00:00,10.1,0,1336.1
2024-03-17 23:00:00,7.1,0,1626.8
2024-03-18 00:00:00,4.4,0,1831.1
2024-03-18 01:00:00,6.5,0,1584.8
2024-03-18 02:00:00,3.8,0,1839.5
2024-03-18 03:00:00,11.6,0,1002.0
2024-03-18 04:00:00,9.4,0,1155.1
2024-03-18 05:00:00,10.1,0,1108.2
2024-03-18 06:00:00,12.8,0,1027.5
2024-03-18 07:00:00,15.0,0,912.8
2024-03-18 08:00:00,10.0,0,1322.1
2024-03-18 09:00:00,13.2,0,1179.7
2024-03-18 10:00:00,17.6,0,957.5
2024-03-18 11:00:00,16.1,0,914.1
2024-03-18 12:00:00,16.9,0,930.1
2024-03-18 13:00:00,13.6,0,961.6
2024-03-18 14:00:00,16.0,0,819.2
2024-03-18 15:00:00,12.8,0,1019.7
2024-03-18 16:00:00,14.4,0,1008.5
2024-03-18 17:00:00,14.2,0,1088.4
2024-03-18 18:00:00,11.6,0,1270.4
2024-03-18 19:00:00,9.1,0,1502.2
2024-03-18 20:00:00,9.1,0,1548.8
2024-03-18 21:00:00,10.7,0,1384.1
2024-03-18 22:00:00,3.6,0,2153.0
2024-03-18 23:00:00,4.9,0,1874.3
2024-03-19 00:00:00,6.1,0,1564.6
2024-03-19 01:00:00,8.5,0,1223.6
2024-03-19 02:00:00,8.7,0,1051.0
2024-03-19 03:00:00,5.3,0,1463.6
2024-03-19 04:00:00,7.3,0,1271.1
2024-03-19 05:00:00,9.2,0,980.1
2024-03-19 06:00:00,11.0,0,921.3
2024-03-19 07:00:00,13.6,0,740.7
2024-03-19 08:00:00,16.7,0,772.7
2024-03-19 09:00:00,12.2,0,1079.8
2024-03-19 10:00:00,16.4,0,851.7
2024-03-19 11:00:00,14.7,0,838.3
2024-03-19 12:00:00,13.2,0,814.5
2024-03-19 13:00:00,15.8,0,716.4
2024-03-19 14:00:00,18.3,0,565.2
2024-03-19 15:00:00,14.6,0,892.5
2024-03-19 16:00:00,14.0,0,928.7
2024-03-19 17:00:00,15.3,0,877.6
2024-03-19 18:00:00,14.2,0,1006.6
2024-03-19 19:00:00,10.0,0,1272.6
2024-03-19 20:00:00,8.4,0,1529.3
2024-03-19 21:00:00,11.8,0,1150.7
2024-03-19 22:00:00,7.2,0,1545.3
2024-03-19 23:00:00,7.0,0,1567.1
2024-03-20 00:00:00,5.2,0,1602.8
2024-03-20 01:00:00,7.6,0,1279.6
2024-03-20 02:00:00,8.2,0,1116.4
2024-03-20 03:00:00,6.3,0,1344.7
2024-03-20 04:00:00,13.7,0,733.6
2024-03-20 05:00:00,12.9,0,714.4
2024-03-20 06:00:00,15.0,0,705.1
2024-03-20 07:00:00,10.3,0,1137.5
2024-03-20 08:00:00,13.6,0,847.0
2024-03-20 09:00:00,18.9,0,738.5
2024-03-20 10:00:00,14.6,0,868.0
2024-03-20 11:00:00,13.4,0,899.7
2024-03-20 12:00:00,16.2,0,780.1
2024-03-20 13:00:00,19.3,0,659.9
2024-03-20 14:00:00,14.1,0,811.7
2024-03-20 15:00:00,12.8,0,966.3
2024-03-20 16:00:00,13.0,0,922.3
2024-03-20 17:00:00,12.9,0,1059.7
2024-03-20 18:00:00,10.4,0,1240.8
2024-03-20 19:00:00,13.8,0,1047.1
2024-03-20 20:00:00,12.2,0,1059.1
2024-03-20 21:00:00,8.1,0,1449.9
2024-03-20 22:00:00,8.3,0,1403.8
2024-03-20 23:00:00,7.3,0,1490.6
2024-03-21 00:00:00,7.8,0,1408.9
2024-03-21 01:00:00,7.4,0,1433.0
2024-03-21 02:00:00,5.8,0,1629.7
2024-03-21 03:00:00,6.9,0,1369.1
2024-03-21 04:00:00,7.7,0,1295.4
2024-03-21 05:00:00,14.7,0,827.2
2024-03-21 06:00:00,9.5,0,1314.3
2024-03-21 07:00:00,10.4,0,1321.7
2024-03-21 08:00:00,15.2,0,1057.4
2024-03-21 09:00:00,19.4,0,949.3
2024-03-21 10:00:00,18.4,0,815.4
2024-03-21 11:00:00,13.3,0,1048.2
2024-03-21 12:00:00,19.2,0,777.4
2024-03-21 13:00:00,20.5,0,899.2
2024-03-21 14:00:00,13.6,0,1009.9
2024-03-21 15:00:00,15.9,0,875.0
2024-03-21 16:00:00,11.6,0,1125.6
2024-03-21 17:00:00,14.0,0,1049.8
2024-03-21 18:00:00,12.1,0,1245.2
2024-03-21 19:00:00,10.0,0,1424.6
2024-03-21 20:00:00,10.4,0,1468.1
2024-03-21 21:00:00,7.9,0,1607.5
2024-03-21 22:00:00,6.6,0,1776.4
2024-03-21 23:00:00,7.0,0,1656.5
2024-03-22 00:00:00,7.4,0,1453.5
2024-03-22 01:00:00,8.5,0,1202.8
2024-03-22 02:00:00,5.3,0,1659.1
2024-03-22 03:00:00,8.1,0,1164.5
2024-03-22 04:00:00,8.0,0,1308.7
2024-03-22 05:00:00,13.4,0,884.2
2024-03-22 06:00:00,12.7,0,995.6
2024-03-22 07:00:00,13.5,0,997.2
2024-03-22 08:00:00,13.0,0,1142.5
2024-03-22 09:00:00,16.1,0,953.8
2024-03-22 10:00:00,19.4,0,864.8
2024-03-22 11:00:00,17.1,0,966.4
2024-03-22 12:00:00,21.1,0,771.6
2024-03-22 13:00:00,17.4,0,809.5
2024-03-22 14:00:00,16.2,0,958.4
2024-03-22 15:00:00,16.2,0,1007.9
2024-03-22 16:00:00,15.5,0,978.8
2024-03-22 17:00:00,11.3,0,1250.4
2024-03-22 18:00:00,13.7,0,991.2
2024-03-22 19:00:00,12.8,0,1252.0
2024-03-22 20:00:00,10.7,0,1412.6
2024-03-22 21:00:00,6.4,0,1832.7
2024-03-22 22:00:00,8.8,0,1470.0
2024-03-22 23:00:00,7.0,0,1600.6
2024-03-23 00:00:00,6.2,0,1524.7
2024-03-23 01:00:00,8.3,0,1348.7
2024-03-23 02:00:00,10.5,0,1031.0
2024-03-23 03:00:00,5.9,0,1522.9
2024-03-23 04:00:00,8.3,0,1284.6
2024-03-23 05:00:00,10.7,0,1087.7
2024-03-23 06:00:00,12.1,0,1038.1
2024-03-23 07:00:00,16.8,0,766.2
2024-03-23 08:00:00,16.6,0,940.5
2024-03-23 09:00:00,17.2,0,975.7
2024-03-23 10:00:00,17.8,0,910.8
2024-03-23 11:00:00,18.4,0,812.6
2024-03-23 12:00:00,17.5,0,818.8
2024-03-23 13:00:00,22.5,0,780.6
2024-03-23 14:00:00,16.9,0,817.7
2024-03-23 15:00:00,16.3,0,922.2
2024-03-23 16:00:00,13.9,0,992.8
2024-03-23 17:00:00,14.9,0,1066.6
2024-03-23 18:00:00,16.0,0,1048.3
2024-03-23 19:00:00,10.1,0,1462.3
2024-03-23 20:00:00,11.9,0,1320.8
2024-03-23 21:00:00,8.6,0,1481.7
2024-03-23 22:00:00,7.0,0,1651.3
2024-03-23 23:00:00,4.3,0,2041.2
2024-03-24 00:00:00,12.2,0,1033.6
2024-03-24 01:00:00,8.1,0,1415.6
2024-03-24 02:00:00,12.1,0,993.9
2024-03-24 03:00:00,12.1,0,905.2
2024-03-24 04:00:00,13.0,0,744.5
2024-03-24 05:00:00,13.8,0,822.6
2024-03-24 06:00:00,14.8,0,948.9
2024-03-24 07:00:00,12.7,0,1034.4
2024-03-24 08:00:00,15.5,0,1070.3
2024-03-24 09:00:00,16.0,0,993.6
2024-03-24 10:00:00,17.5,0,984.3
2024-03-24 11:00:00,19.8,0,793.5
2024-03-24 12:00:00,20.8,0,691.6
2024-03-24 13:00:00,19.3,0,823.2
2024-03-24 14:00:00,14.3,0,959.7
2024-03-24 15:00:00,15.6,0,1003.7
2024-03-24 16:00:00,13.9,0,961.2
2024-03-24 17:00:00,12.7,0,1152.4
2024-03-24 18:00:00,8.2,0,1626.2
2024-03-24 19:00:00,12.3,0,1331.7
2024-03-24 20:00:00,11.9,0,1210.1
2024-03-24 21:00:00,9.5,0,1445.9
2024-03-24 22:00:00,12.4,0,1188.5
2024-03-24 23:00:00,7.2,0,1581.3
2024-03-25 00:00:00,8.6,0,1338.4
2024-03-25 01:00:00,8.7,0,1272.9
2024-03-25 02:00:00,8.9,0,1189.4
2024-03-25 03:00:00,10.7,0,992.6
2024-03-25 04:00:00,11.8,0,944.0
2024-03-25 05:00:00,12.2,0,919.6
2024-03-25 06:00:00,14.6,0,814.5
2024-03-25 07:00:00,17.9,0,842.3
2024-03-25 08:00:00,14.9,0,1019.2
2024-03-25 09:00:00,14.1,0,1116.6
2024-03-25 10:00:00,15.8,0,969.1
2024-03-25 11:00:00,18.1,0,848.8
2024-03-25 12:00:00,19.8,0,828.3
2024-03-25 13:00:00,16.9,0,870.8
2024-03-25 14:00:00,17.2,0,942.3
2024-03-25 15:00:00,15.4,0,850.3
2024-03-25 16:00:00,16.2,0,947.0
2024-03-25 17:00:00,12.0,0,1173.4
2024-03-25 18:00:00,15.2,0,981.1
2024-03-25 19:00:00,14.4,0,1105.5
2024-03-25 20:00:00,9.5,0,1584.1
2024-03-25 21:00:00,7.9,0,1532.6
2024-03-25 22:00:00,9.1,0,1448.8
2024-03-25 23:00:00,10.4,0,1286.6
2024-03-26 00:00:00,8.7,0,1120.2
2024-03-26 01:00:00,9.8,0,991.4
2024-03-26 02:00:00,8.0,0,1157.0
2024-03-26 03:00:00,11.2,0,821.6
2024-03-26 04:00:00,10.3,0,881.1
2024-03-26 05:00:00,10.6,0,925.0
2024-03-26 06:00:00,14.1,0,778.4
2024-03-26 07:00:00,16.2,0,733.6
2024-03-26 08:00:00,16.4,0,841.1
2024-03-26 09:00:00,17.6,0,824.8
2024-03-26 10:00:00,20.5,0,814.2
2024-03-26 11:00:00,17.4,0,723.0
2024-03-26 12:00:00,17.1,0,739.1
2024-03-26 13:00:00,17.7,0,703.2
2024-03-26 14:00:00,17.2,0,593.1
2024-03-26 15:00:00,18.2,0,574.8
2024-03-26 16:00:00,19.0,0,749.1
2024-03-26 17:00:00,13.5,0,939.0
2024-03-26 18:00:00,12.2,0,1043.1
2024-03-26 19:00:00,13.1,0,996.3
2024-03-26 20:00:00,10.9,0,1257.5
2024-03-26 21:00:00,8.1,0,1478.9
2024-03-26 22:00:00,10.0,0,1256.9
2024-03-26 23:00:00,8.2,0,1419.3
2024-03-27 00:00:00,7.0,0,1369.9
2024-03-27 01:00:00,6.8,0,1317.4
2024-03-27 02:00:00,6.8,0,1303.7
2024-03-27 03:00:00,14.2,0,638.3
2024-03-27 04:00:00,10.1,0,932.0
2024-03-27 05:00:00,11.7,0,810.0
2024-03-27 06:00:00,15.1,0,641.5
2024-03-27 07:00:00,16.4,0,722.7
2024-03-27 08:00:00,17.8,0,770.8
2024-03-27 09:00:00,19.1,0,801.2
2024-03-27 10:00:00,14.3,0,830.6
2024-03-27 11:00:00,19.4,0,629.1
2024-03-27 12:00:00,17.3,0,627.2
2024-03-27 13:00:00,18.0,0,669.6
2024-03-27 14:00:00,21.0,0,570.1
2024-03-27 15:00:00,18.3,0,751.2
2024-03-27 16:00:00,16.2,0,785.1
2024-03-27 17:00:00,17.6,0,684.0
2024-03-27 18:00:00,15.7,0,848.9
2024-03-27 19:00:00,13.0,0,1019.4
2024-03-27 20:00:00,11.5,0,1096.7
2024-03-27 21:00:00,12.2,0,1152.5
2024-03-27 22:00:00,10.5,0,1066.9
2024-03-27 23:00:00,9.8,0,1150.6
2024-03-28 00:00:00,7.1,0,1500.2
2024-03-28 01:00:00,12.1,0,905.3
2024-03-28 02:00:00,13.7,0,812.9
2024-03-28 03:00:00,11.4,0,944.8
2024-03-28 04:00:00,13.3,0,803.5
2024-03-28 05:00:00,13.1,0,836.1
2024-03-28 06:00:00,9.5,0,1252.7
2024-03-28 07:00:00,14.5,0,948.6
2024-03-28 08:00:00,19.7,0,788.7
2024-03-28 09:00:00,15.1,0,1051.3
2024-03-28 10:00:00,16.0,0,1061.8
2024-03-28 11:00:00,16.2,0,901.9
2024-03-28 12:00:00,19.1,0,791.3
2024-03-28 13:00:00,16.4,0,830.3
2024-03-28 14:00:00,21.8,0,804.1
2024-03-28 15:00:00,19.4,0,767.8
2024-03-28 16:00:00,16.5,0,909.8
2024-03-28 17:00:00,13.4,0,1098.3
2024-03-28 18:00:00,15.8,0,1100.6
2024-03-28 19:00:00,12.1,0,1317.0
2024-03-28 20:00:00,12.5,0,1138.1
2024-03-28 21:00:00,11.6,0,1265.4
2024-03-28 22:00:00,8.7,0,1454.6
2024-03-28 23:00:00,10.2,0,1387.5
2024-03-29 00:00:00,11.0,0,1049.7
2024-03-29 01:00:00,9.5,0,1151.6
2024-03-29 02:00:00,10.2,0,981.6
2024-03-29 03:00:00,12.8,0,835.8
2024-03-29 04:00:00,11.9,0,866.7
2024-03-29 05:00:00,14.4,0,770.4
2024-03-29 06:00:00,15.1,0,955.4
2024-03-29 07:00:00,15.4,0,884.9
2024-03-29 08:00:00,15.3,0,981.3
2024-03-29 09:00:00,18.6,0,814.7
2024-03-29 10:00:00,17.2,0,980.2
2024-03-29 11:00:00,19.8,0,791.9
2024-03-29 12:00:00,21.4,0,845.6
2024-03-29 13:00:00,20.7,0,794.5
2024-03-29 14:00:00,18.1,0,872.4
2024-03-29 15:00:00,21.1,0,790.2
2024-03-29 16:00:00,16.0,0,908.6
2024-03-29 17:00:00,18.1,0,1005.7
2024-03-29 18:00:00,15.7,0,1039.1
2024-03-29 19:00:00,8.5,0,1623.4
2024-03-29 20:00:00,14.1,0,1140.4
2024-03-29 21:00:00,12.7,0,1128.3
2024-03-29 22:00:00,11.1,0,1213.0
2024-03-29 23:00:00,7.7,0,1575.1
2024-03-30 00:00:00,10.2,0,1056.5
2024-03-30 01:00:00,10.2,0,1096.8
2024-03-30 02:00:00,9.6,0,979.2
2024-03-30 03:00:00,11.3,0,1005.6
2024-03-30 04:00:00,8.6,0,1186.4
2024-03-30 05:00:00,13.9,0,854.0
2024-03-30 06:00:00,17.5,0,703.4
2024-03-30 07:00:00,13.3,0,997.1
2024-03-30 08:00:00,18.9,0,899.2
2024-03-30 09:00:00,14.8,0,1037.5
2024-03-30 10:00:00,18.6,0,916.6
2024-03-30 11:00:00,16.4,0,795.0
2024-03-30 12:00:00,23.2,0,827.2
2024-03-30 13:00:00,21.3,0,738.1
2024-03-30 14:00:00,20.5,0,795.2
2024-03-30 15:00:00,18.2,0,858.7
2024-03-30 16:00:00,16.8,0,869.4
2024-03-30 17:00:00,17.1,0,1036.7
2024-03-30 18:00:00,14.9,0,1098.0
2024-03-30 19:00:00,12.1,0,1352.9
2024-03-30 20:00:00,14.2,0,1035.5
2024-03-30 21:00:00,9.7,0,1436.8
2024-03-30 22:00:00,13.1,0,1118.2
2024-03-30 23:00:00,12.4,0,1104.1
2024-03-31 00:00:00,9.7,0,1289.6
2024-03-31 01:00:00,11.8,0,832.3
2024-03-31 02:00:00,10.5,0,1013.6
2024-03-31 03:00:00,8.4,0,1236.2
2024-03-31 04:00:00,10.1,0,1134.6
2024-03-31 05:00:00,9.7,0,1308.6
2024-03-31 06:00:00,15.3,0,736.3
2024-03-31 07:00:00,12.4,0,992.6
2024-03-31 08:00:00,18.0,0,943.4
2024-03-31 09:00:00,15.5,0,1022.1
2024-03-31 10:00:00,18.2,0,885.1
2024-03-31 11:00:00,20.4,0,838.9
2024-03-31 12:00:00,20.3,0,851.8
2024-03-31 13:00:00,18.6,0,694.2
2024-03-31 14:00:00,17.7,0,715.5
2024-03-31 15:00:00,18.1,0,939.3
2024-03-31 16:00:00,18.3,0,867.3
2024-03-31 17:00:00,11.7,0,1213.5
2024-03-31 18:00:00,13.4,0,1186.1
2024-03-31 19:00:00,11.6,0,1354.6
2024-03-31 20:00:00,13.0,0,1174.3
2024-03-31 21:00:00,11.4,0,1357.4
2024-03-31 22:00:00,12.3,0,1140.4
2024-03-31 23:00:00,9.2,0,1451.1
2024-04-01 00:00:00,12.4,0,940.4
2024-04-01 01:00:00,10.4,0,1031.5
2024-04-01 02:00:00,12.8,0,817.5
2024-04-01 03:00:00,10.9,0,957.4
2024-04-01 04:00:00,13.7,0,744.9
2024-04-01 05:00:00,13.3,0,909.3
2024-04-01 06:00:00,13.7,0,865.0
2024-04-01 07:00:00,14.5,0,869.7
2024-04-01 08:00:00,16.1,0,939.7
2024-04-01 09:00:00,19.5,0,820.6
2024-04-01 10:00:00,14.9,0,960.0
2024-04-01 11:00:00,17.1,0,856.9
2024-04-01 12:00:00,22.7,0,830.6
2024-04-01 13:00:00,17.6,0,742.4
2024-04-01 14:00:00,20.6,0,764.0
2024-04-01 15:00:00,20.6,0,805.8
2024-04-01 16:00:00,18.8,0,842.2
2024-04-01 17:00:00,19.6,0,927.5
2024-04-01 18:00:00,15.9,0,1005.7
2024-04-01 19:00:00,8.9,0,1535.4
2024-04-01 20:00:00,17.7,0,878.4
2024-04-01 21:00:00,11.2,0,1318.9
2024-04-01 22:00:00,14.1,0,1039.1
2024-04-01 23:00:00,13.5,0,1083.0
2024-04-02 00:00:00,11.1,0,917.8
2024-04-02 01:00:00,8.7,0,1136.4
2024-04-02 02:00:00,10.6,0,965.4
2024-04-02 03:00:00,12.1,0,688.9
2024-04-02 04:00:00,10.8,0,934.2
2024-04-02 05:00:00,10.4,0,965.3
2024-04-02 06:00:00,15.2,0,614.8
2024-04-02 07:00:00,17.0,0,661.5
2024-04-02 08:00:00,19.2,0,821.9
2024-04-02 09:00:00,19.6,0,733.5
2024-04-02 10:00:00,21.5,0,731.7
2024-04-02 11:00:00,22.6,0,702.2
2024-04-02 12:00:00,21.9,0,602.9
2024-04-02 13:00:00,21.5,0,661.6
2024-04-02 14:00:00,23.4,0,696.2
2024-04-02 15:00:00,17.9,0,733.8
2024-04-02 16:00:00,21.0,0,735.7
2024-04-02 17:00:00,15.8,0,858.0
2024-04-02 18:00:00,14.6,0,970.7
2024-04-02 19:00:00,15.6,0,879.7
2024-04-02 20:00:00,13.9,0,965.8
2024-04-02 21:00:00,10.4,0,1216.7
2024-04-02 22:00:00,12.2,0,1046.3
2024-04-02 23:00:00,8.5,0,1306.7
2024-04-03 00:00:00,11.3,0,817.8
2024-04-03 01:00:00,14.3,0,647.0
2024-04-03 02:00:00,13.7,0,677.1
2024-04-03 03:00:00,10.5,0,830.2
2024-04-03 04:00:00,12.5,0,663.2
2024-04-03 05:00:00,13.1,0,737.9
2024-04-03 06:00:00,14.0,0,760.0
2024-04-03 07:00:00,12.6,0,1007.6
2024-04-03 08:00:00,20.2,0,643.8
2024-04-03 09:00:00,19.9,0,722.2
2024-04-03 10:00:00,20.2,0,763.9
2024-04-03 11:00:00,20.0,0,587.9
2024-04-03 12:00:00,19.4,0,713.2
2024-04-03 13:00:00,23.5,0,605.9
2024-04-03 14:00:00,21.7,0,546.9
2024-04-03 15:00:00,17.8,0,601.4
2024-04-03 16:00:00,16.6,0,794.1
2024-04-03 17:00:00,23.3,0,843.4
2024-04-03 18:00:00,16.8,0,815.9
2024-04-03 19:00:00,14.5,0,963.1
2024-04-03 20:00:00,13.6,0,985.8
2024-04-03 21:00:00,12.6,0,1042.2
2024-04-03 22:00:00,10.7,0,1077.7
2024-04-03 23:00:00,12.0,0,1053.2
2024-04-04 00:00:00,12.7,0,893.4
2024-04-04 01:00:00,9.3,0,1122.0
2024-04-04 02:00:00,14.1,0,746.3
2024-04-04 03:00:00,12.6,0,847.1
2024-04-04 04:00:00,11.4,0,885.7
2024-04-04 05:00:00,11.8,0,971.2
2024-04-04 06:00:00,14.2,0,866.2
2024-04-04 07:00:00,17.5,0,761.8
2024-04-04 08:00:00,18.4,0,825.4
2024-04-04 09:00:00,21.9,0,927.8
2024-04-04 10:00:00,21.5,0,840.6
2024-04-04 11:00:00,21.4,0,751.6
2024-04-04 12:00:00,21.1,0,754.8
2024-04-04 13:00:00,19.7,0,745.5
2024-04-04 14:00:00,22.7,0,736.9
2024-04-04 15:00:00,19.9,0,806.8
2024-04-04 16:00:00,18.7,0,874.4
2024-04-04 17:00:00,14.9,0,992.8
2024-04-04 18:00:00,14.9,0,1078.3
2024-04-04 19:00:00,13.1,0,1212.6
2024-04-04 20:00:00,14.6,0,1059.6
2024-04-04 21:00:00,13.8,0,1117.9
2024-04-04 22:00:00,11.5,0,1212.4
2024-04-04 23:00:00,11.7,0,1052.3
2024-04-05 00:00:00,11.3,0,1044.8
2024-04-05 01:00:00,13.5,0,901.4
2024-04-05 02:00:00,14.2,0,797.7
2024-04-05 03:00:00,11.1,0,993.9
2024-04-05 04:00:00,15.6,0,695.2
2024-04-05 05:00:00,17.3,0,634.0
2024-04-05 06:00:00,17.5,0,759.0
2024-04-05 07:00:00,18.6,0,793.6
2024-04-05 08:00:00,18.8,0,857.0
2024-04-05 09:00:00,21.4,0,881.0
2024-04-05 10:00:00,23.0,0,913.7
2024-04-05 11:00:00,22.8,0,860.8
2024-04-05 12:00:00,21.9,0,775.7
2024-04-05 13:00:00,18.2,0,774.3
2024-04-05 14:00:00,19.9,0,757.7
2024-04-05 15:00:00,21.2,0,848.5
2024-04-05 16:00:00,20.3,0,856.9
2024-04-05 17:00:00,20.4,0,934.8
2024-04-05 18:00:00,19.2,0,967.8
2024-04-05 19:00:00,13.4,0,1107.9
2024-04-05 20:00:00,14.2,0,1025.5
2024-04-05 21:00:00,11.6,0,1294.2
2024-04-05 22:00:00,11.4,0,1241.6
2024-04-05 23:00:00,9.9,0,1296.2
2024-04-06 00:00:00,12.6,0,928.2
2024-04-06 01:00:00,12.7,0,831.3
2024-04-06 02:00:00,11.5,0,967.1
2024-04-06 03:00:00,12.6,0,801.6
2024-04-06 04:00:00,15.3,0,723.1
2024-04-06 05:00:00,11.6,0,983.2
2024-04-06 06:00:00,19.1,0,671.9
2024-04-06 07:00:00,17.1,0,891.9
2024-04-06 08:00:00,18.4,0,888.9
2024-04-06 09:00:00,20.6,0,733.4
2024-04-06 10:00:00,22.5,0,849.1
2024-04-06 11:00:00,21.9,0,881.7
2024-04-06 12:00:00,23.6,0,791.3
2024-04-06 13:00:00,19.6,0,714.0
2024-04-06 14:00:00,18.7,0,774.7
2024-04-06 15:00:00,23.3,0,853.6
2024-04-06 16:00:00,17.7,0,880.7
2024-04-06 17:00:00,14.7,0,1059.2
2024-04-06 18:00:00,17.3,0,972.9
2024-04-06 19:00:00,15.3,0,1068.1
2024-04-06 20:00:00,14.7,0,1108.4
2024-04-06 21:00:00,13.0,0,1105.5
2024-04-06 22:00:00,11.5,0,1275.0
2024-04-06 23:00:00,10.5,0,1260.0
2024-04-07 00:00:00,7.3,0,1512.1
2024-04-07 01:00:00,9.7,0,1103.2
2024-04-07 02:00:00,14.1,0,838.3
2024-04-07 03:00:00,14.9,0,558.1
2024-04-07 04:00:00,14.5,0,691.8
2024-04-07 05:00:00,17.1,0,695.4
2024-04-07 06:00:00,15.6,0,765.8
2024-04-07 07:00:00,18.9,0,747.9
2024-04-07 08:00:00,21.8,0,859.1
2024-04-07 09:00:00,23.5,0,978.6
2024-04-07 10:00:00,23.5,0,976.3
2024-04-07 11:00:00,20.8,0,785.7
2024-04-07 12:00:00,22.0,0,810.8
2024-04-07 13:00:00,25.6,0,939.4
2024-04-07 14:00:00,22.4,0,781.2
2024-04-07 15:00:00,22.3,0,868.0
2024-04-07 16:00:00,20.9,0,792.7
2024-04-07 17:00:00,16.1,0,931.2
2024-04-07 18:00:00,17.6,0,905.8
2024-04-07 19:00:00,16.1,0,1055.7
2024-04-07 20:00:00,15.0,0,1012.0
2024-04-07 21:00:00,12.5,0,1192.6
2024-04-07 22:00:00,12.3,0,1154.3
2024-04-07 23:00:00,10.8,0,1218.5
2024-04-08 00:00:00,12.4,0,941.0
2024-04-08 01:00:00,8.8,0,1189.6
2024-04-08 02:00:00,13.8,0,753.1
2024-04-08 03:00:00,14.5,0,713.7
2024-04-08 04:00:00,16.7,0,622.7
2024-04-08 05:00:00,14.9,0,708.4
2024-04-08 06:00:00,17.2,0,820.8
2024-04-08 07:00:00,15.5,0,860.5
2024-04-08 08:00:00,19.0,0,863.5
2024-04-08 09:00:00,20.1,0,879.4
2024-04-08 10:00:00,20.1,0,821.7
2024-04-08 11:00:00,24.4,0,1001.2
2024-04-08 12:00:00,21.4,0,844.1
2024-04-08 13:00:00,21.7,0,842.9
2024-04-08 14:00:00,23.5,0,927.7
2024-04-08 15:00:00,20.9,0,824.3
2024-04-08 16:00:00,20.5,0,874.3
2024-04-08 17:00:00,18.2,0,923.3
2024-04-08 18:00:00,15.3,0,1034.5
2024-04-08 19:00:00,14.8,0,1044.2
2024-04-08 20:00:00,16.3,0,939.2
2024-04-08 21:00:00,14.2,0,1076.2
2024-04-08 22:00:00,15.7,0,911.9
2024-04-08 23:00:00,12.3,0,1088.3
2024-04-09 00:00:00,12.4,0,846.5
2024-04-09 01:00:00,11.9,0,719.1
2024-04-09 02:00:00,9.9,0,924.1
2024-04-09 03:00:00,14.2,0,615.6
2024-04-09 04:00:00,14.7,0,589.0
2024-04-09 05:00:00,14.2,0,769.6
2024-04-09 06:00:00,17.5,0,567.8
2024-04-09 07:00:00,16.6,0,763.0
2024-04-09 08:00:00,19.0,0,705.4
2024-04-09 09:00:00,21.9,0,746.9
2024-04-09 10:00:00,20.0,0,726.3
2024-04-09 11:00:00,23.0,0,748.3
2024-04-09 12:00:00,22.0,0,618.8
2024-04-09 13:00:00,21.5,0,550.2
2024-04-09 14:00:00,19.3,0,680.9
2024-04-09 15:00:00,20.9,0,688.7
2024-04-09 16:00:00,18.1,0,843.5
2024-04-09 17:00:00,20.6,0,729.5
2024-04-09 18:00:00,14.5,0,910.9
2024-04-09 19:00:00,15.0,0,937.2
2024-04-09 20:00:00,14.1,0,945.8
2024-04-09 21:00:00,12.8,0,960.3
2024-04-09 22:00:00,14.6,0,765.2
2024-04-09 23:00:00,16.4,0,687.7
2024-04-10 00:00:00,15.4,0,563.8
2024-04-10 01:00:00,16.0,0,551.3
2024-04-10 02:00:00,12.0,0,794.2
2024-04-10 03:00:00,14.7,0,508.4
2024-04-10 04:00:00,12.5,0,731.5
2024-04-10 05:00:00,13.6,0,705.9
2024-04-10 06:00:00,17.6,0,626.1
2024-04-10 07:00:00,16.7,0,690.4
2024-04-10 08:00:00,20.6,0,704.3
2024-04-10 09:00:00,21.7,0,724.4
2024-04-10 10:00:00,23.9,0,877.8
2024-04-10 11:00:00,21.3,0,695.3
2024-04-10 12:00:00,25.7,0,718.5
2024-04-10 13:00:00,21.9,0,640.3
2024-04-10 14:00:00,18.0,0,690.0
2024-04-10 15:00:00,22.7,0,696.2
2024-04-10 16:00:00,17.4,0,713.1
2024-04-10 17:00:00,17.7,0,763.8
2024-04-10 18:00:00,17.3,0,855.1
2024-04-10 19:00:00,16.4,0,913.9
2024-04-10 20:00:00,12.1,0,1195.0
2024-04-10 21:00:00,17.0,0,725.5
2024-04-10 22:00:00,16.5,0,837.5
2024-04-10 23:00:00,14.0,0,788.7
2024-04-11 00:00:00,6.0,0,1598.7
2024-04-11 01:00:00,13.4,0,841.3
2024-04-11 02:00:00,14.4,0,689.2
2024-04-11 03:00:00,15.6,0,703.9
2024-04-11 04:00:00,16.4,0,650.8
2024-04-11 05:00:00,16.4,0,627.1
2024-04-11 06:00:00,20.2,0,709.8
2024-04-11 07:00:00,16.6,0,833.1
2024-04-11 08:00:00,18.2,0,885.6
2024-04-11 09:00:00,20.7,0,903.8
2024-04-11 10:00:00,22.6,0,837.1
2024-04-11 11:00:00,19.9,0,806.8
2024-04-11 12:00:00,22.7,0,847.5
2024-04-11 13:00:00,21.4,0,708.9
2024-04-11 14:00:00,23.8,0,810.9
2024-04-11 15:00:00,21.9,0,857.9
2024-04-11 16:00:00,18.8,0,863.9
2024-04-11 17:00:00,17.4,0,961.6
2024-04-11 18:00:00,17.7,0,930.8
2024-04-11 19:00:00,14.6,0,1072.3
2024-04-11 20:00:00,19.4,0,922.1
2024-04-11 21:00:00,13.7,0,1146.4
2024-04-11 22:00:00,16.7,0,985.2
2024-04-11 23:00:00,15.1,0,901.1
2024-04-12 00:00:00,15.8,0,836.6
2024-04-12 01:00:00,13.6,0,806.5
2024-04-12 02:00:00,12.5,0,922.5
2024-04-12 03:00:00,14.3,0,749.1
2024-04-12 04:00:00,17.2,0,696.0
2024-04-12 05:00:00,17.3,0,713.6
2024-04-12 06:00:00,17.7,0,738.0
2024-04-12 07:00:00,21.2,0,778.3
2024-04-12 08:00:00,21.2,0,890.7
2024-04-12 09:00:00,18.1,0,916.4
2024-04-12 10:00:00,21.2,0,859.3
2024-04-12 11:00:00,23.6,0,842.8
2024-04-12 12:00:00,25.9,0,1057.6
2024-04-12 13:00:00,22.2,0,816.9
2024-04-12 14:00:00,22.1,0,838.3
2024-04-12 15:00:00,20.0,0,742.4
2024-04-12 16:00:00,20.6,0,808.8
2024-04-12 17:00:00,18.1,0,806.9
2024-04-12 18:00:00,16.5,0,983.3
2024-04-12 19:00:00,14.3,0,1114.9
2024-04-12 20:00:00,13.1,0,1230.7
2024-04-12 21:00:00,15.4,0,1052.6
2024-04-12 22:00:00,13.9,0,1002.2
2024-04-12 23:00:00,12.6,0,1061.4
2024-04-13 00:00:00,14.9,0,782.5
2024-04-13 01:00:00,13.6,0,878.8
2024-04-13 02:00:00,15.4,0,666.2
2024-04-13 03:00:00,12.7,0,826.0
2024-04-13 04:00:00,13.3,0,859.0
2024-04-13 05:00:00,17.1,0,710.1
2024-04-13 06:00:00,17.5,0,781.4
2024-04-13 07:00:00,19.9,0,719.8
2024-04-13 08:00:00,19.7,0,872.6
2024-04-13 09:00:00,21.2,0,867.7
2024-04-13 10:00:00,20.7,0,964.8
2024-04-13 11:00:00,21.2,0,859.5
2024-04-13 12:00:00,24.2,0,920.0
2024-04-13 13:00:00,22.9,0,831.1
2024-04-13 14:00:00,20.0,0,776.8
2024-04-13 15:00:00,16.8,0,1002.7
2024-04-13 16:00:00,21.6,0,877.3
2024-04-13 17:00:00,21.3,0,850.9
2024-04-13 18:00:00,16.5,0,1090.6
2024-04-13 19:00:00,19.6,0,982.0
2024-04-13 20:00:00,15.8,0,985.4
2024-04-13 21:00:00,18.5,0,869.2
2024-04-13 22:00:00,13.5,0,1048.1
2024-04-13 23:00:00,16.1,0,862.0
2024-04-14 00:00:00,11.9,0,1072.7
2024-04-14 01:00:00,16.9,0,647.4
2024-04-14 02:00:00,15.9,0,671.4
2024-04-14 03:00:00,14.3,0,616.5
2024-04-14 04:00:00,18.1,0,663.2
2024-04-14 05:00:00,16.0,0,756.0
2024-04-14 06:00:00,15.9,0,781.7
2024-04-14 07:00:00,20.1,0,719.3
2024-04-14 08:00:00,17.3,0,921.7
2024-04-14 09:00:00,23.3,0,946.1
2024-04-14 10:00:00,24.6,0,987.3
2024-04-14 11:00:00,22.3,0,811.2
2024-04-14 12:00:00,25.3,0,888.2
2024-04-14 13:00:00,22.2,0,719.6
2024-04-14 14:00:00,21.2,0,870.2
2024-04-14 15:00:00,23.8,0,885.5
2024-04-14 16:00:00,18.5,0,832.4
2024-04-14 17:00:00,18.9,0,921.8
2024-04-14 18:00:00,16.2,0,992.9
2024-04-14 19:00:00,17.0,0,931.2
2024-04-14 20:00:00,17.3,0,1044.2
2024-04-14 21:00:00,14.1,0,1066.6
2024-04-14 22:00:00,12.3,0,1103.2
2024-04-14 23:00:00,14.4,0,953.4
2024-04-15 00:00:00,15.2,0,795.7
2024-04-15 01:00:00,14.7,0,724.1
2024-04-15 02:00:00,13.7,0,793.4
2024-04-15 03:00:00,17.1,0,662.0
2024-04-15 04:00:00,17.7,0,618.0
2024-04-15 05:00:00,19.7,0,600.3
2024-04-15 06:00:00,16.0,0,778.8
2024-04-15 07:00:00,19.7,0,858.8
2024-04-15 08:00:00,24.7,0,958.5
2024-04-15 09:00:00,27.0,0,1151.3
2024-04-15 10:00:00,23.5,0,943.8
2024-04-15 11:00:00,24.8,0,901.4
2024-04-15 12:00:00,25.4,0,1002.0
2024-04-15 13:00:00,22.8,0,719.0
2024-04-15 14:00:00,21.7,0,880.4
2024-04-15 15:00:00,19.7,0,758.6
2024-04-15 16:00:00,21.2,0,859.3
2024-04-15 17:00:00,24.2,0,1089.7
2024-04-15 18:00:00,16.8,0,983.4
2024-04-15 19:00:00,15.8,0,1051.7
2024-04-15 20:00:00,17.5,0,995.7
2024-04-15 21:00:00,14.6,0,1078.0
2024-04-15 22:00:00,12.6,0,1210.8
2024-04-15 23:00:00,13.4,0,1013.1
2024-04-16 00:00:00,13.4,0,699.1
2024-04-16 01:00:00,15.2,0,500.4
2024-04-16 02:00:00,15.4,0,555.7
2024-04-16 03:00:00,15.4,0,567.9
2024-04-16 04:00:00,14.7,0,647.0
2024-04-16 05:00:00,15.9,0,558.8
2024-04-16 06:00:00,18.8,0,516.6
2024-04-16 07:00:00,20.2,0,619.5
2024-04-16 08:00:00,21.7,0,664.4
2024-04-16 09:00:00,25.9,0,983.2
2024-04-16 10:00:00,22.7,0,670.3
2024-04-16 11:00:00,27.7,0,993.4
2024-04-16 12:00:00,22.6,0,664.4
2024-04-16 13:00:00,23.6,0,596.5
2024-04-16 14:00:00,24.8,0,713.2
2024-04-16 15:00:00,23.9,0,758.5
2024-04-16 16:00:00,18.7,0,672.2
2024-04-16 17:00:00,20.9,0,743.1
2024-04-16 18:00:00,15.5,0,911.9
2024-04-16 19:00:00,15.0,0,922.9
2024-04-16 20:00:00,20.4,0,758.5
2024-04-16 21:00:00,12.8,0,1014.8
2024-04-16 22:00:00,16.6,0,800.0
2024-04-16 23:00:00,13.5,0,976.5
2024-04-17 00:00:00,12.8,0,772.4
2024-04-17 01:00:00,12.5,0,830.6
2024-04-17 02:00:00,16.3,0,562.4
2024-04-17 03:00:00,17.4,0,533.8
2024-04-17 04:00:00,15.3,0,500.8
2024-04-17 05:00:00,17.5,0,653.4
2024-04-17 06:00:00,19.7,0,589.5
2024-04-17 07:00:00,21.7,0,762.3
2024-04-17 08:00:00,21.4,0,787.1
2024-04-17 09:00:00,22.1,0,643.4
2024-04-17 10:00:00,25.2,0,938.6
2024-04-17 11:00:00,22.6,0,749.8
2024-04-17 12:00:00,26.6,0,940.2
2024-04-17 13:00:00,24.9,0,697.0
2024-04-17 14:00:00,23.1,0,641.5
2024-04-17 15:00:00,24.6,0,835.7
2024-04-17 16:00:00,21.7,0,804.7
2024-04-17 17:00:00,22.4,0,812.2
2024-04-17 18:00:00,14.2,0,903.7
2024-04-17 19:00:00,16.6,0,852.9
2024-04-17 20:00:00,19.8,0,761.6
2024-04-17 21:00:00,15.4,0,923.7
2024-04-17 22:00:00,16.0,0,842.0
2024-04-17 23:00:00,14.6,0,860.4
2024-04-18 00:00:00,14.9,0,842.6
2024-04-18 01:00:00,12.9,0,908.2
2024-04-18 02:00:00,14.8,0,748.2
2024-04-18 03:00:00,19.0,0,538.9
2024-04-18 04:00:00,17.8,0,661.0
2024-04-18 05:00:00,20.2,0,628.5
2024-04-18 06:00:00,19.1,0,778.8
2024-04-18 07:00:00,19.1,0,765.1
2024-04-18 08:00:00,21.1,0,904.9
2024-04-18 09:00:00,22.7,0,900.8
2024-04-18 10:00:00,24.8,0,988.0
2024-04-18 11:00:00,26.6,0,1016.1
2024-04-18 12:00:00,24.9,0,854.1
2024-04-18 13:00:00,25.2,0,877.6
2024-04-18 14:00:00,24.8,0,943.5
2024-04-18 15:00:00,22.2,0,799.2
2024-04-18 16:00:00,26.0,0,1101.0
2024-04-18 17:00:00,18.9,0,829.0
2024-04-18 18:00:00,23.0,0,985.9
2024-04-18 19:00:00,20.6,0,919.6
2024-04-18 20:00:00,17.1,0,1008.6
2024-04-18 21:00:00,15.1,0,1020.3
2024-04-18 22:00:00,18.0,0,895.8
2024-04-18 23:00:00,14.2,0,1011.0
2024-04-19 00:00:00,19.6,0,598.0
2024-04-19 01:00:00,13.5,0,881.9
2024-04-19 02:00:00,14.4,0,759.7
2024-04-19 03:00:00,15.1,0,650.4
2024-04-19 04:00:00,17.4,0,635.1
2024-04-19 05:00:00,17.7,0,744.3
2024-04-19 06:00:00,19.6,0,675.0
2024-04-19 07:00:00,19.0,0,858.1
2024-04-19 08:00:00,22.2,0,938.5
2024-04-19 09:00:00,27.5,0,1233.3
2024-04-19 10:00:00,25.5,0,1037.3
2024-04-19 11:00:00,22.7,0,924.2
2024-04-19 12:00:00,24.0,0,929.6
2024-04-19 13:00:00,22.3,0,829.1
2024-04-19 14:00:00,25.8,0,874.2
2024-04-19 15:00:00,22.7,0,904.7
2024-04-19 16:00:00,20.5,0,875.7
2024-04-19 17:00:00,19.2,0,972.2
2024-04-19 18:00:00,20.6,0,1011.0
2024-04-19 19:00:00,19.3,0,1010.2
2024-04-19 20:00:00,15.9,0,1003.8
2024-04-19 21:00:00,15.2,0,1005.7
2024-04-19 22:00:00,14.3,0,1085.6
2024-04-19 23:00:00,17.3,0,921.4
2024-04-20 00:00:00,15.5,0,808.6
2024-04-20 01:00:00,20.1,0,634.2
2024-04-20 02:00:00,12.0,0,963.7
2024-04-20 03:00:00,15.3,0,575.8
2024-04-20 04:00:00,21.0,0,586.3
2024-04-20 05:00:00,19.4,0,593.9
2024-04-20 06:00:00,15.4,0,901.7
2024-04-20 07:00:00,18.4,0,856.0
2024-04-20 08:00:00,24.8,0,974.2
2024-04-20 09:00:00,23.4,0,971.6
2024-04-20 10:00:00,24.1,0,916.9
2024-04-20 11:00:00,22.6,0,870.9
2024-04-20 12:00:00,22.6,0,856.8
2024-04-20 13:00:00,25.6,0,1019.4
2024-04-20 14:00:00,24.9,0,942.1
2024-04-20 15:00:00,23.1,0,845.0
2024-04-20 16:00:00,22.5,0,922.4
2024-04-20 17:00:00,22.2,0,939.4
2024-04-20 18:00:00,15.7,0,1062.0
2024-04-20 19:00:00,18.9,0,991.4
2024-04-20 20:00:00,15.1,0,1117.1
2024-04-20 21:00:00,16.8,0,957.7
2024-04-20 22:00:00,13.9,0,1040.2
2024-04-20 23:00:00,16.3,0,854.1
2024-04-21 00:00:00,15.2,0,776.4
2024-04-21 01:00:00,15.1,0,696.5
2024-04-21 02:00:00,14.4,0,724.0
2024-04-21 03:00:00,20.2,0,624.8
2024-04-21 04:00:00,14.7,0,743.8
2024-04-21 05:00:00,19.3,0,642.1
2024-04-21 06:00:00,20.0,0,794.4
2024-04-21 07:00:00,19.7,0,826.8
2024-04-21 08:00:00,23.2,0,982.8
2024-04-21 09:00:00,23.9,0,947.0
2024-04-21 10:00:00,24.4,0,998.3
2024-04-21 11:00:00,25.5,0,923.4
2024-04-21 12:00:00,25.7,0,984.0
2024-04-21 13:00:00,23.7,0,827.6
2024-04-21 14:00:00,23.4,0,886.9
2024-04-21 15:00:00,27.2,0,1045.1
2024-04-21 16:00:00,18.6,0,872.3
2024-04-21 17:00:00,20.1,0,859.5
2024-04-21 18:00:00,20.8,0,932.5
2024-04-21 19:00:00,19.7,0,979.3
2024-04-21 20:00:00,17.6,0,943.6
2024-04-21 21:00:00,15.2,0,999.0
2024-04-21 22:00:00,18.2,0,924.1
2024-04-21 23:00:00,15.3,0,861.4
2024-04-22 00:00:00,16.7,0,819.5
2024-04-22 01:00:00,15.3,0,727.2
2024-04-22 02:00:00,17.1,0,696.2
2024-04-22 03:00:00,16.5,0,707.0
2024-04-22 04:00:00,18.7,0,605.5
2024-04-22 05:00:00,18.6,0,599.0
2024-04-22 06:00:00,18.5,0,650.3
2024-04-22 07:00:00,23.2,0,909.2
2024-04-22 08:00:00,22.4,0,920.7
2024-04-22 09:00:00,21.2,0,1000.5
2024-04-22 10:00:00,25.0,0,1000.4
2024-04-22 11:00:00,21.3,0,831.4
2024-04-22 12:00:00,26.4,0,1030.7
2024-04-22 13:00:00,25.1,0,984.8
2024-04-22 14:00:00,24.9,0,946.3
2024-04-22 15:00:00,22.6,0,838.8
2024-04-22 16:00:00,21.5,0,868.2
2024-04-22 17:00:00,20.4,0,892.1
2024-04-22 18:00:00,19.1,0,955.3
2024-04-22 19:00:00,17.7,0,963.4
2024-04-22 20:00:00,14.5,0,1098.7
2024-04-22 21:00:00,17.5,0,1010.0
2024-04-22 22:00:00,16.0,0,939.8
2024-04-22 23:00:00,14.1,0,1048.1
2024-04-23 00:00:00,14.1,0,715.9
2024-04-23 01:00:00,13.6,0,690.9
2024-04-23 02:00:00,14.6,0,432.4
2024-04-23 03:00:00,17.4,0,499.8
2024-04-23 04:00:00,20.2,0,348.0
2024-04-23 05:00:00,16.7,0,527.0
2024-04-23 06:00:00,19.4,0,606.9
2024-04-23 07:00:00,22.5,0,729.3
2024-04-23 08:00:00,21.5,0,739.0
2024-04-23 09:00:00,22.3,0,817.3
2024-04-23 10:00:00,30.1,0,1240.1
2024-04-23 11:00:00,27.7,0,1011.3
2024-04-23 12:00:00,22.2,0,672.0
2024-04-23 13:00:00,26.3,0,807.6
2024-04-23 14:00:00,25.3,0,762.9
2024-04-23 15:00:00,24.7,0,921.2
2024-04-23 16:00:00,24.8,0,829.1
2024-04-23 17:00:00,25.6,0,937.4
2024-04-23 18:00:00,22.8,0,891.7
2024-04-23 19:00:00,17.9,0,823.2
2024-04-23 20:00:00,19.1,0,935.9
2024-04-23 21:00:00,17.7,0,774.5
2024-04-23 22:00:00,18.0,0,718.8
2024-04-23 23:00:00,17.0,0,715.5
2024-04-24 00:00:00,17.5,0,557.3
2024-04-24 01:00:00,17.2,0,549.9
2024-04-24 02:00:00,14.4,0,619.4
2024-04-24 03:00:00,19.3,0,459.9
2024-04-24 04:00:00,19.1,0,456.9
2024-04-24 05:00:00,15.8,0,616.9
2024-04-24 06:00:00,20.4,0,616.9
2024-04-24 07:00:00,20.3,0,657.7
2024-04-24 08:00:00,23.6,0,797.5
2024-04-24 09:00:00,21.1,0,815.4
2024-04-24 10:00:00,25.9,0,935.4
2024-04-24 11:00:00,26.8,0,973.6
2024-04-24 12:00:00,28.7,0,1074.2
2024-04-24 13:00:00,26.2,0,876.6
2024-04-24 14:00:00,23.3,0,712.1
2024-04-24 15:00:00,23.2,0,735.7
2024-04-24 16:00:00,22.1,0,821.7
2024-04-24 17:00:00,22.6,0,839.3
2024-04-24 18:00:00,17.5,0,862.1
2024-04-24 19:00:00,19.7,0,796.3
2024-04-24 20:00:00,18.9,0,810.1
2024-04-24 21:00:00,19.6,0,821.2
2024-04-24 22:00:00,20.2,0,674.9
2024-04-24 23:00:00,13.1,0,890.8
2024-04-25 00:00:00,17.8,0,720.4
2024-04-25 01:00:00,13.5,0,902.7
2024-04-25 02:00:00,12.3,0,918.2
2024-04-25 03:00:00,16.0,0,658.2
2024-04-25 04:00:00,21.3,0,614.5
2024-04-25 05:00:00,20.9,0,615.9
2024-04-25 06:00:00,20.4,0,794.0
2024-04-25 07:00:00,24.3,0,942.1
2024-04-25 08:00:00,23.5,0,963.2
2024-04-25 09:00:00,21.9,0,1040.1
2024-04-25 10:00:00,25.4,0,1035.2
2024-04-25 11:00:00,29.8,0,1337.9
2024-04-25 12:00:00,30.5,0,1352.1
2024-04-25 13:00:00,24.8,0,970.9
2024-04-25 14:00:00,25.7,0,1009.3
2024-04-25 15:00:00,29.8,0,1322.9
2024-04-25 16:00:00,27.0,0,1154.8
2024-04-25 17:00:00,25.6,0,1068.9
2024-04-25 18:00:00,22.7,0,980.9
2024-04-25 19:00:00,16.4,0,1193.7
2024-04-25 20:00:00,20.3,0,944.5
2024-04-25 21:00:00,18.8,0,930.9
2024-04-25 22:00:00,19.5,0,850.5
2024-04-25 23:00:00,15.6,0,976.6
2024-04-26 00:00:00,14.8,0,809.7
2024-04-26 01:00:00,15.5,0,730.8
2024-04-26 02:00:00,14.0,0,834.2
2024-04-26 03:00:00,23.9,0,669.6
2024-04-26 04:00:00,19.9,0,621.4
2024-04-26 05:00:00,20.9,0,741.7
2024-04-26 06:00:00,20.7,0,695.1
2024-04-26 07:00:00,21.4,0,831.2
2024-04-26 08:00:00,25.9,0,1068.4
2024-04-26 09:00:00,19.2,0,952.2
2024-04-26 10:00:00,26.2,0,1152.7
2024-04-26 11:00:00,26.2,0,1117.9
2024-04-26 12:00:00,27.5,0,1150.3
2024-04-26 13:00:00,26.4,0,989.3
2024-04-26 14:00:00,23.4,0,865.7
2024-04-26 15:00:00,22.1,0,905.0
2024-04-26 16:00:00,24.3,0,890.5
2024-04-26 17:00:00,27.1,0,1179.1
2024-04-26 18:00:00,19.3,0,923.2
2024-04-26 19:00:00,23.4,0,990.1
2024-04-26 20:00:00,21.6,0,890.3
2024-04-26 21:00:00,17.5,0,964.5
2024-04-26 22:00:00,16.5,0,913.5
2024-04-26 23:00:00,17.2,0,873.8
2024-04-27 00:00:00,18.1,0,702.3
2024-04-27 01:00:00,15.8,0,794.1
2024-04-27 02:00:00,16.1,0,633.2
2024-04-27 03:00:00,17.4,0,572.5
2024-04-27 04:00:00,24.3,0,597.6
2024-04-27 05:00:00,20.2,0,646.7
2024-04-27 06:00:00,23.4,0,826.0
2024-04-27 07:00:00,23.1,0,956.2
2024-04-27 08:00:00,27.0,0,1154.9
2024-04-27 09:00:00,26.1,0,1137.9
2024-04-27 10:00:00,28.5,0,1234.1
2024-04-27 11:00:00,27.2,0,1060.8
2024-04-27 12:00:00,26.3,0,978.2
2024-04-27 13:00:00,31.0,0,1414.4
2024-04-27 14:00:00,24.8,0,975.6
2024-04-27 15:00:00,25.1,0,1082.8
2024-04-27 16:00:00,22.0,0,770.5
2024-04-27 17:00:00,22.9,0,925.8
2024-04-27 18:00:00,22.3,0,1029.6
2024-04-27 19:00:00,21.4,0,980.2
2024-04-27 20:00:00,19.9,0,1046.5
2024-04-27 21:00:00,20.2,0,871.7
2024-04-27 22:00:00,18.0,0,890.5
2024-04-27 23:00:00,12.4,0,1062.6
2024-04-28 00:00:00,17.6,0,761.6
2024-04-28 01:00:00,18.1,0,683.2
2024-04-28 02:00:00,16.1,0,664.8
2024-04-28 03:00:00,15.3,0,703.3
2024-04-28 04:00:00,16.1,0,655.3
2024-04-28 05:00:00,19.1,0,673.4
2024-04-28 06:00:00,20.2,0,678.4
2024-04-28 07:00:00,23.6,0,791.2
2024-04-28 08:00:00,25.0,0,1027.0
2024-04-28 09:00:00,26.7,0,1148.5
2024-04-28 10:00:00,27.8,0,1273.9
2024-04-28 11:00:00,25.4,0,971.1
2024-04-28 12:00:00,26.0,0,1026.7
2024-04-28 13:00:00,30.0,0,1371.3
2024-04-28 14:00:00,24.9,0,971.8
2024-04-28 15:00:00,28.7,0,1097.1
2024-04-28 16:00:00,23.2,0,941.2
2024-04-28 17:00:00,23.2,0,1049.5
2024-04-28 18:00:00,26.5,0,1202.5
2024-04-28 19:00:00,19.5,0,979.9
2024-04-28 20:00:00,18.7,0,1001.4
2024-04-28 21:00:00,22.6,0,918.5
2024-04-28 22:00:00,18.0,0,960.7
2024-04-28 23:00:00,18.4,0,863.1
2024-04-29 00:00:00,19.1,0,660.1
2024-04-29 01:00:00,19.3,0,593.0
2024-04-29 02:00:00,17.0,0,623.8
2024-04-29 03:00:00,19.0,0,597.0
2024-04-29 04:00:00,18.5,0,621.6
2024-04-29 05:00:00,19.3,0,713.7
2024-04-29 06:00:00,20.8,0,696.9
2024-04-29 07:00:00,24.5,0,920.6
2024-04-29 08:00:00,24.2,0,1021.3
2024-04-29 09:00:00,26.1,0,1130.3
2024-04-29 10:00:00,25.6,0,1072.3
2024-04-29 11:00:00,26.2,0,1000.2
2024-04-29 12:00:00,28.6,0,1163.1
2024-04-29 13:00:00,28.7,0,1168.5
2024-04-29 14:00:00,23.1,0,822.2
2024-04-29 15:00:00,23.9,0,856.8
2024-04-29 16:00:00,25.0,0,998.3
2024-04-29 17:00:00,23.9,0,939.7
2024-04-29 18:00:00,23.9,0,1084.5
2024-04-29 19:00:00,20.6,0,891.8
2024-04-29 20:00:00,16.8,0,987.6
2024-04-29 21:00:00,18.2,0,988.7
2024-04-29 22:00:00,18.1,0,837.1
2024-04-29 23:00:00,15.6,0,940.0
2024-04-30 00:00:00,16.7,0,643.2
2024-04-30 01:00:00,20.5,0,537.9
2024-04-30 02:00:00,20.8,0,531.3
2024-04-30 03:00:00,23.9,0,499.8
2024-04-30 04:00:00,18.4,0,525.3
2024-04-30 05:00:00,23.6,0,631.6
2024-04-30 06:00:00,24.1,0,680.0
2024-04-30 07:00:00,22.9,0,753.4
2024-04-30 08:00:00,22.5,0,754.6
2024-04-30 09:00:00,26.0,0,982.8
2024-04-30 10:00:00,22.6,0,801.4
2024-04-30 11:00:00,24.7,0,817.1
2024-04-30 12:00:00,28.4,0,1056.6
2024-04-30 13:00:00,28.4,0,948.0
2024-04-30 14:00:00,29.2,0,1068.8
2024-04-30 15:00:00,29.3,0,1184.9
2024-04-30 16:00:00,24.5,0,941.3
2024-04-30 17:00:00,25.2,0,898.6
2024-04-30 18:00:00,21.2,0,902.7
2024-04-30 19:00:00,19.2,0,810.0
2024-04-30 20:00:00,18.9,0,710.8
2024-04-30 21:00:00,23.4,0,851.8
2024-04-30 22:00:00,20.8,0,784.6
2024-04-30 23:00:00,16.2,0,776.5
2024-05-01 00:00:00,14.6,0,694.0
2024-05-01 01:00:00,17.7,0,519.1
2024-05-01 02:00:00,21.3,0,471.6
2024-05-01 03:00:00,20.0,0,436.2
2024-05-01 04:00:00,19.2,0,448.2
2024-05-01 05:00:00,22.3,0,555.6
2024-05-01 06:00:00,21.0,0,612.6
2024-05-01 07:00:00,22.5,0,710.3
2024-05-01 08:00:00,28.7,0,1183.2
2024-05-01 09:00:00,29.8,0,1259.9
2024-05-01 10:00:00,24.0,0,787.1
2024-05-01 11:00:00,26.5,0,863.0
2024-05-01 12:00:00,25.0,0,862.1
2024-05-01 13:00:00,25.5,0,777.9
2024-05-01 14:00:00,25.1,0,871.5
2024-05-01 15:00:00,26.2,0,986.0
2024-05-01 16:00:00,22.3,0,838.9
2024-05-01 17:00:00,21.9,0,786.5
2024-05-01 18:00:00,27.6,0,1106.7
2024-05-01 19:00:00,23.0,0,880.2
2024-05-01 20:00:00,17.4,0,798.9
2024-05-01 21:00:00,17.8,0,766.7
2024-05-01 22:00:00,17.8,0,791.3
2024-05-01 23:00:00,13.9,0,852.8
2024-05-02 00:00:00,19.3,0,718.3
2024-05-02 01:00:00,16.6,0,661.2
2024-05-02 02:00:00,18.3,0,605.7
2024-05-02 03:00:00,18.7,0,673.6
2024-05-02 04:00:00,21.3,0,594.3
2024-05-02 05:00:00,21.0,0,622.6
2024-05-02 06:00:00,22.2,0,811.2
2024-05-02 07:00:00,23.6,0,883.3
2024-05-02 08:00:00,25.1,0,922.1
2024-05-02 09:00:00,27.3,0,1064.7
2024-05-02 10:00:00,27.5,0,1251.9
2024-05-02 11:00:00,28.6,0,1217.7
2024-05-02 12:00:00,30.0,0,1325.0
2024-05-02 13:00:00,28.5,0,1143.9
2024-05-02 14:00:00,30.3,0,1295.1
2024-05-02 15:00:00,25.2,0,1001.4
2024-05-02 16:00:00,26.4,0,1007.6
2024-05-02 17:00:00,25.1,0,1069.0
2024-05-02 18:00:00,23.0,0,935.8
2024-05-02 19:00:00,19.6,0,902.9
2024-05-02 20:00:00,19.6,0,942.7
2024-05-02 21:00:00,16.8,0,1014.1
2024-05-02 22:00:00,17.0,0,950.9
2024-05-02 23:00:00,16.6,0,872.7
2024-05-03 00:00:00,19.6,0,710.2
2024-05-03 01:00:00,18.2,0,676.4
2024-05-03 02:00:00,17.0,0,677.5
2024-05-03 03:00:00,19.6,0,594.7
2024-05-03 04:00:00,22.8,0,631.1
2024-05-03 05:00:00,17.8,0,713.9
2024-05-03 06:00:00,22.1,0,799.7
2024-05-03 07:00:00,23.7,0,890.3
2024-05-03 08:00:00,22.8,0,997.7
2024-05-03 09:00:00,26.2,0,1105.0
2024-05-03 10:00:00,29.4,0,1387.9
2024-05-03 11:00:00,24.6,0,988.6
2024-05-03 12:00:00,25.2,0,935.4
2024-05-03 13:00:00,27.5,0,1097.3
2024-05-03 14:00:00,26.3,0,1084.3
2024-05-03 15:00:00,24.9,0,987.5
2024-05-03 16:00:00,26.4,0,1026.6
2024-05-03 17:00:00,23.0,0,1088.2
2024-05-03 18:00:00,24.9,0,994.8
2024-05-03 19:00:00,21.1,0,1045.1
2024-05-03 20:00:00,22.8,0,963.6
2024-05-03 21:00:00,19.6,0,905.2
2024-05-03 22:00:00,20.8,0,937.7
2024-05-03 23:00:00,22.5,0,843.1
2024-05-04 00:00:00,20.7,0,795.0
2024-05-04 01:00:00,16.3,0,746.3
2024-05-04 02:00:00,20.3,0,633.2
2024-05-04 03:00:00,20.8,0,587.2
2024-05-04 04:00:00,19.7,0,673.5
2024-05-04 05:00:00,22.6,0,777.7
2024-05-04 06:00:00,17.7,0,851.1
2024-05-04 07:00:00,24.4,0,945.2
2024-05-04 08:00:00,22.7,0,976.5
2024-05-04 09:00:00,26.9,0,1235.6
2024-05-04 10:00:00,28.1,0,1195.8
2024-05-04 11:00:00,28.6,0,1308.7
2024-05-04 12:00:00,27.7,0,1095.3
2024-05-04 13:00:00,25.5,0,971.4
2024-05-04 14:00:00,29.8,0,1289.3
2024-05-04 15:00:00,29.2,0,1271.6
2024-05-04 16:00:00,26.4,0,1134.0
2024-05-04 17:00:00,21.8,0,1010.8
2024-05-04 18:00:00,25.7,0,1136.1
2024-05-04 19:00:00,19.5,0,970.1
2024-05-04 20:00:00,20.4,0,961.1
2024-05-04 21:00:00,18.6,0,943.5
2024-05-04 22:00:00,17.5,0,1067.8
2024-05-04 23:00:00,19.3,0,843.1
2024-05-05 00:00:00,18.4,0,648.4
2024-05-05 01:00:00,20.5,0,727.4
2024-05-05 02:00:00,20.3,0,614.4
2024-05-05 03:00:00,21.8,0,521.8
2024-05-05 04:00:00,21.9,0,646.7
2024-05-05 05:00:00,22.8,0,696.8
2024-05-05 06:00:00,21.4,0,843.8
2024-05-05 07:00:00,22.5,0,895.2
2024-05-05 08:00:00,25.6,0,1064.9
2024-05-05 09:00:00,27.4,0,1187.0
2024-05-05 10:00:00,26.7,0,1203.9
2024-05-05 11:00:00,26.7,0,1108.3
2024-05-05 12:00:00,28.4,0,1231.7
2024-05-05 13:00:00,28.1,0,1193.5
2024-05-05 14:00:00,29.9,0,1375.9
2024-05-05 15:00:00,25.5,0,1008.4
2024-05-05 16:00:00,29.1,0,1320.9
2024-05-05 17:00:00,27.8,0,1261.6
2024-05-05 18:00:00,23.9,0,1069.0
2024-05-05 19:00:00,19.4,0,987.4
2024-05-05 20:00:00,17.6,0,957.3
2024-05-05 21:00:00,23.3,0,987.0
2024-05-05 22:00:00,17.6,0,935.6
2024-05-05 23:00:00,19.1,0,875.2
2024-05-06 00:00:00,17.1,0,818.5
2024-05-06 01:00:00,21.6,0,664.5
2024-05-06 02:00:00,19.6,0,477.2
2024-05-06 03:00:00,20.0,0,564.5
2024-05-06 04:00:00,19.7,0,548.2
2024-05-06 05:00:00,21.3,0,731.0
2024-05-06 06:00:00,20.4,0,802.4
2024-05-06 07:00:00,27.5,0,1119.5
2024-05-06 08:00:00,23.9,0,1005.5
2024-05-06 09:00:00,27.9,0,1278.0
2024-05-06 10:00:00,25.4,0,1091.1
2024-05-06 11:00:00,32.4,0,1642.6
2024-05-06 12:00:00,27.0,0,1050.2
2024-05-06 13:00:00,26.6,0,1095.1
2024-05-06 14:00:00,31.1,0,1486.5
2024-05-06 15:00:00,27.0,0,1055.6
2024-05-06 16:00:00,28.4,0,1247.3
2024-05-06 17:00:00,22.4,0,1025.9
2024-05-06 18:00:00,27.6,0,1271.2
2024-05-06 19:00:00,23.3,0,972.1
2024-05-06 20:00:00,23.2,0,960.7
2024-05-06 21:00:00,20.1,0,963.9
2024-05-06 22:00:00,18.6,0,912.1
2024-05-06 23:00:00,18.6,0,840.2
2024-05-07 00:00:00,20.8,0,487.1
2024-05-07 01:00:00,20.0,0,419.6
2024-05-07 02:00:00,21.9,0,490.8
2024-05-07 03:00:00,20.8,0,451.5
2024-05-07 04:00:00,21.0,0,477.1
2024-05-07 05:00:00,23.6,0,540.5
2024-05-07 06:00:00,28.2,0,933.1
2024-05-07 07:00:00,26.5,0,881.7
2024-05-07 08:00:00,23.1,0,868.2
2024-05-07 09:00:00,28.8,0,1248.1
2024-05-07 10:00:00,25.7,0,977.2
2024-05-07 11:00:00,28.8,0,1134.4
2024-05-07 12:00:00,28.9,0,1069.3
2024-05-07 13:00:00,32.8,0,1447.5
2024-05-07 14:00:00,24.9,0,839.0
2024-05-07 15:00:00,31.0,0,1330.8
2024-05-07 16:00:00,26.8,0,940.5
2024-05-07 17:00:00,29.8,0,1277.9
2024-05-07 18:00:00,24.8,0,939.0
2024-05-07 19:00:00,24.2,0,878.7
2024-05-07 20:00:00,22.9,0,1035.2
2024-05-07 21:00:00,20.4,0,780.6
2024-05-07 22:00:00,20.2,0,654.5
2024-05-07 23:00:00,19.7,0,676.3
2024-05-08 00:00:00,20.8,0,586.2
2024-05-08 01:00:00,20.0,0,503.8
2024-05-08 02:00:00,19.5,0,426.1
2024-05-08 03:00:00,24.0,0,610.9
2024-05-08 04:00:00,20.9,0,473.8
2024-05-08 05:00:00,22.2,0,550.5
2024-05-08 06:00:00,23.2,0,669.4
2024-05-08 07:00:00,25.7,0,841.8
2024-05-08 08:00:00,30.2,0,1117.6
2024-05-08 09:00:00,28.8,0,1303.5
2024-05-08 10:00:00,29.0,0,1113.2
2024-05-08 11:00:00,27.3,0,987.9
2024-05-08 12:00:00,29.3,0,1081.3
2024-05-08 13:00:00,28.4,0,1055.9
2024-05-08 14:00:00,27.6,0,983.2
2024-05-08 15:00:00,25.4,0,970.4
2024-05-08 16:00:00,21.9,0,730.2
2024-05-08 17:00:00,26.4,0,1045.3
2024-05-08 18:00:00,22.7,0,843.2
2024-05-08 19:00:00,19.7,0,903.0
2024-05-08 20:00:00,22.2,0,970.5
2024-05-08 21:00:00,21.0,0,864.1
2024-05-08 22:00:00,18.7,0,761.7
2024-05-08 23:00:00,21.4,0,743.8
2024-05-09 00:00:00,19.9,0,706.2
2024-05-09 01:00:00,20.2,0,760.5
2024-05-09 02:00:00,16.9,0,683.6
2024-05-09 03:00:00,20.7,0,666.6
2024-05-09 04:00:00,22.6,0,658.2
2024-05-09 05:00:00,22.1,0,679.0
2024-05-09 06:00:00,24.6,0,908.4
2024-05-09 07:00:00,23.0,0,979.0
2024-05-09 08:00:00,27.9,0,1279.8
2024-05-09 09:00:00,24.9,0,1105.4
2024-05-09 10:00:00,25.0,0,1044.5
2024-05-09 11:00:00,26.9,0,1128.8
2024-05-09 12:00:00,30.6,0,1317.2
2024-05-09 13:00:00,27.1,0,1147.2
2024-05-09 14:00:00,30.4,0,1393.7
2024-05-09 15:00:00,28.9,0,1209.4
2024-05-09 16:00:00,27.0,0,1078.0
2024-05-09 17:00:00,22.9,0,901.4
2024-05-09 18:00:00,24.5,0,986.6
2024-05-09 19:00:00,24.1,0,1067.8
2024-05-09 20:00:00,23.9,0,1116.5
2024-05-09 21:00:00,19.3,0,1010.3
2024-05-09 22:00:00,19.9,0,953.5
2024-05-09 23:00:00,15.1,0,973.8
2024-05-10 00:00:00,18.1,0,756.1
2024-05-10 01:00:00,20.9,0,680.0
2024-05-10 02:00:00,19.3,0,635.4
2024-05-10 03:00:00,18.1,0,574.1
2024-05-10 04:00:00,20.5,0,636.1
2024-05-10 05:00:00,21.6,0,679.0
2024-05-10 06:00:00,25.1,0,904.3
2024-05-10 07:00:00,26.5,0,1057.2
2024-05-10 08:00:00,29.4,0,1345.9
2024-05-10 09:00:00,28.0,0,1290.8
2024-05-10 10:00:00,30.2,0,1458.2
2024-05-10 11:00:00,26.5,0,1118.5
2024-05-10 12:00:00,24.6,0,946.8
2024-05-10 13:00:00,33.9,0,1797.5
2024-05-10 14:00:00,26.7,0,1090.3
2024-05-10 15:00:00,29.0,0,1321.1
2024-05-10 16:00:00,26.6,0,1139.7
2024-05-10 17:00:00,22.5,0,982.6
2024-05-10 18:00:00,26.1,0,1175.4
2024-05-10 19:00:00,24.5,0,1079.9
2024-05-10 20:00:00,22.5,0,1072.9
2024-05-10 21:00:00,19.1,0,1040.5
2024-05-10 22:00:00,21.7,0,997.4
2024-05-10 23:00:00,23.0,0,974.4
2024-05-11 00:00:00,17.9,0,728.1
2024-05-11 01:00:00,19.2,0,659.5
2024-05-11 02:00:00,23.8,0,732.1
2024-05-11 03:00:00,24.1,0,648.1
2024-05-11 04:00:00,23.3,0,670.4
2024-05-11 05:00:00,23.8,0,716.8
2024-05-11 06:00:00,24.8,0,886.5
2024-05-11 07:00:00,28.8,0,1243.8
2024-05-11 08:00:00,31.6,0,1655.4
2024-05-11 09:00:00,26.4,0,1239.4
2024-05-11 10:00:00,32.2,0,1754.1
2024-05-11 11:00:00,27.8,0,1221.5
2024-05-11 12:00:00,31.3,0,1524.8
2024-05-11 13:00:00,31.3,0,1494.3
2024-05-11 14:00:00,30.5,0,1397.2
2024-05-11 15:00:00,26.8,0,1105.4
2024-05-11 16:00:00,27.1,0,1164.3
2024-05-11 17:00:00,25.4,0,1167.4
2024-05-11 18:00:00,28.2,0,1433.4
2024-05-11 19:00:00,22.7,0,1091.7
2024-05-11 20:00:00,22.3,0,1011.2
2024-05-11 21:00:00,19.7,0,971.3
2024-05-11 22:00:00,21.1,0,936.8
2024-05-11 23:00:00,21.5,0,841.4
2024-05-12 00:00:00,17.9,0,790.9
2024-05-12 01:00:00,18.0,0,744.2
2024-05-12 02:00:00,21.0,0,667.2
2024-05-12 03:00:00,23.3,0,675.1
2024-05-12 04:00:00,20.2,0,715.9
2024-05-12 05:00:00,23.2,0,797.0
2024-05-12 06:00:00,24.8,0,850.8
2024-05-12 07:00:00,23.9,0,953.5
2024-05-12 08:00:00,25.0,0,1103.6
2024-05-12 09:00:00,29.5,0,1335.9
2024-05-12 10:00:00,26.3,0,1096.9
2024-05-12 11:00:00,26.3,0,1121.2
2024-05-12 12:00:00,31.4,0,1461.7
2024-05-12 13:00:00,28.5,0,1215.1
2024-05-12 14:00:00,26.3,0,1115.8
2024-05-12 15:00:00,28.3,0,1258.3
2024-05-12 16:00:00,25.7,0,1131.2
2024-05-12 17:00:00,25.4,0,1105.4
2024-05-12 18:00:00,23.6,0,1044.0
2024-05-12 19:00:00,24.8,0,1083.3
2024-05-12 20:00:00,21.2,0,1002.8
2024-05-12 21:00:00,19.6,0,1068.2
2024-05-12 22:00:00,22.3,0,903.3
2024-05-12 23:00:00,20.6,0,921.7
2024-05-13 00:00:00,19.6,0,759.3
2024-05-13 01:00:00,17.6,0,700.9
2024-05-13 02:00:00,18.5,0,646.6
2024-05-13 03:00:00,24.9,0,759.3
2024-05-13 04:00:00,23.7,0,735.6
2024-05-13 05:00:00,24.1,0,779.3
2024-05-13 06:00:00,25.8,0,971.5
2024-05-13 07:00:00,27.5,0,1080.8
2024-05-13 08:00:00,29.0,0,1300.5
2024-05-13 09:00:00,29.7,0,1447.4
2024-05-13 10:00:00,30.5,0,1519.8
2024-05-13 11:00:00,27.1,0,1180.5
2024-05-13 12:00:00,31.3,0,1474.4
2024-05-13 13:00:00,28.0,0,1099.6
2024-05-13 14:00:00,30.4,0,1380.0
2024-05-13 15:00:00,28.2,0,1267.5
2024-05-13 16:00:00,25.9,0,1030.2
2024-05-13 17:00:00,23.6,0,1074.8
2024-05-13 18:00:00,25.3,0,1053.7
2024-05-13 19:00:00,24.0,0,1105.5
2024-05-13 20:00:00,23.8,0,1067.1
2024-05-13 21:00:00,20.9,0,1000.7
2024-05-13 22:00:00,23.8,0,990.3
2024-05-13 23:00:00,21.1,0,895.8
2024-05-14 00:00:00,16.6,0,669.8
2024-05-14 01:00:00,21.1,0,444.2
2024-05-14 02:00:00,22.4,0,533.9
2024-05-14 03:00:00,20.0,0,548.0
2024-05-14 04:00:00,22.7,0,545.7
2024-05-14 05:00:00,24.0,0,581.7
2024-05-14 06:00:00,23.0,0,679.7
2024-05-14 07:00:00,28.6,0,1141.0
2024-05-14 08:00:00,27.7,0,1060.6
2024-05-14 09:00:00,29.7,0,1235.6
2024-05-14 10:00:00,30.2,0,1395.0
2024-05-14 11:00:00,30.7,0,1256.6
2024-05-14 12:00:00,28.5,0,1071.7
2024-05-14 13:00:00,30.9,0,1362.3
2024-05-14 14:00:00,27.8,0,1117.7
2024-05-14 15:00:00,31.2,0,1432.8
2024-05-14 16:00:00,26.3,0,1072.5
2024-05-14 17:00:00,27.4,0,1069.9
2024-05-14 18:00:00,25.2,0,974.6
2024-05-14 19:00:00,26.8,0,1134.2
2024-05-14 20:00:00,21.2,0,802.0
2024-05-14 21:00:00,19.9,0,816.0
2024-05-14 22:00:00,20.8,0,772.0
2024-05-14 23:00:00,19.5,0,705.8
2024-05-15 00:00:00,21.9,0,542.6
2024-05-15 01:00:00,22.3,0,556.6
2024-05-15 02:00:00,20.7,0,480.6
2024-05-15 03:00:00,23.1,0,497.6
2024-05-15 04:00:00,25.0,0,550.9
2024-05-15 05:00:00,21.6,0,689.1
2024-05-15 06:00:00,29.4,0,1133.6
2024-05-15 07:00:00,26.3,0,884.0
2024-05-15 08:00:00,29.3,0,1200.4
2024-05-15 09:00:00,30.1,0,1370.1
2024-05-15 10:00:00,30.4,0,1401.6
2024-05-15 11:00:00,29.1,0,1200.7
2024-05-15 12:00:00,31.0,0,1364.4
2024-05-15 13:00:00,28.9,0,1062.7
2024-05-15 14:00:00,29.6,0,1134.4
2024-05-15 15:00:00,30.7,0,1339.2
2024-05-15 16:00:00,25.9,0,968.1
2024-05-15 17:00:00,25.6,0,972.1
2024-05-15 18:00:00,24.0,0,944.2
2024-05-15 19:00:00,23.1,0,844.2
2024-05-15 20:00:00,21.9,0,883.2
2024-05-15 21:00:00,20.8,0,741.7
2024-05-15 22:00:00,21.7,0,733.6
2024-05-15 23:00:00,24.2,0,833.1
2024-05-16 00:00:00,20.7,0,687.2
2024-05-16 01:00:00,22.6,0,718.4
2024-05-16 02:00:00,22.1,0,622.4
2024-05-16 03:00:00,22.4,0,656.0
2024-05-16 04:00:00,21.4,0,683.2
2024-05-16 05:00:00,19.3,0,683.0
2024-05-16 06:00:00,22.7,0,851.7
2024-05-16 07:00:00,27.9,0,1224.2
2024-05-16 08:00:00,28.6,0,1311.7
2024-05-16 09:00:00,31.7,0,1657.3
2024-05-16 10:00:00,31.0,0,1552.1
2024-05-16 11:00:00,29.7,0,1319.9
2024-05-16 12:00:00,30.5,0,1478.1
2024-05-16 13:00:00,28.1,0,1162.5
2024-05-16 14:00:00,30.9,0,1554.9
2024-05-16 15:00:00,26.3,0,1049.3
2024-05-16 16:00:00,28.3,0,1273.3
2024-05-16 17:00:00,25.0,0,1096.0
2024-05-16 18:00:00,27.4,0,1288.0
2024-05-16 19:00:00,23.3,0,1036.2
2024-05-16 20:00:00,21.9,0,1028.2
2024-05-16 21:00:00,22.4,0,1013.7
2024-05-16 22:00:00,18.5,0,968.3
2024-05-16 23:00:00,20.7,0,830.3
2024-05-17 00:00:00,22.6,0,797.2
2024-05-17 01:00:00,21.3,0,740.3
2024-05-17 02:00:00,20.3,0,678.2
2024-05-17 03:00:00,22.6,0,626.7
2024-05-17 04:00:00,22.2,0,609.7
2024-05-17 05:00:00,20.7,0,775.5
2024-05-17 06:00:00,28.7,0,1237.9
2024-05-17 07:00:00,27.6,0,1230.9
2024-05-17 08:00:00,29.2,0,1368.1
2024-05-17 09:00:00,28.4,0,1269.4
2024-05-17 10:00:00,29.3,0,1388.8
2024-05-17 11:00:00,35.0,0,2043.7
2024-05-17 12:00:00,30.6,0,1378.3
2024-05-17 13:00:00,31.1,0,1412.9
2024-05-17 14:00:00,27.8,0,1119.2
2024-05-17 15:00:00,30.1,0,1509.6
2024-05-17 16:00:00,28.6,0,1277.9
2024-05-17 17:00:00,27.0,0,1281.0
2024-05-17 18:00:00,24.4,0,1142.8
2024-05-17 19:00:00,27.0,0,1221.2
2024-05-17 20:00:00,23.7,0,1117.1
2024-05-17 21:00:00,23.7,0,965.3
2024-05-17 22:00:00,21.8,0,974.0
2024-05-17 23:00:00,21.9,0,847.8
2024-05-18 00:00:00,17.4,0,859.1
2024-05-18 01:00:00,24.1,0,786.3
2024-05-18 02:00:00,20.9,0,690.3
2024-05-18 03:00:00,22.1,0,729.1
2024-05-18 04:00:00,23.1,0,681.8
2024-05-18 05:00:00,21.8,0,758.0
2024-05-18 06:00:00,27.3,0,1040.4
2024-05-18 07:00:00,27.3,0,1276.7
2024-05-18 08:00:00,27.5,0,1268.6
2024-05-18 09:00:00,28.6,0,1350.0
2024-05-18 10:00:00,31.6,0,1655.5
2024-05-18 11:00:00,32.0,0,1625.2
2024-05-18 12:00:00,34.0,0,1826.1
2024-05-18 13:00:00,30.2,0,1357.3
2024-05-18 14:00:00,29.5,0,1351.2
2024-05-18 15:00:00,29.5,0,1300.1
2024-05-18 16:00:00,30.2,0,1323.2
2024-05-18 17:00:00,28.3,0,1370.7
2024-05-18 18:00:00,27.9,0,1421.6
2024-05-18 19:00:00,28.2,0,1396.4
2024-05-18 20:00:00,23.7,0,1048.3
2024-05-18 21:00:00,21.5,0,1009.9
2024-05-18 22:00:00,25.3,0,1131.4
2024-05-18 23:00:00,23.1,0,964.2
2024-05-19 00:00:00,19.9,0,683.5
2024-05-19 01:00:00,22.8,0,821.1
2024-05-19 02:00:00,20.9,0,625.5
2024-05-19 03:00:00,21.4,0,698.3
2024-05-19 04:00:00,21.7,0,642.5
2024-05-19 05:00:00,26.1,0,844.4
2024-05-19 06:00:00,25.2,0,963.7
2024-05-19 07:00:00,27.3,0,1217.4
2024-05-19 08:00:00,28.2,0,1405.4
2024-05-19 09:00:00,26.5,0,1163.7
2024-05-19 10:00:00,28.0,0,1312.5
2024-05-19 11:00:00,30.9,0,1527.2
2024-05-19 12:00:00,29.6,0,1329.5
2024-05-19 13:00:00,34.8,0,2010.9
2024-05-19 14:00:00,29.9,0,1393.2
2024-05-19 15:00:00,29.2,0,1340.2
2024-05-19 16:00:00,30.5,0,1502.4
2024-05-19 17:00:00,30.5,0,1607.0
2024-05-19 18:00:00,26.6,0,1297.6
2024-05-19 19:00:00,21.4,0,1103.4
2024-05-19 20:00:00,22.1,0,1114.5
2024-05-19 21:00:00,24.3,0,1002.4
2024-05-19 22:00:00,20.8,0,975.7
2024-05-19 23:00:00,21.2,0,976.5
2024-05-20 00:00:00,21.1,0,775.8
2024-05-20 01:00:00,22.0,0,719.4
2024-05-20 02:00:00,24.8,0,748.2
2024-05-20 03:00:00,20.9,0,619.6
2024-05-20 04:00:00,23.9,0,800.6
2024-05-20 05:00:00,22.3,0,788.8
2024-05-20 06:00:00,29.7,0,1286.3
2024-05-20 07:00:00,29.2,0,1337.1
2024-05-20 08:00:00,30.0,0,1407.6
2024-05-20 09:00:00,30.1,0,1532.6
2024-05-20 10:00:00,31.8,0,1751.0
2024-05-20 11:00:00,32.5,0,1712.9
2024-05-20 12:00:00,31.1,0,1483.2
2024-05-20 13:00:00,31.5,0,1554.5
2024-05-20 14:00:00,33.0,0,1649.4
2024-05-20 15:00:00,26.3,0,1072.4
2024-05-20 16:00:00,31.1,0,1499.3
2024-05-20 17:00:00,26.7,0,1221.3
2024-05-20 18:00:00,26.8,0,1325.7
2024-05-20 19:00:00,22.6,0,1057.4
2024-05-20 20:00:00,24.4,0,1123.9
2024-05-20 21:00:00,19.9,0,1010.9
2024-05-20 22:00:00,25.9,0,1144.1
2024-05-20 23:00:00,21.7,0,957.6
2024-05-21 00:00:00,21.1,0,591.0
2024-05-21 01:00:00,23.5,0,640.2
2024-05-21 02:00:00,24.3,0,713.5
2024-05-21 03:00:00,22.4,0,509.5
2024-05-21 04:00:00,26.1,0,823.2
2024-05-21 05:00:00,22.1,0,620.8
2024-05-21 06:00:00,26.0,0,833.9
2024-05-21 07:00:00,30.3,0,1156.9
2024-05-21 08:00:00,29.9,0,1266.9
2024-05-21 09:00:00,31.9,0,1614.6
2024-05-21 10:00:00,29.8,0,1342.9
2024-05-21 11:00:00,28.2,0,1125.1
2024-05-21 12:00:00,31.8,0,1456.0
2024-05-21 13:00:00,27.9,0,1083.1
2024-05-21 14:00:00,33.3,0,1607.8
2024-05-21 15:00:00,27.1,0,1010.8
2024-05-21 16:00:00,30.3,0,1282.6
2024-05-21 17:00:00,27.0,0,1112.1
2024-05-21 18:00:00,25.7,0,1070.3
2024-05-21 19:00:00,28.2,0,1218.7
2024-05-21 20:00:00,28.4,0,1238.8
2024-05-21 21:00:00,24.4,0,943.5
2024-05-21 22:00:00,23.2,0,855.4
2024-05-21 23:00:00,19.8,0,772.2
2024-05-22 00:00:00,19.0,0,581.4
2024-05-22 01:00:00,22.8,0,709.0
2024-05-22 02:00:00,17.1,0,520.5
2024-05-22 03:00:00,20.7,0,557.8
2024-05-22 04:00:00,24.4,0,586.3
2024-05-22 05:00:00,23.3,0,648.7
2024-05-22 06:00:00,25.5,0,779.9
2024-05-22 07:00:00,32.0,0,1516.1
2024-05-22 08:00:00,30.8,0,1411.1
2024-05-22 09:00:00,28.4,0,1282.5
2024-05-22 10:00:00,31.1,0,1470.7
2024-05-22 11:00:00,33.7,0,1797.5
2024-05-22 12:00:00,32.6,0,1566.9
2024-05-22 13:00:00,31.2,0,1402.1
2024-05-22 14:00:00,31.0,0,1357.2
2024-05-22 15:00:00,31.7,0,1374.3
2024-05-22 16:00:00,25.1,0,954.9
2024-05-22 17:00:00,25.8,0,1088.0
2024-05-22 18:00:00,29.5,0,1353.7
2024-05-22 19:00:00,29.4,0,1338.6
2024-05-22 20:00:00,22.8,0,987.6
2024-05-22 21:00:00,26.0,0,989.5
2024-05-22 22:00:00,19.5,0,929.5
2024-05-22 23:00:00,19.5,0,824.9
2024-05-23 00:00:00,19.0,0,762.7
2024-05-23 01:00:00,22.4,0,808.1
2024-05-23 02:00:00,26.4,0,907.8
2024-05-23 03:00:00,22.4,0,727.3
2024-05-23 04:00:00,24.6,0,762.8
2024-05-23 05:00:00,28.2,0,1134.4
2024-05-23 06:00:00,23.8,0,788.0
2024-05-23 07:00:00,26.7,0,1158.7
2024-05-23 08:00:00,29.9,0,1481.8
2024-05-23 09:00:00,31.4,0,1579.7
2024-05-23 10:00:00,31.8,0,1731.6
2024-05-23 11:00:00,29.8,0,1427.2
2024-05-23 12:00:00,30.3,0,1448.8
2024-05-23 13:00:00,28.8,0,1222.6
2024-05-23 14:00:00,29.9,0,1419.3
2024-05-23 15:00:00,30.9,0,1465.9
2024-05-23 16:00:00,34.1,0,1929.7
2024-05-23 17:00:00,30.7,0,1548.0
2024-05-23 18:00:00,28.2,0,1327.2
2024-05-23 19:00:00,20.3,0,1055.0
2024-05-23 20:00:00,26.3,0,1230.7
2024-05-23 21:00:00,22.5,0,1035.7
2024-05-23 22:00:00,23.1,0,987.8
2024-05-23 23:00:00,22.4,0,964.7
2024-05-24 00:00:00,19.9,0,725.4
2024-05-24 01:00:00,20.9,0,701.4
2024-05-24 02:00:00,23.9,0,789.2
2024-05-24 03:00:00,23.5,0,580.3
2024-05-24 04:00:00,25.0,0,843.2
2024-05-24 05:00:00,23.0,0,761.1
2024-05-24 06:00:00,26.9,0,1129.9
2024-05-24 07:00:00,28.4,0,1289.3
2024-05-24 08:00:00,30.8,0,1625.6
2024-05-24 09:00:00,30.9,0,1681.1
2024-05-24 10:00:00,29.5,0,1492.7
2024-05-24 11:00:00,34.0,0,1905.4
2024-05-24 12:00:00,32.5,0,1641.9
2024-05-24 13:00:00,31.8,0,1565.0
2024-05-24 14:00:00,35.1,0,1985.9
2024-05-24 15:00:00,30.7,0,1563.1
2024-05-24 16:00:00,31.3,0,1590.3
2024-05-24 17:00:00,26.5,0,1249.1
2024-05-24 18:00:00,29.1,0,1503.9
2024-05-24 19:00:00,28.6,0,1412.8
2024-05-24 20:00:00,22.4,0,1141.6
2024-05-24 21:00:00,21.9,0,1045.2
2024-05-24 22:00:00,24.3,0,1061.8
2024-05-24 23:00:00,24.9,0,1037.3
2024-05-25 00:00:00,18.1,0,777.6
2024-05-25 01:00:00,20.2,0,651.2
2024-05-25 02:00:00,19.8,0,753.4
2024-05-25 03:00:00,22.4,0,793.1
2024-05-25 04:00:00,25.2,0,859.1
2024-05-25 05:00:00,27.0,0,1028.5
2024-05-25 06:00:00,25.8,0,1059.3
2024-05-25 07:00:00,29.5,0,1368.5
2024-05-25 08:00:00,30.9,0,1603.9
2024-05-25 09:00:00,31.7,0,1687.8
2024-05-25 10:00:00,30.1,0,1615.2
2024-05-25 11:00:00,33.1,0,1778.1
2024-05-25 12:00:00,31.8,0,1602.6
2024-05-25 13:00:00,30.7,0,1482.6
2024-05-25 14:00:00,32.4,0,1622.5
2024-05-25 15:00:00,29.6,0,1354.7
2024-05-25 16:00:00,30.5,0,1517.5
2024-05-25 17:00:00,29.1,0,1418.9
2024-05-25 18:00:00,27.0,0,1375.4
2024-05-25 19:00:00,23.3,0,1068.4
2024-05-25 20:00:00,22.7,0,1105.2
2024-05-25 21:00:00,26.5,0,1204.7
2024-05-25 22:00:00,21.0,0,923.3
2024-05-25 23:00:00,17.6,0,1027.0
2024-05-26 00:00:00,24.9,0,961.4
2024-05-26 01:00:00,24.1,0,708.1
2024-05-26 02:00:00,24.2,0,897.8
2024-05-26 03:00:00,24.0,0,853.7
2024-05-26 04:00:00,26.7,0,951.0
2024-05-26 05:00:00,23.9,0,900.2
2024-05-26 06:00:00,27.8,0,1098.8
2024-05-26 07:00:00,29.0,0,1372.7
2024-05-26 08:00:00,28.0,0,1256.0
2024-05-26 09:00:00,32.0,0,1727.3
2024-05-26 10:00:00,28.6,0,1400.4
2024-05-26 11:00:00,33.0,0,1854.9
2024-05-26 12:00:00,29.9,0,1465.0
2024-05-26 13:00:00,31.8,0,1586.4
2024-05-26 14:00:00,35.4,0,1992.8
2024-05-26 15:00:00,30.5,0,1405.5
2024-05-26 16:00:00,30.7,0,1525.3
2024-05-26 17:00:00,26.8,0,1320.8
2024-05-26 18:00:00,24.2,0,1073.0
2024-05-26 19:00:00,25.5,0,1227.6
2024-05-26 20:00:00,26.0,0,1205.1
2024-05-26 21:00:00,26.9,0,1262.5
2024-05-26 22:00:00,23.4,0,1004.2
2024-05-26 23:00:00,21.0,0,852.0
2024-05-27 00:00:00,27.8,0,1069.0
2024-05-27 01:00:00,21.8,0,697.0
2024-05-27 02:00:00,20.7,0,697.4
2024-05-27 03:00:00,28.9,0,1046.0
2024-05-27 04:00:00,26.7,0,928.7
2024-05-27 05:00:00,25.9,0,909.0
2024-05-27 06:00:00,26.7,0,1109.1
2024-05-27 07:00:00,28.3,0,1280.4
2024-05-27 08:00:00,30.1,0,1558.4
2024-05-27 09:00:00,31.4,0,1730.9
2024-05-27 10:00:00,29.7,0,1438.2
2024-05-27 11:00:00,33.9,0,1897.9
2024-05-27 12:00:00,27.5,0,1188.7
2024-05-27 13:00:00,32.1,0,1581.3
2024-05-27 14:00:00,31.1,0,1538.3
2024-05-27 15:00:00,33.2,0,1833.1
2024-05-27 16:00:00,32.1,0,1753.2
2024-05-27 17:00:00,30.8,0,1684.1
2024-05-27 18:00:00,27.5,0,1383.6
2024-05-27 19:00:00,25.3,0,1279.8
2024-05-27 20:00:00,23.6,0,1113.6
2024-05-27 21:00:00,26.2,0,1321.3
2024-05-27 22:00:00,23.6,0,991.1
2024-05-27 23:00:00,17.1,0,953.8
2024-05-28 00:00:00,25.6,0,798.2
2024-05-28 01:00:00,23.7,0,658.9
2024-05-28 02:00:00,22.8,0,560.2
2024-05-28 03:00:00,22.8,0,654.5
2024-05-28 04:00:00,25.2,0,803.6
2024-05-28 05:00:00,26.7,0,851.1
2024-05-28 06:00:00,28.2,0,1105.7
2024-05-28 07:00:00,26.7,0,1071.9
2024-05-28 08:00:00,30.9,0,1392.2
2024-05-28 09:00:00,29.9,0,1370.9
2024-05-28 10:00:00,31.6,0,1622.8
2024-05-28 11:00:00,33.3,0,1701.5
2024-05-28 12:00:00,33.4,0,1712.4
2024-05-28 13:00:00,34.5,0,1874.8
2024-05-28 14:00:00,32.8,0,1635.4
2024-05-28 15:00:00,31.7,0,1508.5
2024-05-28 16:00:00,29.7,0,1319.1
2024-05-28 17:00:00,30.4,0,1456.7
2024-05-28 18:00:00,29.9,0,1431.1
2024-05-28 19:00:00,25.0,0,1052.7
2024-05-28 20:00:00,24.6,0,1062.8
2024-05-28 21:00:00,22.9,0,964.0
2024-05-28 22:00:00,21.7,0,859.5
2024-05-28 23:00:00,22.8,0,825.8
2024-05-29 00:00:00,20.9,0,761.7
2024-05-29 01:00:00,23.4,0,564.1
2024-05-29 02:00:00,25.2,0,721.9
2024-05-29 03:00:00,24.8,0,730.5
2024-05-29 04:00:00,25.2,0,779.7
2024-05-29 05:00:00,27.7,0,861.4
2024-05-29 06:00:00,27.8,0,1051.2
2024-05-29 07:00:00,30.8,0,1344.5
2024-05-29 08:00:00,30.5,0,1456.1
2024-05-29 09:00:00,30.4,0,1478.9
2024-05-29 10:00:00,34.2,0,1877.9
2024-05-29 11:00:00,31.7,0,1464.7
2024-05-29 12:00:00,34.0,0,1728.3
2024-05-29 13:00:00,36.9,0,2225.7
2024-05-29 14:00:00,31.0,0,1399.4
2024-05-29 15:00:00,30.5,0,1310.7
2024-05-29 16:00:00,28.8,0,1146.0
2024-05-29 17:00:00,26.7,0,1101.8
2024-05-29 18:00:00,30.6,0,1469.7
2024-05-29 19:00:00,27.0,0,1112.4
2024-05-29 20:00:00,25.1,0,1090.5
2024-05-29 21:00:00,25.1,0,1047.9
2024-05-29 22:00:00,20.6,0,830.2
2024-05-29 23:00:00,20.2,0,852.8
2024-05-30 00:00:00,23.9,0,899.0
2024-05-30 01:00:00,22.2,0,802.1
2024-05-30 02:00:00,25.7,0,906.5
2024-05-30 03:00:00,20.2,0,701.8
2024-05-30 04:00:00,25.0,0,921.9
2024-05-30 05:00:00,25.1,0,854.8
2024-05-30 06:00:00,29.8,0,1293.9
2024-05-30 07:00:00,31.1,0,1500.0
2024-05-30 08:00:00,30.6,0,1538.6
2024-05-30 09:00:00,32.7,0,1842.5
2024-05-30 10:00:00,32.8,0,1865.1
2024-05-30 11:00:00,29.0,0,1428.0
2024-05-30 12:00:00,35.1,0,2079.5
2024-05-30 13:00:00,32.7,0,1674.2
2024-05-30 14:00:00,30.9,0,1541.9
2024-05-30 15:00:00,30.0,0,1485.4
2024-05-30 16:00:00,32.6,0,1775.0
2024-05-30 17:00:00,29.9,0,1477.9
2024-05-30 18:00:00,26.8,0,1329.5
2024-05-30 19:00:00,27.7,0,1344.7
2024-05-30 20:00:00,25.2,0,1199.3
2024-05-30 21:00:00,22.3,0,1083.5
2024-05-30 22:00:00,23.6,0,1049.0
2024-05-30 23:00:00,19.9,0,963.9
2024-05-31 00:00:00,22.9,0,811.4
2024-05-31 01:00:00,23.9,0,808.7
2024-05-31 02:00:00,27.3,0,925.9
2024-05-31 03:00:00,25.3,0,904.8
2024-05-31 04:00:00,24.9,0,846.5
2024-05-31 05:00:00,25.6,0,910.4
2024-05-31 06:00:00,27.2,0,1054.5
2024-05-31 07:00:00,29.3,0,1442.9
2024-05-31 08:00:00,27.0,0,1285.9
2024-05-31 09:00:00,34.9,0,2108.0
2024-05-31 10:00:00,33.3,0,1938.9
2024-05-31 11:00:00,30.6,0,1620.8
2024-05-31 12:00:00,33.8,0,1938.1
2024-05-31 13:00:00,31.2,0,1525.9
2024-05-31 14:00:00,30.3,0,1482.1
2024-05-31 15:00:00,33.3,0,1841.5
2024-05-31 16:00:00,29.0,0,1356.3
2024-05-31 17:00:00,27.7,0,1465.3
2024-05-31 18:00:00,26.8,0,1276.7
2024-05-31 19:00:00,29.4,0,1523.9
2024-05-31 20:00:00,24.5,0,1184.0
2024-05-31 21:00:00,25.8,0,1184.3
2024-05-31 22:00:00,24.8,0,1178.4
2024-05-31 23:00:00,23.7,0,942.3
2024-06-01 00:00:00,19.1,0,807.1
2024-06-01 01:00:00,25.3,0,916.0
2024-06-01 02:00:00,24.2,0,893.0
2024-06-01 03:00:00,23.5,0,748.1
2024-06-01 04:00:00,26.1,0,960.7
2024-06-01 05:00:00,28.8,0,1131.5
2024-06-01 06:00:00,28.0,0,1142.5
2024-06-01 07:00:00,29.7,0,1397.2
2024-06-01 08:00:00,31.5,0,1694.2
2024-06-01 09:00:00,29.9,0,1570.1
2024-06-01 10:00:00,30.9,0,1723.5
2024-06-01 11:00:00,33.0,0,1779.9
2024-06-01 12:00:00,29.7,0,1349.6
2024-06-01 13:00:00,35.5,0,2183.0
2024-06-01 14:00:00,28.5,0,1228.5
2024-06-01 15:00:00,31.9,0,1689.3
2024-06-01 16:00:00,31.3,0,1715.6
2024-06-01 17:00:00,30.6,0,1609.7
2024-06-01 18:00:00,23.1,0,1078.5
2024-06-01 19:00:00,26.9,0,1415.0
2024-06-01 20:00:00,22.5,0,1101.4
2024-06-01 21:00:00,27.0,0,1306.9
2024-06-01 22:00:00,23.3,0,1115.6
2024-06-01 23:00:00,22.6,0,1004.9
2024-06-02 00:00:00,23.9,0,942.4
2024-06-02 01:00:00,27.4,0,1061.8
2024-06-02 02:00:00,24.0,0,838.1
2024-06-02 03:00:00,21.1,0,694.6
2024-06-02 04:00:00,25.7,0,898.1
2024-06-02 05:00:00,28.4,0,1150.8
2024-06-02 06:00:00,25.3,0,1093.2
2024-06-02 07:00:00,27.6,0,1339.4
2024-06-02 08:00:00,30.8,0,1589.1
2024-06-02 09:00:00,30.0,0,1542.7
2024-06-02 10:00:00,33.5,0,1916.6
2024-06-02 11:00:00,35.0,0,2119.8
2024-06-02 12:00:00,30.6,0,1440.2
2024-06-02 13:00:00,35.2,0,2105.7
2024-06-02 14:00:00,36.1,0,2198.0
2024-06-02 15:00:00,31.4,0,1569.2
2024-06-02 16:00:00,32.7,0,1869.7
2024-06-02 17:00:00,29.6,0,1586.3
2024-06-02 18:00:00,29.1,0,1495.9
2024-06-02 19:00:00,25.6,0,1190.6
2024-06-02 20:00:00,26.7,0,1325.4
2024-06-02 21:00:00,24.2,0,1176.7
2024-06-02 22:00:00,22.8,0,1048.7
2024-06-02 23:00:00,21.1,0,1063.0
2024-06-03 00:00:00,23.9,0,848.6
2024-06-03 01:00:00,25.5,0,904.1
2024-06-03 02:00:00,20.1,0,722.6
2024-06-03 03:00:00,21.2,0,720.5
2024-06-03 04:00:00,22.0,0,717.0
2024-06-03 05:00:00,27.0,0,1006.7
2024-06-03 06:00:00,28.2,0,1256.3
2024-06-03 07:00:00,27.7,0,1249.3
2024-06-03 08:00:00,32.1,0,1799.7
2024-06-03 09:00:00,32.3,0,1888.7
2024-06-03 10:00:00,31.6,0,1695.4
2024-06-03 11:00:00,33.8,0,2007.5
2024-06-03 12:00:00,33.1,0,1941.3
2024-06-03 13:00:00,36.6,0,2398.1
2024-06-03 14:00:00,33.3,0,1846.0
2024-06-03 15:00:00,28.9,0,1375.4
2024-06-03 16:00:00,29.3,0,1439.2
2024-06-03 17:00:00,30.3,0,1610.0
2024-06-03 18:00:00,27.6,0,1344.0
2024-06-03 19:00:00,26.2,0,1320.0
2024-06-03 20:00:00,28.0,0,1338.0
2024-06-03 21:00:00,24.3,0,1182.0
2024-06-03 22:00:00,22.2,0,1001.2
2024-06-03 23:00:00,25.1,0,1141.2
2024-06-04 00:00:00,21.9,0,719.6
2024-06-04 01:00:00,24.5,0,667.5
2024-06-04 02:00:00,24.5,0,676.5
2024-06-04 03:00:00,27.8,0,917.4
2024-06-04 04:00:00,28.5,0,889.1
2024-06-04 05:00:00,24.5,0,668.3
2024-06-04 06:00:00,25.1,0,843.5
2024-06-04 07:00:00,30.7,0,1396.5
2024-06-04 08:00:00,31.0,0,1491.4
2024-06-04 09:00:00,30.2,0,1480.1
2024-06-04 10:00:00,32.4,0,1552.6
2024-06-04 11:00:00,36.7,0,2189.5
2024-06-04 12:00:00,33.7,0,1713.2
2024-06-04 13:00:00,35.3,0,1995.2
2024-06-04 14:00:00,30.7,0,1363.9
2024-06-04 15:00:00,32.5,0,1539.2
2024-06-04 16:00:00,30.0,0,1316.5
2024-06-04 17:00:00,28.6,0,1325.6
2024-06-04 18:00:00,26.9,0,1230.6
2024-06-04 19:00:00,30.0,0,1343.9
2024-06-04 20:00:00,23.9,0,988.3
2024-06-04 21:00:00,23.2,0,923.4
2024-06-04 22:00:00,24.9,0,1044.3
2024-06-04 23:00:00,24.9,0,894.6
2024-06-05 00:00:00,21.8,0,753.3
2024-06-05 01:00:00,21.9,0,610.9
2024-06-05 02:00:00,25.6,0,749.1
2024-06-05 03:00:00,23.5,0,667.4
2024-06-05 04:00:00,28.8,0,937.0
2024-06-05 05:00:00,27.1,0,842.1
2024-06-05 06:00:00,28.7,0,1174.1
2024-06-05 07:00:00,29.0,0,1289.2
2024-06-05 08:00:00,33.8,0,1910.0
2024-06-05 09:00:00,30.4,0,1422.2
2024-06-05 10:00:00,30.3,0,1433.0
2024-06-05 11:00:00,29.8,0,1317.6
2024-06-05 12:00:00,31.9,0,1514.6
2024-06-05 13:00:00,35.3,0,1924.9
2024-06-05 14:00:00,30.9,0,1455.7
2024-06-05 15:00:00,30.9,0,1396.4
2024-06-05 16:00:00,29.3,0,1239.8
2024-06-05 17:00:00,29.7,0,1377.7
2024-06-05 18:00:00,27.1,0,1239.9
2024-06-05 19:00:00,23.6,0,1031.9
2024-06-05 20:00:00,29.5,0,1403.1
2024-06-05 21:00:00,23.8,0,1008.0
2024-06-05 22:00:00,24.3,0,1010.4
2024-06-05 23:00:00,28.0,0,1169.6
2024-06-06 00:00:00,25.3,0,946.1
2024-06-06 01:00:00,20.7,0,838.4
2024-06-06 02:00:00,25.9,0,945.3
2024-06-06 03:00:00,23.7,0,789.1
2024-06-06 04:00:00,23.2,0,819.8
2024-06-06 05:00:00,29.0,0,1151.6
2024-06-06 06:00:00,29.1,0,1297.0
2024-06-06 07:00:00,32.5,0,1724.6
2024-06-06 08:00:00,30.8,0,1638.0
2024-06-06 09:00:00,30.9,0,1611.2
2024-06-06 10:00:00,31.4,0,1721.7
2024-06-06 11:00:00,35.3,0,2118.6
2024-06-06 12:00:00,34.8,0,2029.7
2024-06-06 13:00:00,32.1,0,1723.8
2024-06-06 14:00:00,35.3,0,2103.7
2024-06-06 15:00:00,33.0,0,1804.7
2024-06-06 16:00:00,30.5,0,1575.7
2024-06-06 17:00:00,28.3,0,1423.8
2024-06-06 18:00:00,30.5,0,1624.9
2024-06-06 19:00:00,25.3,0,1218.7
2024-06-06 20:00:00,31.5,0,1786.9
2024-06-06 21:00:00,23.7,0,1091.1
2024-06-06 22:00:00,26.2,0,1096.7
2024-06-06 23:00:00,22.2,0,954.2
2024-06-07 00:00:00,24.7,0,894.5
2024-06-07 01:00:00,22.4,0,834.1
2024-06-07 02:00:00,26.6,0,983.5
2024-06-07 03:00:00,26.3,0,900.5
2024-06-07 04:00:00,25.5,0,954.8
2024-06-07 05:00:00,30.2,0,1325.9
2024-06-07 06:00:00,29.6,0,1384.9
2024-06-07 07:00:00,30.1,0,1440.0
2024-06-07 08:00:00,29.5,0,1475.0
2024-06-07 09:00:00,31.4,0,1710.4
2024-06-07 10:00:00,31.2,0,1754.0
2024-06-07 11:00:00,33.4,0,1971.2
2024-06-07 12:00:00,32.6,0,1697.3
2024-06-07 13:00:00,36.0,0,2267.0
2024-06-07 14:00:00,33.5,0,1792.6
2024-06-07 15:00:00,30.7,0,1440.4
2024-06-07 16:00:00,28.9,0,1377.3
2024-06-07 17:00:00,29.2,0,1526.7
2024-06-07 18:00:00,25.3,0,1275.6
2024-06-07 19:00:00,27.0,0,1346.6
2024-06-07 20:00:00,27.7,0,1273.3
2024-06-07 21:00:00,22.4,0,1122.3
2024-06-07 22:00:00,23.7,0,1023.1
2024-06-07 23:00:00,23.1,0,1024.5
2024-06-08 00:00:00,23.7,0,886.4
2024-06-08 01:00:00,26.1,0,928.2
2024-06-08 02:00:00,24.7,0,870.5
2024-06-08 03:00:00,24.4,0,827.6
2024-06-08 04:00:00,26.7,0,939.8
2024-06-08 05:00:00,29.1,0,1271.6
2024-06-08 06:00:00,29.7,0,1348.5
2024-06-08 07:00:00,31.0,0,1632.5
2024-06-08 08:00:00,33.3,0,2019.3
2024-06-08 09:00:00,34.6,0,2169.2
2024-06-08 10:00:00,34.5,0,2190.3
2024-06-08 11:00:00,33.6,0,1912.9
2024-06-08 12:00:00,33.6,0,1951.5
2024-06-08 13:00:00,33.2,0,1744.2
2024-06-08 14:00:00,30.4,0,1631.4
2024-06-08 15:00:00,37.0,0,2429.9
2024-06-08 16:00:00,29.9,0,1562.0
2024-06-08 17:00:00,29.6,0,1600.2
2024-06-08 18:00:00,23.7,0,1344.3
2024-06-08 19:00:00,24.3,0,1254.3
2024-06-08 20:00:00,25.2,0,1192.3
2024-06-08 21:00:00,23.7,0,1119.1
2024-06-08 22:00:00,23.5,0,1050.5
2024-06-08 23:00:00,22.8,0,1060.0
2024-06-09 00:00:00,24.7,0,893.5
2024-06-09 01:00:00,23.7,0,907.4
2024-06-09 02:00:00,23.4,0,808.8
2024-06-09 03:00:00,27.3,0,1035.1
2024-06-09 04:00:00,28.1,0,1108.6
2024-06-09 05:00:00,24.9,0,954.8
2024-06-09 06:00:00,28.4,0,1225.6
2024-06-09 07:00:00,32.7,0,1799.9
2024-06-09 08:00:00,32.3,0,1769.5
2024-06-09 09:00:00,33.7,0,1984.8
2024-06-09 10:00:00,34.0,0,1979.1
2024-06-09 11:00:00,31.7,0,1695.6
2024-06-09 12:00:00,35.3,0,2149.1
2024-06-09 13:00:00,33.3,0,1900.8
2024-06-09 14:00:00,33.2,0,1787.2
2024-06-09 15:00:00,32.7,0,1822.6
2024-06-09 16:00:00,29.7,0,1570.4
2024-06-09 17:00:00,32.1,0,1907.3
2024-06-09 18:00:00,29.6,0,1652.8
2024-06-09 19:00:00,28.1,0,1425.5
2024-06-09 20:00:00,25.5,0,1348.2
2024-06-09 21:00:00,21.5,0,1048.4
2024-06-09 22:00:00,23.2,0,1101.0
2024-06-09 23:00:00,25.4,0,1144.3
2024-06-10 00:00:00,23.3,0,913.8
2024-06-10 01:00:00,21.8,0,824.5
2024-06-10 02:00:00,26.6,0,1008.7
2024-06-10 03:00:00,23.9,0,836.9
2024-06-10 04:00:00,23.7,0,892.7
2024-06-10 05:00:00,28.7,0,1234.5
2024-06-10 06:00:00,30.2,0,1480.2
2024-06-10 07:00:00,30.4,0,1517.8
2024-06-10 08:00:00,35.2,0,2187.4
2024-06-10 09:00:00,35.4,0,2328.8
2024-06-10 10:00:00,33.1,0,1870.7
2024-06-10 11:00:00,31.6,0,1656.6
2024-06-10 12:00:00,36.8,0,2418.0
2024-06-10 13:00:00,36.7,0,2357.1
2024-06-10 14:00:00,32.3,0,1703.3
2024-06-10 15:00:00,32.4,0,1797.5
2024-06-10 16:00:00,30.4,0,1629.4
2024-06-10 17:00:00,30.3,0,1651.6
2024-06-10 18:00:00,27.8,0,1467.5
2024-06-10 19:00:00,27.7,0,1529.8
2024-06-10 20:00:00,27.7,0,1404.3
2024-06-10 21:00:00,22.9,0,1162.0
2024-06-10 22:00:00,24.9,0,1120.4
2024-06-10 23:00:00,24.1,0,1073.2
2024-06-11 00:00:00,25.2,0,785.7
2024-06-11 01:00:00,23.8,0,693.2
2024-06-11 02:00:00,26.5,0,891.5
2024-06-11 03:00:00,25.8,0,727.2
2024-06-11 04:00:00,27.1,0,764.0
2024-06-11 05:00:00,29.1,0,1133.4
2024-06-11 06:00:00,27.9,0,1057.4
2024-06-11 07:00:00,31.4,0,1465.2
2024-06-11 08:00:00,32.4,0,1704.0
2024-06-11 09:00:00,32.1,0,1653.4
2024-06-11 10:00:00,35.9,0,2163.0
2024-06-11 11:00:00,32.3,0,1647.1
2024-06-11 12:00:00,35.7,0,2031.2
2024-06-11 13:00:00,35.8,0,1986.3
2024-06-11 14:00:00,33.2,0,1806.3
2024-06-11 15:00:00,34.2,0,1869.1
2024-06-11 16:00:00,31.3,0,1489.1
2024-06-11 17:00:00,32.0,0,1645.5
2024-06-11 18:00:00,27.0,0,1218.6
2024-06-11 19:00:00,30.5,0,1617.4
2024-06-11 20:00:00,25.6,0,1144.6
2024-06-11 21:00:00,29.0,0,1357.0
2024-06-11 22:00:00,24.4,0,1011.3
2024-06-11 23:00:00,22.5,0,931.9
2024-06-12 00:00:00,20.5,0,665.6
2024-06-12 01:00:00,24.8,0,711.3
2024-06-12 02:00:00,24.2,0,703.9
2024-06-12 03:00:00,26.3,0,688.0
2024-06-12 04:00:00,27.2,0,878.2
2024-06-12 05:00:00,26.7,0,1016.9
2024-06-12 06:00:00,28.9,0,1193.5
2024-06-12 07:00:00,31.6,0,1528.1
2024-06-12 08:00:00,31.9,0,1643.9
2024-06-12 09:00:00,34.6,0,1989.2
2024-06-12 10:00:00,34.9,0,2053.3
2024-06-12 11:00:00,33.1,0,1779.7
2024-06-12 12:00:00,33.4,0,1700.6
2024-06-12 13:00:00,31.0,0,1407.9
2024-06-12 14:00:00,35.6,0,2037.7
2024-06-12 15:00:00,33.7,0,1780.9
2024-06-12 16:00:00,33.3,0,1815.9
2024-06-12 17:00:00,28.9,0,1322.9
2024-06-12 18:00:00,28.1,0,1409.9
2024-06-12 19:00:00,28.5,0,1324.9
2024-06-12 20:00:00,27.7,0,1378.8
2024-06-12 21:00:00,22.1,0,1022.2
2024-06-12 22:00:00,26.0,0,1108.9
2024-06-12 23:00:00,24.1,0,961.8
2024-06-13 00:00:00,23.8,0,987.5
2024-06-13 01:00:00,23.4,0,816.8
2024-06-13 02:00:00,22.7,0,879.2
2024-06-13 03:00:00,27.8,0,1036.3
2024-06-13 04:00:00,28.7,0,1190.2
2024-06-13 05:00:00,25.7,0,991.6
2024-06-13 06:00:00,30.0,0,1437.0
2024-06-13 07:00:00,28.6,0,1356.8
2024-06-13 08:00:00,29.6,0,1588.5
2024-06-13 09:00:00,36.6,0,2497.4
2024-06-13 10:00:00,34.5,0,2186.8
2024-06-13 11:00:00,31.7,0,1750.6
2024-06-13 12:00:00,35.1,0,2174.6
2024-06-13 13:00:00,31.4,0,1668.3
2024-06-13 14:00:00,32.6,0,1754.6
2024-06-13 15:00:00,35.0,0,2164.1
2024-06-13 16:00:00,32.3,0,1787.7
2024-06-13 17:00:00,32.3,0,1940.4
2024-06-13 18:00:00,31.4,0,1860.1
2024-06-13 19:00:00,27.4,0,1357.1
2024-06-13 20:00:00,27.0,0,1380.2
2024-06-13 21:00:00,24.5,0,1203.9
2024-06-13 22:00:00,23.8,0,1223.5
2024-06-13 23:00:00,23.1,0,1133.1
2024-06-14 00:00:00,22.2,0,818.4
2024-06-14 01:00:00,29.5,0,1231.6
2024-06-14 02:00:00,26.2,0,1038.2
2024-06-14 03:00:00,27.3,0,926.8
2024-06-14 04:00:00,24.7,0,881.2
2024-06-14 05:00:00,27.9,0,1179.2
2024-06-14 06:00:00,28.5,0,1309.4
2024-06-14 07:00:00,29.1,0,1389.7
2024-06-14 08:00:00,32.4,0,1898.5
2024-06-14 09:00:00,28.9,0,1555.1
2024-06-14 10:00:00,35.1,0,2182.9
2024-06-14 11:00:00,34.2,0,2047.6
2024-06-14 12:00:00,38.2,0,2719.0
2024-06-14 13:00:00,32.8,0,1791.7
2024-06-14 14:00:00,34.5,0,1986.4
2024-06-14 15:00:00,33.4,0,1855.9
2024-06-14 16:00:00,31.4,0,1700.1
2024-06-14 17:00:00,33.4,0,1977.0
2024-06-14 18:00:00,29.2,0,1543.1
2024-06-14 19:00:00,25.7,0,1367.9
2024-06-14 20:00:00,28.2,0,1528.3
2024-06-14 21:00:00,27.1,0,1350.1
2024-06-14 22:00:00,21.0,0,1118.6
2024-06-14 23:00:00,27.0,0,1344.8
2024-06-15 00:00:00,24.5,0,989.3
2024-06-15 01:00:00,25.0,0,939.6
2024-06-15 02:00:00,24.4,0,861.1
2024-06-15 03:00:00,27.4,0,1074.9
2024-06-15 04:00:00,27.2,0,1048.5
2024-06-15 05:00:00,29.7,0,1358.9
2024-06-15 06:00:00,30.7,0,1417.0
2024-06-15 07:00:00,33.6,0,1967.4
2024-06-15 08:00:00,33.8,0,2064.2
2024-06-15 09:00:00,35.4,0,2247.3
2024-06-15 10:00:00,34.5,0,2148.0
2024-06-15 11:00:00,32.5,0,1780.5
2024-06-15 12:00:00,37.1,0,2444.9
2024-06-15 13:00:00,36.3,0,2346.0
2024-06-15 14:00:00,34.7,0,2069.7
2024-06-15 15:00:00,30.1,0,1541.1
2024-06-15 16:00:00,33.2,0,1980.3
2024-06-15 17:00:00,28.3,0,1564.5
2024-06-15 18:00:00,27.9,0,1405.0
2024-06-15 19:00:00,26.6,0,1392.1
2024-06-15 20:00:00,27.8,0,1452.1
2024-06-15 21:00:00,27.2,0,1315.5
2024-06-15 22:00:00,30.7,0,1656.7
2024-06-15 23:00:00,20.4,0,1078.7
2024-06-16 00:00:00,25.8,0,990.0
2024-06-16 01:00:00,23.7,0,870.9
2024-06-16 02:00:00,27.3,0,1032.0
2024-06-16 03:00:00,28.5,0,1112.2
2024-06-16 04:00:00,25.1,0,859.7
2024-06-16 05:00:00,28.4,0,1241.8
2024-06-16 06:00:00,27.4,0,1165.0
2024-06-16 07:00:00,30.3,0,1491.1
2024-06-16 08:00:00,35.4,0,2227.7
2024-06-16 09:00:00,34.6,0,2197.8
2024-06-16 10:00:00,34.4,0,2175.5
2024-06-16 11:00:00,33.2,0,1833.4
2024-06-16 12:00:00,33.7,0,1918.2
2024-06-16 13:00:00,33.1,0,1741.2
2024-06-16 14:00:00,31.1,0,1556.3
2024-06-16 15:00:00,32.5,0,1779.5
2024-06-16 16:00:00,31.3,0,1730.1
2024-06-16 17:00:00,26.9,0,1362.8
2024-06-16 18:00:00,30.8,0,1726.0
2024-06-16 19:00:00,29.5,0,1677.2
2024-06-16 20:00:00,26.7,0,1334.5
2024-06-16 21:00:00,27.9,0,1394.8
2024-06-16 22:00:00,28.8,0,1527.5
2024-06-16 23:00:00,24.5,0,1134.6
2024-06-17 00:00:00,26.8,0,1169.5
2024-06-17 01:00:00,23.1,0,840.1
2024-06-17 02:00:00,27.7,0,1108.7
2024-06-17 03:00:00,22.3,0,850.2
2024-06-17 04:00:00,27.9,0,1126.5
2024-06-17 05:00:00,30.3,0,1440.3
2024-06-17 06:00:00,29.1,0,1347.3
2024-06-17 07:00:00,30.2,0,1523.9
2024-06-17 08:00:00,34.4,0,2093.0
2024-06-17 09:00:00,33.8,0,2092.7
2024-06-17 10:00:00,36.7,0,2486.3
2024-06-17 11:00:00,38.5,0,2688.0
2024-06-17 12:00:00,37.4,0,2512.0
2024-06-17 13:00:00,34.4,0,1973.7
2024-06-17 14:00:00,34.3,0,1956.5
2024-06-17 15:00:00,33.1,0,1992.4
2024-06-17 16:00:00,31.7,0,1832.3
2024-06-17 17:00:00,29.1,0,1442.1
2024-06-17 18:00:00,33.1,0,2082.4
2024-06-17 19:00:00,31.3,0,1834.8
2024-06-17 20:00:00,29.4,0,1530.5
2024-06-17 21:00:00,27.3,0,1436.3
2024-06-17 22:00:00,24.4,0,1189.5
2024-06-17 23:00:00,25.9,0,1227.0
2024-06-18 00:00:00,22.4,0,725.3
2024-06-18 01:00:00,25.1,0,871.6
2024-06-18 02:00:00,23.0,0,693.8
2024-06-18 03:00:00,25.5,0,838.7
2024-06-18 04:00:00,24.8,0,842.8
2024-06-18 05:00:00,31.3,0,1450.9
2024-06-18 06:00:00,31.4,0,1491.2
2024-06-18 07:00:00,30.8,0,1441.3
2024-06-18 08:00:00,33.0,0,1760.8
2024-06-18 09:00:00,35.1,0,2023.0
2024-06-18 10:00:00,35.9,0,2274.8
2024-06-18 11:00:00,33.7,0,1823.3
2024-06-18 12:00:00,34.1,0,1870.6
2024-06-18 13:00:00,36.8,0,2303.2
2024-06-18 14:00:00,32.7,0,1609.5
2024-06-18 15:00:00,33.0,0,1763.6
2024-06-18 16:00:00,27.7,0,1268.3
2024-06-18 17:00:00,29.5,0,1499.3
2024-06-18 18:00:00,30.8,0,1613.9
2024-06-18 19:00:00,29.4,0,1577.3
2024-06-18 20:00:00,26.5,0,1287.5
2024-06-18 21:00:00,26.4,0,1180.4
2024-06-18 22:00:00,27.4,0,1286.5
2024-06-18 23:00:00,24.0,0,972.5
2024-06-19 00:00:00,23.3,0,858.7
2024-06-19 01:00:00,23.5,0,774.3
2024-06-19 02:00:00,26.8,0,855.6
2024-06-19 03:00:00,25.2,0,891.1
2024-06-19 04:00:00,24.7,0,768.1
2024-06-19 05:00:00,27.9,0,986.3
2024-06-19 06:00:00,31.2,0,1404.2
2024-06-19 07:00:00,26.3,0,1148.7
2024-06-19 08:00:00,33.9,0,1908.0
2024-06-19 09:00:00,29.8,0,1388.6
2024-06-19 10:00:00,32.0,0,1758.4
2024-06-19 11:00:00,32.7,0,1728.3
2024-06-19 12:00:00,35.3,0,2118.6
2024-06-19 13:00:00,37.0,0,2335.8
2024-06-19 14:00:00,32.7,0,1718.2
2024-06-19 15:00:00,35.1,0,2013.8
2024-06-19 16:00:00,29.8,0,1463.4
2024-06-19 17:00:00,28.3,0,1397.1
2024-06-19 18:00:00,30.1,0,1606.3
2024-06-19 19:00:00,27.6,0,1314.7
2024-06-19 20:00:00,24.3,0,1108.6
2024-06-19 21:00:00,28.3,0,1345.3
2024-06-19 22:00:00,26.0,0,1097.9
2024-06-19 23:00:00,21.2,0,931.4
2024-06-20 00:00:00,26.6,0,1123.7
2024-06-20 01:00:00,22.8,0,862.6
2024-06-20 02:00:00,25.4,0,966.1
2024-06-20 03:00:00,28.0,0,1236.1
2024-06-20 04:00:00,24.6,0,903.3
2024-06-20 05:00:00,33.7,0,1787.2
2024-06-20 06:00:00,30.1,0,1442.4
2024-06-20 07:00:00,30.4,0,1619.6
2024-06-20 08:00:00,35.4,0,2275.9
2024-06-20 09:00:00,34.0,0,2127.5
2024-06-20 10:00:00,32.7,0,1976.7
2024-06-20 11:00:00,32.1,0,1707.1
2024-06-20 12:00:00,32.4,0,1800.9
2024-06-20 13:00:00,38.0,0,2591.8
2024-06-20 14:00:00,33.5,0,1914.8
2024-06-20 15:00:00,31.5,0,1838.2
2024-06-20 16:00:00,33.8,0,2116.2
2024-06-20 17:00:00,31.0,0,1741.1
2024-06-20 18:00:00,27.0,0,1389.3
2024-06-20 19:00:00,33.0,0,2015.7
2024-06-20 20:00:00,26.1,0,1492.2
2024-06-20 21:00:00,25.8,0,1346.1
2024-06-20 22:00:00,22.6,0,1102.4
2024-06-20 23:00:00,26.3,0,1205.0
2024-06-21 00:00:00,26.1,0,1074.7
2024-06-21 01:00:00,26.6,0,1099.8
2024-06-21 02:00:00,26.1,0,977.4
2024-06-21 03:00:00,25.3,0,896.9
2024-06-21 04:00:00,28.3,0,1098.3
2024-06-21 05:00:00,29.6,0,1383.7
2024-06-21 06:00:00,30.9,0,1559.1
2024-06-21 07:00:00,28.1,0,1388.3
2024-06-21 08:00:00,30.2,0,1621.9
2024-06-21 09:00:00,30.6,0,1725.5
2024-06-21 10:00:00,32.4,0,1890.8
2024-06-21 11:00:00,34.8,0,2194.5
2024-06-21 12:00:00,34.6,0,2077.8
2024-06-21 13:00:00,31.6,0,1651.0
2024-06-21 14:00:00,33.7,0,1920.9
2024-06-21 15:00:00,32.8,0,1906.1
2024-06-21 16:00:00,32.9,0,1870.7
2024-06-21 17:00:00,28.3,0,1460.7
2024-06-21 18:00:00,31.8,0,1819.2
2024-06-21 19:00:00,23.9,0,1249.5
2024-06-21 20:00:00,25.1,0,1305.7
2024-06-21 21:00:00,25.2,0,1288.4
2024-06-21 22:00:00,24.4,0,1157.4
2024-06-21 23:00:00,23.1,0,1118.2
2024-06-22 00:00:00,28.8,0,1267.0
2024-06-22 01:00:00,27.5,0,1151.2
2024-06-22 02:00:00,26.7,0,1064.5
2024-06-22 03:00:00,26.8,0,1001.2
2024-06-22 04:00:00,28.0,0,1092.9
2024-06-22 05:00:00,27.6,0,1163.0
2024-06-22 06:00:00,28.1,0,1379.2
2024-06-22 07:00:00,36.7,0,2437.5
2024-06-22 08:00:00,27.0,0,1348.9
2024-06-22 09:00:00,33.8,0,2072.9
2024-06-22 10:00:00,35.0,0,2246.2
2024-06-22 11:00:00,34.7,0,2127.5
2024-06-22 12:00:00,32.2,0,1905.4
2024-06-22 13:00:00,36.2,0,2353.0
2024-06-22 14:00:00,36.4,0,2439.6
2024-06-22 15:00:00,35.4,0,2277.8
2024-06-22 16:00:00,31.1,0,1731.3
2024-06-22 17:00:00,30.4,0,1691.3
2024-06-22 18:00:00,30.5,0,1677.0
2024-06-22 19:00:00,28.0,0,1505.1
2024-06-22 20:00:00,28.8,0,1609.3
2024-06-22 21:00:00,26.3,0,1396.1
2024-06-22 22:00:00,27.2,0,1345.2
2024-06-22 23:00:00,23.9,0,1226.5
2024-06-23 00:00:00,22.7,0,889.4
2024-06-23 01:00:00,24.3,0,996.6
2024-06-23 02:00:00,25.1,0,973.9
2024-06-23 03:00:00,25.1,0,881.3
2024-06-23 04:00:00,26.5,0,1032.5
2024-06-23 05:00:00,27.6,0,1180.2
2024-06-23 06:00:00,28.3,0,1280.2
2024-06-23 07:00:00,30.7,0,1705.4
2024-06-23 08:00:00,34.1,0,2148.5
2024-06-23 09:00:00,33.3,0,2004.3
2024-06-23 10:00:00,35.1,0,2270.5
2024-06-23 11:00:00,40.4,0,3186.4
2024-06-23 12:00:00,35.8,0,2290.8
2024-06-23 13:00:00,35.6,0,2260.8
2024-06-23 14:00:00,33.8,0,1943.2
2024-06-23 15:00:00,34.3,0,2082.4
2024-06-23 16:00:00,32.2,0,1835.0
2024-06-23 17:00:00,33.1,0,2112.2
2024-06-23 18:00:00,29.1,0,1574.8
2024-06-23 19:00:00,30.1,0,1733.9
2024-06-23 20:00:00,23.7,0,1254.1
2024-06-23 21:00:00,27.1,0,1449.4
2024-06-23 22:00:00,22.8,0,1184.7
2024-06-23 23:00:00,24.4,0,1123.6
2024-06-24 00:00:00,24.6,0,959.4
2024-06-24 01:00:00,23.6,0,863.5
2024-06-24 02:00:00,27.7,0,1174.5
2024-06-24 03:00:00,26.7,0,1018.9
2024-06-24 04:00:00,26.6,0,994.2
2024-06-24 05:00:00,29.9,0,1340.2
2024-06-24 06:00:00,27.7,0,1223.0
2024-06-24 07:00:00,32.2,0,1844.5
2024-06-24 08:00:00,32.5,0,1962.2
2024-06-24 09:00:00,31.6,0,1820.2
2024-06-24 10:00:00,34.5,0,2168.3
2024-06-24 11:00:00,34.0,0,2107.8
2024-06-24 12:00:00,36.5,0,2427.9
2024-06-24 13:00:00,35.2,0,2232.6
2024-06-24 14:00:00,33.1,0,1896.6
2024-06-24 15:00:00,30.3,0,1590.2
2024-06-24 16:00:00,31.5,0,1772.7
2024-06-24 17:00:00,32.6,0,1870.9
2024-06-24 18:00:00,28.1,0,1536.5
2024-06-24 19:00:00,33.1,0,2008.1
2024-06-24 20:00:00,27.1,0,1469.1
2024-06-24 21:00:00,25.1,0,1229.9
2024-06-24 22:00:00,24.2,0,1260.7
2024-06-24 23:00:00,25.0,0,1221.6
2024-06-25 00:00:00,24.6,0,821.4
2024-06-25 01:00:00,23.1,0,780.2
2024-06-25 02:00:00,27.9,0,982.5
2024-06-25 03:00:00,30.6,0,1213.6
2024-06-25 04:00:00,30.2,0,1104.8
2024-06-25 05:00:00,28.4,0,1165.9
2024-06-25 06:00:00,28.1,0,1200.2
2024-06-25 07:00:00,26.7,0,1119.9
2024-06-25 08:00:00,29.3,0,1457.7
2024-06-25 09:00:00,36.8,0,2350.1
2024-06-25 10:00:00,36.7,0,2420.8
2024-06-25 11:00:00,30.6,0,1529.0
2024-06-25 12:00:00,33.7,0,1849.0
2024-06-25 13:00:00,33.7,0,1697.4
2024-06-25 14:00:00,33.5,0,1802.4
2024-06-25 15:00:00,34.0,0,1939.2
2024-06-25 16:00:00,33.3,0,1886.4
2024-06-25 17:00:00,31.7,0,1747.4
2024-06-25 18:00:00,26.9,0,1310.0
2024-06-25 19:00:00,28.8,0,1468.4
2024-06-25 20:00:00,32.0,0,1797.5
2024-06-25 21:00:00,26.0,0,1244.0
2024-06-25 22:00:00,23.0,0,1029.0
2024-06-25 23:00:00,25.2,0,1039.6
2024-06-26 00:00:00,23.5,0,819.9
2024-06-26 01:00:00,25.2,0,933.6
2024-06-26 02:00:00,26.9,0,1038.8
2024-06-26 03:00:00,25.5,0,854.7
2024-06-26 04:00:00,26.5,0,916.1
2024-06-26 05:00:00,26.3,0,1010.3
2024-06-26 06:00:00,33.4,0,1783.7
2024-06-26 07:00:00,30.1,0,1477.9
2024-06-26 08:00:00,33.9,0,1943.9
2024-06-26 09:00:00,31.4,0,1695.5
2024-06-26 10:00:00,34.8,0,2089.1
2024-06-26 11:00:00,31.7,0,1665.1
2024-06-26 12:00:00,38.8,0,2630.5
2024-06-26 13:00:00,33.1,0,1722.7
2024-06-26 14:00:00,35.1,0,2001.5
2024-06-26 15:00:00,33.8,0,1879.3
2024-06-26 16:00:00,27.5,0,1299.4
2024-06-26 17:00:00,28.5,0,1430.0
2024-06-26 18:00:00,31.2,0,1794.6
2024-06-26 19:00:00,25.4,0,1207.9
2024-06-26 20:00:00,28.9,0,1459.7
2024-06-26 21:00:00,24.0,0,1164.2
2024-06-26 22:00:00,27.1,0,1175.7
2024-06-26 23:00:00,23.7,0,1005.8
2024-06-27 00:00:00,23.2,0,950.2
2024-06-27 01:00:00,24.7,0,982.4
2024-06-27 02:00:00,26.1,0,1080.9
2024-06-27 03:00:00,26.8,0,1046.3
2024-06-27 04:00:00,29.5,0,1268.9
2024-06-27 05:00:00,25.5,0,1069.0
2024-06-27 06:00:00,32.6,0,1786.2
2024-06-27 07:00:00,31.8,0,1690.0
2024-06-27 08:00:00,33.9,0,2097.0
2024-06-27 09:00:00,34.0,0,2189.3
2024-06-27 10:00:00,33.5,0,2057.2
2024-06-27 11:00:00,33.9,0,2126.3
2024-06-27 12:00:00,35.9,0,2328.3
2024-06-27 13:00:00,33.9,0,1920.5
2024-06-27 14:00:00,37.1,0,2413.8
2024-06-27 15:00:00,35.3,0,2328.5
2024-06-27 16:00:00,30.2,0,1677.1
2024-06-27 17:00:00,28.3,0,1502.6
2024-06-27 18:00:00,32.5,0,1965.3
2024-06-27 19:00:00,30.0,0,1662.6
2024-06-27 20:00:00,25.4,0,1445.2
2024-06-27 21:00:00,25.8,0,1299.3
2024-06-27 22:00:00,25.2,0,1360.2
2024-06-27 23:00:00,25.9,0,1274.2
2024-06-28 00:00:00,27.0,0,1194.5
2024-06-28 01:00:00,24.9,0,1008.8
2024-06-28 02:00:00,24.8,0,978.5
2024-06-28 03:00:00,28.3,0,1134.6
2024-06-28 04:00:00,28.1,0,1105.0
2024-06-28 05:00:00,27.4,0,1127.8
2024-06-28 06:00:00,30.4,0,1574.3
2024-06-28 07:00:00,30.2,0,1547.9
2024-06-28 08:00:00,32.5,0,2024.2
2024-06-28 09:00:00,32.9,0,2078.6
2024-06-28 10:00:00,35.7,0,2369.6
2024-06-28 11:00:00,36.3,0,2510.4
2024-06-28 12:00:00,33.3,0,2011.8
2024-06-28 13:00:00,35.0,0,2093.4
2024-06-28 14:00:00,34.6,0,2116.6
2024-06-28 15:00:00,33.6,0,2155.5
2024-06-28 16:00:00,31.1,0,1737.5
2024-06-28 17:00:00,34.3,0,2229.5
2024-06-28 18:00:00,28.7,0,1483.3
2024-06-28 19:00:00,28.8,0,1628.0
2024-06-28 20:00:00,27.2,0,1513.7
2024-06-28 21:00:00,23.5,0,1163.7
2024-06-28 22:00:00,22.4,0,1259.5
2024-06-28 23:00:00,24.5,0,1238.0
2024-06-29 00:00:00,27.6,0,1242.3
2024-06-29 01:00:00,27.3,0,1129.4
2024-06-29 02:00:00,24.1,0,871.5
2024-06-29 03:00:00,28.9,0,1306.3
2024-06-29 04:00:00,25.7,0,977.4
2024-06-29 05:00:00,27.3,0,1198.5
2024-06-29 06:00:00,32.7,0,1787.5
2024-06-29 07:00:00,35.2,0,2212.9
2024-06-29 08:00:00,30.6,0,1687.4
2024-06-29 09:00:00,34.2,0,2217.4
2024-06-29 10:00:00,33.7,0,2114.9
2024-06-29 11:00:00,35.3,0,2293.7
2024-06-29 12:00:00,35.8,0,2291.2
2024-06-29 13:00:00,32.8,0,1901.8
2024-06-29 14:00:00,37.7,0,2599.6
2024-06-29 15:00:00,31.9,0,1908.8
2024-06-29 16:00:00,31.7,0,1883.1
2024-06-29 17:00:00,30.8,0,1838.9
2024-06-29 18:00:00,30.6,0,1775.3
2024-06-29 19:00:00,28.6,0,1504.4
2024-06-29 20:00:00,28.5,0,1552.8
2024-06-29 21:00:00,28.1,0,1484.2
2024-06-29 22:00:00,27.2,0,1423.7
2024-06-29 23:00:00,26.3,0,1235.7
2024-06-30 00:00:00,21.5,0,988.0
2024-06-30 01:00:00,25.8,0,1045.7
2024-06-30 02:00:00,23.5,0,801.5
2024-06-30 03:00:00,26.8,0,1068.3
2024-06-30 04:00:00,25.8,0,1100.7
2024-06-30 05:00:00,30.7,0,1613.1
2024-06-30 06:00:00,31.2,0,1574.4
2024-06-30 07:00:00,29.8,0,1515.2
2024-06-30 08:00:00,33.5,0,2158.3
2024-06-30 09:00:00,29.6,0,1702.2
2024-06-30 10:00:00,34.1,0,2089.2
2024-06-30 11:00:00,36.9,0,2623.4
2024-06-30 12:00:00,33.4,0,1922.0
2024-06-30 13:00:00,32.1,0,1805.1
2024-06-30 14:00:00,34.3,0,2107.7
2024-06-30 15:00:00,36.0,0,2335.1
2024-06-30 16:00:00,36.1,0,2501.9
2024-06-30 17:00:00,28.8,0,1614.6
2024-06-30 18:00:00,31.1,0,1795.9
2024-06-30 19:00:00,29.9,0,1785.0
2024-06-30 20:00:00,25.3,0,1439.4
2024-06-30 21:00:00,25.7,0,1267.9
2024-06-30 22:00:00,29.2,0,1524.7
2024-06-30 23:00:00,22.8,0,1206.6
2024-07-01 00:00:00,24.9,0,1029.1
2024-07-01 01:00:00,20.3,0,804.1
2024-07-01 02:00:00,25.8,0,1086.4
2024-07-01 03:00:00,24.5,0,960.5
2024-07-01 04:00:00,27.2,0,1123.1
2024-07-01 05:00:00,30.5,0,1387.2
2024-07-01 06:00:00,27.4,0,1293.0
2024-07-01 07:00:00,29.4,0,1505.6
2024-07-01 08:00:00,36.3,0,2483.3
2024-07-01 09:00:00,32.2,0,1967.0
2024-07-01 10:00:00,33.7,0,2037.1
2024-07-01 11:00:00,36.4,0,2547.0
2024-07-01 12:00:00,35.0,0,2141.4
2024-07-01 13:00:00,35.4,0,2223.4
2024-07-01 14:00:00,35.2,0,2135.1
2024-07-01 15:00:00,34.4,0,2124.4
2024-07-01 16:00:00,32.6,0,2010.6
2024-07-01 17:00:00,31.8,0,1933.4
2024-07-01 18:00:00,29.8,0,1639.5
2024-07-01 19:00:00,30.5,0,1802.3
2024-07-01 20:00:00,27.3,0,1509.8
2024-07-01 21:00:00,27.0,0,1428.8
2024-07-01 22:00:00,25.8,0,1384.0
2024-07-01 23:00:00,22.4,0,1104.1
2024-07-02 00:00:00,23.1,0,820.6
2024-07-02 01:00:00,26.1,0,956.4
2024-07-02 02:00:00,20.8,0,727.2
2024-07-02 03:00:00,25.2,0,809.5
2024-07-02 04:00:00,28.6,0,1064.7
2024-07-02 05:00:00,31.8,0,1509.9
2024-07-02 06:00:00,31.9,0,1670.9
2024-07-02 07:00:00,31.3,0,1570.4
2024-07-02 08:00:00,32.8,0,1813.1
2024-07-02 09:00:00,30.7,0,1668.8
2024-07-02 10:00:00,37.5,0,2537.1
2024-07-02 11:00:00,34.0,0,2065.5
2024-07-02 12:00:00,37.3,0,2501.3
2024-07-02 13:00:00,37.7,0,2472.9
2024-07-02 14:00:00,32.8,0,1801.4
2024-07-02 15:00:00,29.5,0,1384.1
2024-07-02 16:00:00,31.0,0,1668.0
2024-07-02 17:00:00,33.2,0,1949.5
2024-07-02 18:00:00,27.3,0,1346.9
2024-07-02 19:00:00,28.4,0,1453.6
2024-07-02 20:00:00,29.1,0,1557.6
2024-07-02 21:00:00,25.0,0,1090.7
2024-07-02 22:00:00,22.8,0,1032.1
2024-07-02 23:00:00,30.3,0,1451.7
2024-07-03 00:00:00,26.2,0,944.4
2024-07-03 01:00:00,24.9,0,997.1
2024-07-03 02:00:00,24.9,0,831.8
2024-07-03 03:00:00,29.0,0,1221.5
2024-07-03 04:00:00,27.4,0,964.9
2024-07-03 05:00:00,28.5,0,1138.2
2024-07-03 06:00:00,30.9,0,1440.8
2024-07-03 07:00:00,34.2,0,1932.1
2024-07-03 08:00:00,32.8,0,1807.0
2024-07-03 09:00:00,33.2,0,1838.7
2024-07-03 10:00:00,33.5,0,1981.0
2024-07-03 11:00:00,34.9,0,2105.1
2024-07-03 12:00:00,34.9,0,2027.3
2024-07-03 13:00:00,36.8,0,2346.4
2024-07-03 14:00:00,37.0,0,2414.0
2024-07-03 15:00:00,36.9,0,2493.8
2024-07-03 16:00:00,31.2,0,1623.4
2024-07-03 17:00:00,31.0,0,1583.5
2024-07-03 18:00:00,36.0,0,2308.9
2024-07-03 19:00:00,30.2,0,1637.3
2024-07-03 20:00:00,27.4,0,1420.9
2024-07-03 21:00:00,22.9,0,1088.4
2024-07-03 22:00:00,26.5,0,1226.5
2024-07-03 23:00:00,25.3,0,1198.3
2024-07-04 00:00:00,23.8,0,1052.1
2024-07-04 01:00:00,21.0,0,1021.1
2024-07-04 02:00:00,25.5,0,973.1
2024-07-04 03:00:00,26.6,0,1052.9
2024-07-04 04:00:00,25.0,0,1077.0
2024-07-04 05:00:00,28.5,0,1290.9
2024-07-04 06:00:00,30.7,0,1655.5
2024-07-04 07:00:00,29.2,0,1504.3
2024-07-04 08:00:00,31.0,0,1774.5
2024-07-04 09:00:00,33.7,0,2130.5
2024-07-04 10:00:00,36.2,0,2515.2
2024-07-04 11:00:00,37.6,0,2688.9
2024-07-04 12:00:00,37.3,0,2670.0
2024-07-04 13:00:00,33.5,0,2034.6
2024-07-04 14:00:00,29.6,0,1533.5
2024-07-04 15:00:00,31.9,0,1821.4
2024-07-04 16:00:00,32.9,0,1968.9
2024-07-04 17:00:00,33.0,0,2040.7
2024-07-04 18:00:00,29.3,0,1645.8
2024-07-04 19:00:00,28.0,0,1583.4
2024-07-04 20:00:00,27.5,0,1552.7
2024-07-04 21:00:00,27.9,0,1473.7
2024-07-04 22:00:00,24.7,0,1362.4
2024-07-04 23:00:00,24.6,0,1215.2
2024-07-05 00:00:00,27.8,0,1317.5
2024-07-05 01:00:00,25.0,0,1019.7
2024-07-05 02:00:00,27.3,0,1201.2
2024-07-05 03:00:00,24.0,0,923.7
2024-07-05 04:00:00,27.5,0,1140.0
2024-07-05 05:00:00,27.6,0,1243.6
2024-07-05 06:00:00,27.5,0,1321.5
2024-07-05 07:00:00,33.6,0,2076.1
2024-07-05 08:00:00,33.0,0,1932.7
2024-07-05 09:00:00,32.2,0,1954.4
2024-07-05 10:00:00,34.2,0,2134.4
2024-07-05 11:00:00,36.2,0,2501.9
2024-07-05 12:00:00,35.7,0,2347.6
2024-07-05 13:00:00,32.5,0,1858.5
2024-07-05 14:00:00,36.5,0,2388.7
2024-07-05 15:00:00,33.8,0,2047.4
2024-07-05 16:00:00,32.8,0,2005.1
2024-07-05 17:00:00,33.4,0,2088.5
2024-07-05 18:00:00,31.3,0,1872.6
2024-07-05 19:00:00,29.2,0,1628.6
2024-07-05 20:00:00,27.5,0,1515.6
2024-07-05 21:00:00,27.8,0,1554.7
2024-07-05 22:00:00,23.8,0,1301.9
2024-07-05 23:00:00,21.1,0,1091.6
2024-07-06 00:00:00,22.5,0,967.9
2024-07-06 01:00:00,25.9,0,1190.5
2024-07-06 02:00:00,24.3,0,954.6
2024-07-06 03:00:00,27.0,0,1152.6
2024-07-06 04:00:00,27.5,0,1099.5
2024-07-06 05:00:00,28.2,0,1273.0
2024-07-06 06:00:00,33.9,0,2071.5
2024-07-06 07:00:00,32.0,0,1859.0
2024-07-06 08:00:00,31.4,0,1753.0
2024-07-06 09:00:00,30.0,0,1707.7
2024-07-06 10:00:00,37.1,0,2626.5
2024-07-06 11:00:00,33.8,0,2105.6
2024-07-06 12:00:00,37.6,0,2621.8
2024-07-06 13:00:00,35.0,0,2258.0
2024-07-06 14:00:00,34.7,0,2226.1
2024-07-06 15:00:00,34.3,0,2176.1
2024-07-06 16:00:00,31.7,0,1964.5
2024-07-06 17:00:00,28.6,0,1601.8
2024-07-06 18:00:00,31.4,0,1888.8
2024-07-06 19:00:00,27.2,0,1540.6
2024-07-06 20:00:00,31.3,0,1935.7
2024-07-06 21:00:00,28.5,0,1610.8
2024-07-06 22:00:00,26.2,0,1403.5
2024-07-06 23:00:00,29.1,0,1493.0
2024-07-07 00:00:00,23.0,0,980.0
2024-07-07 01:00:00,21.8,0,924.5
2024-07-07 02:00:00,22.8,0,992.9
2024-07-07 03:00:00,27.3,0,1131.9
2024-07-07 04:00:00,24.8,0,1039.0
2024-07-07 05:00:00,29.8,0,1425.9
2024-07-07 06:00:00,32.6,0,1887.0
2024-07-07 07:00:00,29.6,0,1642.7
2024-07-07 08:00:00,33.8,0,2151.7
2024-07-07 09:00:00,31.4,0,1800.0
2024-07-07 10:00:00,33.0,0,2077.8
2024-07-07 11:00:00,34.8,0,2230.2
2024-07-07 12:00:00,36.4,0,2465.9
2024-07-07 13:00:00,35.7,0,2385.8
2024-07-07 14:00:00,36.4,0,2480.8
2024-07-07 15:00:00,31.7,0,1760.7
2024-07-07 16:00:00,32.4,0,2089.3
2024-07-07 17:00:00,25.4,0,1252.9
2024-07-07 18:00:00,28.6,0,1707.1
2024-07-07 19:00:00,23.3,0,1264.9
2024-07-07 20:00:00,27.1,0,1608.2
2024-07-07 21:00:00,27.0,0,1463.6
2024-07-07 22:00:00,27.3,0,1429.5
2024-07-07 23:00:00,25.6,0,1305.1
2024-07-08 00:00:00,25.2,0,1179.4
2024-07-08 01:00:00,25.5,0,1074.2
2024-07-08 02:00:00,25.2,0,1026.7
2024-07-08 03:00:00,24.2,0,975.1
2024-07-08 04:00:00,28.2,0,1247.9
2024-07-08 05:00:00,33.1,0,1851.9
2024-07-08 06:00:00,29.8,0,1531.7
2024-07-08 07:00:00,31.3,0,1775.2
2024-07-08 08:00:00,32.4,0,1966.3
2024-07-08 09:00:00,32.2,0,1967.5
2024-07-08 10:00:00,33.2,0,1991.8
2024-07-08 11:00:00,34.5,0,2242.4
2024-07-08 12:00:00,37.0,0,2572.0
2024-07-08 13:00:00,34.2,0,2183.2
2024-07-08 14:00:00,37.6,0,2575.7
2024-07-08 15:00:00,31.8,0,1835.6
2024-07-08 16:00:00,29.9,0,1707.9
2024-07-08 17:00:00,32.4,0,1944.3
2024-07-08 18:00:00,31.6,0,1939.3
2024-07-08 19:00:00,29.3,0,1745.6
2024-07-08 20:00:00,27.2,0,1524.3
2024-07-08 21:00:00,23.5,0,1313.3
2024-07-08 22:00:00,27.3,0,1394.6
2024-07-08 23:00:00,26.7,0,1369.5
2024-07-09 00:00:00,24.3,0,917.1
2024-07-09 01:00:00,25.5,0,967.0
2024-07-09 02:00:00,25.2,0,851.2
2024-07-09 03:00:00,25.1,0,871.0
2024-07-09 04:00:00,28.4,0,1109.4
2024-07-09 05:00:00,28.6,0,1228.6
2024-07-09 06:00:00,28.1,0,1343.8
2024-07-09 07:00:00,27.7,0,1288.5
2024-07-09 08:00:00,30.3,0,1565.8
2024-07-09 09:00:00,33.1,0,2066.7
2024-07-09 10:00:00,33.4,0,1964.6
2024-07-09 11:00:00,36.1,0,2276.4
2024-07-09 12:00:00,35.4,0,2177.1
2024-07-09 13:00:00,34.2,0,1894.5
2024-07-09 14:00:00,33.8,0,2064.7
2024-07-09 15:00:00,35.0,0,2096.8
2024-07-09 16:00:00,33.4,0,1937.0
2024-07-09 17:00:00,31.7,0,1771.7
2024-07-09 18:00:00,30.5,0,1802.9
2024-07-09 19:00:00,25.3,0,1293.6
2024-07-09 20:00:00,27.1,0,1452.1
2024-07-09 21:00:00,26.0,0,1265.8
2024-07-09 22:00:00,22.8,0,1190.1
2024-07-09 23:00:00,26.5,0,1220.0
2024-07-10 00:00:00,23.3,0,936.4
2024-07-10 01:00:00,24.9,0,958.7
2024-07-10 02:00:00,23.8,0,903.5
2024-07-10 03:00:00,25.6,0,842.6
2024-07-10 04:00:00,27.3,0,1085.9
2024-07-10 05:00:00,28.6,0,1221.9
2024-07-10 06:00:00,31.3,0,1450.9
2024-07-10 07:00:00,26.5,0,1181.9
2024-07-10 08:00:00,33.5,0,1802.4
2024-07-10 09:00:00,34.2,0,2103.3
2024-07-10 10:00:00,34.6,0,2202.3
2024-07-10 11:00:00,35.1,0,2177.5
2024-07-10 12:00:00,38.5,0,2695.0
2024-07-10 13:00:00,35.3,0,2129.2
2024-07-10 14:00:00,31.7,0,1652.4
2024-07-10 15:00:00,33.2,0,1918.6
2024-07-10 16:00:00,32.5,0,1860.5
2024-07-10 17:00:00,32.5,0,1891.7
2024-07-10 18:00:00,30.2,0,1646.1
2024-07-10 19:00:00,27.9,0,1437.8
2024-07-10 20:00:00,25.0,0,1287.6
2024-07-10 21:00:00,24.4,0,1138.9
2024-07-10 22:00:00,27.5,0,1350.3
2024-07-10 23:00:00,26.0,0,1113.8
2024-07-11 00:00:00,25.5,0,1142.7
2024-07-11 01:00:00,25.9,0,1140.5
2024-07-11 02:00:00,24.8,0,1075.3
2024-07-11 03:00:00,28.0,0,1141.2
2024-07-11 04:00:00,24.0,0,1011.3
2024-07-11 05:00:00,30.4,0,1570.8
2024-07-11 06:00:00,30.3,0,1524.3
2024-07-11 07:00:00,29.7,0,1581.7
2024-07-11 08:00:00,27.9,0,1585.5
2024-07-11 09:00:00,31.2,0,1900.9
2024-07-11 10:00:00,33.7,0,2204.6
2024-07-11 11:00:00,33.9,0,2144.0
2024-07-11 12:00:00,38.4,0,2887.1
2024-07-11 13:00:00,38.8,0,2913.1
2024-07-11 14:00:00,34.7,0,2311.3
2024-07-11 15:00:00,32.6,0,1962.1
2024-07-11 16:00:00,34.0,0,2143.3
2024-07-11 17:00:00,27.6,0,1582.9
2024-07-11 18:00:00,29.8,0,1817.1
2024-07-11 19:00:00,25.5,0,1468.9
2024-07-11 20:00:00,27.7,0,1660.9
2024-07-11 21:00:00,27.1,0,1494.3
2024-07-11 22:00:00,25.8,0,1335.3
2024-07-11 23:00:00,22.3,0,1215.9
2024-07-12 00:00:00,23.0,0,1048.6
2024-07-12 01:00:00,24.2,0,1031.4
2024-07-12 02:00:00,25.9,0,1120.2
2024-07-12 03:00:00,23.9,0,1032.3
2024-07-12 04:00:00,30.9,0,1470.6
2024-07-12 05:00:00,26.5,0,1314.0
2024-07-12 06:00:00,27.7,0,1396.8
2024-07-12 07:00:00,30.9,0,1778.2
2024-07-12 08:00:00,30.1,0,1667.1
2024-07-12 09:00:00,33.9,0,2145.7
2024-07-12 10:00:00,31.3,0,1846.8
2024-07-12 11:00:00,34.1,0,2197.0
2024-07-12 12:00:00,35.8,0,2317.9
2024-07-12 13:00:00,33.7,0,2107.6
2024-07-12 14:00:00,36.7,0,2559.8
2024-07-12 15:00:00,32.4,0,1928.9
2024-07-12 16:00:00,30.9,0,1766.0
2024-07-12 17:00:00,30.9,0,1870.9
2024-07-12 18:00:00,28.3,0,1620.1
2024-07-12 19:00:00,23.1,0,1371.8
2024-07-12 20:00:00,25.0,0,1328.5
2024-07-12 21:00:00,25.1,0,1505.7
2024-07-12 22:00:00,24.2,0,1261.3
2024-07-12 23:00:00,27.7,0,1560.5
2024-07-13 00:00:00,25.2,0,1225.8
2024-07-13 01:00:00,25.7,0,1135.5
2024-07-13 02:00:00,23.8,0,1063.3
2024-07-13 03:00:00,26.5,0,1048.7
2024-07-13 04:00:00,27.0,0,1166.8
2024-07-13 05:00:00,28.0,0,1321.6
2024-07-13 06:00:00,30.7,0,1590.4
2024-07-13 07:00:00,30.1,0,1724.0
2024-07-13 08:00:00,33.6,0,2192.5
2024-07-13 09:00:00,33.3,0,2092.7
2024-07-13 10:00:00,35.3,0,2412.6
2024-07-13 11:00:00,36.0,0,2428.2
2024-07-13 12:00:00,32.3,0,1880.2
2024-07-13 13:00:00,35.3,0,2355.4
2024-07-13 14:00:00,35.3,0,2279.8
2024-07-13 15:00:00,34.7,0,2232.2
2024-07-13 16:00:00,31.8,0,1922.8
2024-07-13 17:00:00,31.3,0,1896.6
2024-07-13 18:00:00,31.9,0,1944.6
2024-07-13 19:00:00,32.5,0,2080.2
2024-07-13 20:00:00,30.5,0,1981.9
2024-07-13 21:00:00,25.5,0,1400.9
2024-07-13 22:00:00,26.2,0,1362.4
2024-07-13 23:00:00,21.9,0,1158.6
2024-07-14 00:00:00,21.7,0,1017.9
2024-07-14 01:00:00,27.3,0,1196.9
2024-07-14 02:00:00,26.9,0,1152.1
2024-07-14 03:00:00,31.0,0,1519.4
2024-07-14 04:00:00,29.7,0,1370.5
2024-07-14 05:00:00,30.1,0,1483.5
2024-07-14 06:00:00,30.2,0,1570.8
2024-07-14 07:00:00,35.4,0,2379.0
2024-07-14 08:00:00,30.7,0,1795.2
2024-07-14 09:00:00,32.5,0,2077.2
2024-07-14 10:00:00,31.9,0,1965.1
2024-07-14 11:00:00,36.7,0,2521.8
2024-07-14 12:00:00,35.3,0,2351.7
2024-07-14 13:00:00,35.3,0,2372.2
2024-07-14 14:00:00,36.0,0,2379.1
2024-07-14 15:00:00,31.3,0,1830.9
2024-07-14 16:00:00,28.1,0,1604.7
2024-07-14 17:00:00,32.0,0,1925.8
2024-07-14 18:00:00,30.8,0,1932.7
2024-07-14 19:00:00,29.4,0,1787.4
2024-07-14 20:00:00,26.0,0,1433.0
2024-07-14 21:00:00,23.9,0,1437.6
2024-07-14 22:00:00,29.5,0,1691.8
2024-07-14 23:00:00,28.8,0,1606.2
2024-07-15 00:00:00,26.6,0,1172.4
2024-07-15 01:00:00,25.5,0,1178.8
2024-07-15 02:00:00,23.1,0,1087.0
2024-07-15 03:00:00,28.2,0,1264.2
2024-07-15 04:00:00,28.4,0,1276.2
2024-07-15 05:00:00,28.3,0,1296.9
2024-07-15 06:00:00,29.3,0,1551.3
2024-07-15 07:00:00,29.0,0,1607.5
2024-07-15 08:00:00,34.9,0,2291.0
2024-07-15 09:00:00,32.8,0,2100.2
2024-07-15 10:00:00,33.8,0,2169.3
2024-07-15 11:00:00,34.2,0,2173.2
2024-07-15 12:00:00,34.4,0,2258.7
2024-07-15 13:00:00,36.5,0,2480.2
2024-07-15 14:00:00,33.3,0,1988.0
2024-07-15 15:00:00,34.3,0,2147.3
2024-07-15 16:00:00,34.7,0,2236.8
2024-07-15 17:00:00,31.4,0,1832.2
2024-07-15 18:00:00,30.5,0,1923.8
2024-07-15 19:00:00,28.7,0,1712.9
2024-07-15 20:00:00,22.9,0,1405.3
2024-07-15 21:00:00,26.2,0,1479.1
2024-07-15 22:00:00,25.2,0,1309.7
2024-07-15 23:00:00,26.7,0,1445.2
2024-07-16 00:00:00,26.7,0,1052.6
2024-07-16 01:00:00,27.1,0,1206.5
2024-07-16 02:00:00,22.9,0,742.3
2024-07-16 03:00:00,23.6,0,820.5
2024-07-16 04:00:00,26.3,0,917.8
2024-07-16 05:00:00,30.4,0,1373.3
2024-07-16 06:00:00,32.2,0,1692.5
2024-07-16 07:00:00,31.2,0,1679.6
2024-07-16 08:00:00,31.6,0,1898.2
2024-07-16 09:00:00,31.1,0,1662.9
2024-07-16 10:00:00,33.8,0,2156.0
2024-07-16 11:00:00,32.2,0,1861.5
2024-07-16 12:00:00,34.8,0,2057.8
2024-07-16 13:00:00,32.3,0,1759.3
2024-07-16 14:00:00,34.5,0,2091.7
2024-07-16 15:00:00,34.0,0,2030.8
2024-07-16 16:00:00,30.7,0,1718.3
2024-07-16 17:00:00,31.6,0,1742.4
2024-07-16 18:00:00,27.8,0,1490.3
2024-07-16 19:00:00,33.2,0,2104.8
2024-07-16 20:00:00,28.0,0,1458.3
2024-07-16 21:00:00,27.4,0,1344.1
2024-07-16 22:00:00,25.6,0,1176.7
2024-07-16 23:00:00,26.2,0,1223.6
2024-07-17 00:00:00,24.1,0,1013.5
2024-07-17 01:00:00,22.4,0,804.8
2024-07-17 02:00:00,26.3,0,924.4
2024-07-17 03:00:00,28.0,0,1182.3
2024-07-17 04:00:00,25.4,0,928.4
2024-07-17 05:00:00,29.3,0,1276.8
2024-07-17 06:00:00,32.1,0,1621.0
2024-07-17 07:00:00,32.3,0,1800.0
2024-07-17 08:00:00,33.7,0,2095.1
2024-07-17 09:00:00,35.4,0,2367.2
2024-07-17 10:00:00,33.7,0,2067.8
2024-07-17 11:00:00,31.4,0,1696.1
2024-07-17 12:00:00,34.8,0,2103.0
2024-07-17 13:00:00,33.3,0,1791.0
2024-07-17 14:00:00,32.6,0,1827.2
2024-07-17 15:00:00,28.6,0,1332.7
2024-07-17 16:00:00,32.6,0,1960.2
2024-07-17 17:00:00,30.9,0,1705.9
2024-07-17 18:00:00,32.8,0,2019.3
2024-07-17 19:00:00,25.9,0,1368.7
2024-07-17 20:00:00,29.3,0,1571.5
2024-07-17 21:00:00,24.8,0,1302.5
2024-07-17 22:00:00,19.8,0,1079.4
2024-07-17 23:00:00,25.3,0,1141.9
2024-07-18 00:00:00,25.6,0,1162.9
2024-07-18 01:00:00,23.1,0,937.0
2024-07-18 02:00:00,28.1,0,1283.1
2024-07-18 03:00:00,22.9,0,947.5
2024-07-18 04:00:00,26.7,0,1227.0
2024-07-18 05:00:00,26.5,0,1287.0
2024-07-18 06:00:00,29.2,0,1575.6
2024-07-18 07:00:00,31.2,0,1845.3
2024-07-18 08:00:00,31.9,0,1812.8
2024-07-18 09:00:00,33.7,0,2135.7
2024-07-18 10:00:00,36.7,0,2611.5
2024-07-18 11:00:00,32.0,0,1889.0
2024-07-18 12:00:00,34.8,0,2231.5
2024-07-18 13:00:00,34.5,0,2270.1
2024-07-18 14:00:00,34.9,0,2387.1
2024-07-18 15:00:00,31.8,0,1883.7
2024-07-18 16:00:00,30.1,0,1689.4
2024-07-18 17:00:00,34.2,0,2226.9
2024-07-18 18:00:00,29.5,0,1703.9
2024-07-18 19:00:00,27.3,0,1598.3
2024-07-18 20:00:00,25.4,0,1456.7
2024-07-18 21:00:00,25.4,0,1430.5
2024-07-18 22:00:00,22.9,0,1229.4
2024-07-18 23:00:00,24.2,0,1300.1
2024-07-19 00:00:00,27.3,0,1402.1
2024-07-19 01:00:00,22.2,0,991.8
2024-07-19 02:00:00,26.2,0,1120.6
2024-07-19 03:00:00,28.8,0,1320.3
2024-07-19 04:00:00,28.5,0,1364.8
2024-07-19 05:00:00,31.1,0,1586.8
2024-07-19 06:00:00,30.4,0,1643.3
2024-07-19 07:00:00,32.3,0,1990.5
2024-07-19 08:00:00,27.6,0,1534.2
2024-07-19 09:00:00,31.5,0,1917.0
2024-07-19 10:00:00,33.4,0,2173.4
2024-07-19 11:00:00,37.9,0,2839.2
2024-07-19 12:00:00,34.0,0,2205.4
2024-07-19 13:00:00,35.6,0,2424.3
2024-07-19 14:00:00,34.2,0,2135.5
2024-07-19 15:00:00,34.1,0,2187.6
2024-07-19 16:00:00,32.9,0,2026.8
2024-07-19 17:00:00,34.0,0,2195.7
2024-07-19 18:00:00,28.4,0,1658.5
2024-07-19 19:00:00,27.4,0,1621.8
2024-07-19 20:00:00,26.9,0,1560.3
2024-07-19 21:00:00,27.4,0,1543.6
2024-07-19 22:00:00,24.6,0,1392.3
2024-07-19 23:00:00,24.1,0,1354.3
2024-07-20 00:00:00,23.1,0,1130.8
2024-07-20 01:00:00,23.0,0,1054.3
2024-07-20 02:00:00,23.8,0,1049.6
2024-07-20 03:00:00,25.5,0,1050.9
2024-07-20 04:00:00,24.5,0,1129.8
2024-07-20 05:00:00,31.0,0,1517.6
2024-07-20 06:00:00,28.5,0,1437.4
2024-07-20 07:00:00,33.8,0,2200.2
2024-07-20 08:00:00,28.5,0,1667.8
2024-07-20 09:00:00,28.9,0,1624.5
2024-07-20 10:00:00,31.6,0,1934.5
2024-07-20 11:00:00,34.1,0,2222.7
2024-07-20 12:00:00,32.6,0,1993.4
2024-07-20 13:00:00,36.1,0,2535.8
2024-07-20 14:00:00,32.6,0,2011.4
2024-07-20 15:00:00,31.7,0,1977.0
2024-07-20 16:00:00,34.5,0,2313.6
2024-07-20 17:00:00,29.2,0,1719.0
2024-07-20 18:00:00,30.1,0,1900.9
2024-07-20 19:00:00,33.8,0,2292.3
2024-07-20 20:00:00,25.6,0,1515.4
2024-07-20 21:00:00,25.2,0,1413.5
2024-07-20 22:00:00,22.7,0,1285.1
2024-07-20 23:00:00,25.9,0,1387.8
2024-07-21 00:00:00,26.3,0,1278.4
2024-07-21 01:00:00,24.0,0,1098.1
2024-07-21 02:00:00,25.2,0,1218.9
2024-07-21 03:00:00,28.0,0,1344.8
2024-07-21 04:00:00,22.9,0,1064.8
2024-07-21 05:00:00,27.5,0,1427.1
2024-07-21 06:00:00,30.0,0,1582.2
2024-07-21 07:00:00,29.8,0,1638.2
2024-07-21 08:00:00,31.7,0,1977.2
2024-07-21 09:00:00,30.3,0,1848.7
2024-07-21 10:00:00,32.0,0,1994.0
2024-07-21 11:00:00,35.6,0,2483.0
2024-07-21 12:00:00,32.9,0,2062.6
2024-07-21 13:00:00,35.2,0,2329.3
2024-07-21 14:00:00,35.0,0,2325.3
2024-07-21 15:00:00,32.2,0,1973.5
2024-07-21 16:00:00,32.9,0,2061.8
2024-07-21 17:00:00,29.3,0,1732.0
2024-07-21 18:00:00,24.5,0,1510.5
2024-07-21 19:00:00,29.8,0,1845.5
2024-07-21 20:00:00,26.7,0,1608.8
2024-07-21 21:00:00,24.6,0,1399.4
2024-07-21 22:00:00,21.9,0,1272.1
2024-07-21 23:00:00,25.0,0,1340.7
2024-07-22 00:00:00,27.3,0,1277.1
2024-07-22 01:00:00,28.7,0,1327.0
2024-07-22 02:00:00,24.6,0,1107.8
2024-07-22 03:00:00,29.1,0,1413.8
2024-07-22 04:00:00,25.1,0,1158.3
2024-07-22 05:00:00,27.6,0,1349.8
2024-07-22 06:00:00,28.5,0,1506.0
2024-07-22 07:00:00,27.6,0,1480.1
2024-07-22 08:00:00,31.1,0,1971.8
2024-07-22 09:00:00,30.5,0,1839.6
2024-07-22 10:00:00,34.0,0,2179.1
2024-07-22 11:00:00,33.6,0,2150.0
2024-07-22 12:00:00,33.5,0,2163.1
2024-07-22 13:00:00,38.0,0,2892.5
2024-07-22 14:00:00,35.2,0,2347.8
2024-07-22 15:00:00,33.4,0,2072.0
2024-07-22 16:00:00,31.1,0,1866.7
2024-07-22 17:00:00,34.3,0,2371.8
2024-07-22 18:00:00,30.1,0,1848.9
2024-07-22 19:00:00,26.4,0,1575.2
2024-07-22 20:00:00,24.5,0,1441.5
2024-07-22 21:00:00,22.9,0,1405.2
2024-07-22 22:00:00,28.2,0,1622.0
2024-07-22 23:00:00,21.9,0,1237.9
2024-07-23 00:00:00,26.0,0,1017.3
2024-07-23 01:00:00,24.0,0,998.8
2024-07-23 02:00:00,25.8,0,1038.4
2024-07-23 03:00:00,27.0,0,1052.8
2024-07-23 04:00:00,25.4,0,973.8
2024-07-23 05:00:00,24.1,0,1018.5
2024-07-23 06:00:00,30.1,0,1550.8
2024-07-23 07:00:00,29.8,0,1552.1
2024-07-23 08:00:00,33.6,0,2111.8
2024-07-23 09:00:00,29.5,0,1637.4
2024-07-23 10:00:00,32.1,0,1930.4
2024-07-23 11:00:00,34.2,0,2200.9
2024-07-23 12:00:00,33.9,0,2011.9
2024-07-23 13:00:00,33.5,0,1916.7
2024-07-23 14:00:00,33.3,0,1940.6
2024-07-23 15:00:00,33.2,0,1941.8
2024-07-23 16:00:00,30.8,0,1672.6
2024-07-23 17:00:00,30.5,0,1722.5
2024-07-23 18:00:00,28.8,0,1654.0
2024-07-23 19:00:00,29.3,0,1654.4
2024-07-23 20:00:00,25.3,0,1244.3
2024-07-23 21:00:00,25.9,0,1334.7
2024-07-23 22:00:00,26.1,0,1266.2
2024-07-23 23:00:00,24.1,0,1100.8
2024-07-24 00:00:00,26.4,0,1124.3
2024-07-24 01:00:00,21.2,0,839.7
2024-07-24 02:00:00,22.1,0,952.9
2024-07-24 03:00:00,26.6,0,1072.8
2024-07-24 04:00:00,26.2,0,974.6
2024-07-24 05:00:00,25.0,0,1093.3
2024-07-24 06:00:00,27.6,0,1254.3
2024-07-24 07:00:00,31.2,0,1682.8
2024-07-24 08:00:00,28.5,0,1565.9
2024-07-24 09:00:00,31.6,0,1770.5
2024-07-24 10:00:00,27.2,0,1297.6
2024-07-24 11:00:00,32.2,0,1802.3
2024-07-24 12:00:00,33.4,0,2008.5
2024-07-24 13:00:00,32.4,0,1765.7
2024-07-24 14:00:00,32.6,0,1876.7
2024-07-24 15:00:00,34.6,0,2169.7
2024-07-24 16:00:00,34.2,0,2218.5
2024-07-24 17:00:00,30.2,0,1702.3
2024-07-24 18:00:00,28.9,0,1646.7
2024-07-24 19:00:00,28.2,0,1515.3
2024-07-24 20:00:00,22.1,0,1226.9
2024-07-24 21:00:00,28.6,0,1546.0
2024-07-24 22:00:00,25.3,0,1276.4
2024-07-24 23:00:00,25.1,0,1271.1
2024-07-25 00:00:00,24.3,0,1123.1
2024-07-25 01:00:00,25.4,0,1200.3
2024-07-25 02:00:00,27.1,0,1217.2
2024-07-25 03:00:00,24.5,0,1148.8
2024-07-25 04:00:00,27.4,0,1256.0
2024-07-25 05:00:00,23.2,0,1174.8
2024-07-25 06:00:00,28.5,0,1613.3
2024-07-25 07:00:00,31.7,0,1979.9
2024-07-25 08:00:00,32.1,0,2017.7
2024-07-25 09:00:00,30.6,0,1804.9
2024-07-25 10:00:00,31.5,0,1938.4
2024-07-25 11:00:00,30.9,0,1835.4
2024-07-25 12:00:00,34.1,0,2174.1
2024-07-25 13:00:00,31.2,0,1768.2
2024-07-25 14:00:00,30.7,0,1690.1
2024-07-25 15:00:00,30.2,0,1724.1
2024-07-25 16:00:00,28.9,0,1596.2
2024-07-25 17:00:00,29.5,0,1869.8
2024-07-25 18:00:00,29.1,0,1726.1
2024-07-25 19:00:00,27.2,0,1585.8
2024-07-25 20:00:00,25.0,0,1483.5
2024-07-25 21:00:00,25.8,0,1354.5
2024-07-25 22:00:00,26.4,0,1345.8
2024-07-25 23:00:00,23.5,0,1267.9
2024-07-26 00:00:00,23.6,0,1034.9
2024-07-26 01:00:00,22.7,0,1066.7
2024-07-26 02:00:00,26.4,0,1120.9
2024-07-26 03:00:00,24.7,0,1062.0
2024-07-26 04:00:00,25.1,0,965.6
2024-07-26 05:00:00,30.1,0,1571.5
2024-07-26 06:00:00,27.1,0,1384.5
2024-07-26 07:00:00,27.7,0,1540.9
2024-07-26 08:00:00,33.3,0,2240.1
2024-07-26 09:00:00,33.5,0,2246.1
2024-07-26 10:00:00,34.8,0,2402.1
2024-07-26 11:00:00,36.9,0,2658.4
2024-07-26 12:00:00,33.7,0,2181.0
2024-07-26 13:00:00,30.9,0,1802.5
2024-07-26 14:00:00,33.0,0,1943.1
2024-07-26 15:00:00,33.8,0,2213.8
2024-07-26 16:00:00,32.8,0,2091.7
2024-07-26 17:00:00,33.1,0,2128.5
2024-07-26 18:00:00,26.3,0,1595.3
2024-07-26 19:00:00,27.4,0,1654.8
2024-07-26 20:00:00,26.8,0,1646.3
2024-07-26 21:00:00,21.3,0,1453.3
2024-07-26 22:00:00,24.2,0,1417.6
2024-07-26 23:00:00,23.4,0,1325.2
2024-07-27 00:00:00,23.6,0,1078.1
2024-07-27 01:00:00,24.5,0,1217.3
2024-07-27 02:00:00,21.6,0,979.8
2024-07-27 03:00:00,22.6,0,996.2
2024-07-27 04:00:00,25.8,0,1077.5
2024-07-27 05:00:00,29.9,0,1528.2
2024-07-27 06:00:00,29.1,0,1549.6
2024-07-27 07:00:00,33.0,0,2157.4
2024-07-27 08:00:00,29.2,0,1683.0
2024-07-27 09:00:00,32.5,0,2168.3
2024-07-27 10:00:00,34.4,0,2395.0
2024-07-27 11:00:00,30.4,0,1781.6
2024-07-27 12:00:00,33.1,0,2054.2
2024-07-27 13:00:00,38.1,0,2786.9
2024-07-27 14:00:00,35.3,0,2370.3
2024-07-27 15:00:00,32.2,0,2023.1
2024-07-27 16:00:00,30.8,0,1857.2
2024-07-27 17:00:00,30.0,0,1828.1
2024-07-27 18:00:00,30.6,0,1938.5
2024-07-27 19:00:00,25.4,0,1448.3
2024-07-27 20:00:00,27.4,0,1667.2
2024-07-27 21:00:00,24.9,0,1493.0
2024-07-27 22:00:00,24.5,0,1347.8
2024-07-27 23:00:00,24.5,0,1332.3
2024-07-28 00:00:00,24.0,0,1149.6
2024-07-28 01:00:00,25.5,0,1192.1
2024-07-28 02:00:00,25.7,0,1143.6
2024-07-28 03:00:00,24.6,0,1018.1
2024-07-28 04:00:00,23.9,0,1155.6
2024-07-28 05:00:00,25.4,0,1147.1
2024-07-28 06:00:00,26.8,0,1398.3
2024-07-28 07:00:00,29.6,0,1767.3
2024-07-28 08:00:00,28.6,0,1629.0
2024-07-28 09:00:00,30.6,0,1915.9
2024-07-28 10:00:00,34.2,0,2322.2
2024-07-28 11:00:00,36.8,0,2665.0
2024-07-28 12:00:00,33.4,0,2149.4
2024-07-28 13:00:00,35.8,0,2457.2
2024-07-28 14:00:00,30.6,0,1758.8
2024-07-28 15:00:00,32.4,0,2025.0
2024-07-28 16:00:00,32.0,0,2080.1
2024-07-28 17:00:00,29.8,0,1810.9
2024-07-28 18:00:00,25.4,0,1491.3
2024-07-28 19:00:00,28.3,0,1757.3
2024-07-28 20:00:00,21.1,0,1370.2
2024-07-28 21:00:00,25.4,0,1546.5
2024-07-28 22:00:00,25.4,0,1449.0
2024-07-28 23:00:00,27.7,0,1497.7
2024-07-29 00:00:00,25.5,0,1184.9
2024-07-29 01:00:00,24.4,0,1152.1
2024-07-29 02:00:00,25.2,0,1111.1
2024-07-29 03:00:00,24.4,0,1110.0
2024-07-29 04:00:00,24.7,0,1083.4
2024-07-29 05:00:00,28.6,0,1458.6
2024-07-29 06:00:00,27.5,0,1471.5
2024-07-29 07:00:00,31.1,0,1858.3
2024-07-29 08:00:00,30.5,0,1798.1
2024-07-29 09:00:00,29.0,0,1733.3
2024-07-29 10:00:00,32.8,0,2080.0
2024-07-29 11:00:00,34.2,0,2240.6
2024-07-29 12:00:00,35.1,0,2337.2
2024-07-29 13:00:00,32.0,0,1996.4
2024-07-29 14:00:00,34.8,0,2297.0
2024-07-29 15:00:00,29.3,0,1767.2
2024-07-29 16:00:00,29.9,0,1801.1
2024-07-29 17:00:00,26.0,0,1513.4
2024-07-29 18:00:00,28.8,0,1735.4
2024-07-29 19:00:00,24.9,0,1448.8
2024-07-29 20:00:00,25.5,0,1543.8
2024-07-29 21:00:00,22.4,0,1309.3
2024-07-29 22:00:00,23.6,0,1285.1
2024-07-29 23:00:00,25.6,0,1293.0
2024-07-30 00:00:00,22.7,0,1037.1
2024-07-30 01:00:00,24.1,0,907.4
2024-07-30 02:00:00,22.6,0,912.3
2024-07-30 03:00:00,24.5,0,899.9
2024-07-30 04:00:00,26.3,0,1106.1
2024-07-30 05:00:00,24.1,0,985.1
2024-07-30 06:00:00,27.7,0,1278.6
2024-07-30 07:00:00,25.9,0,1238.8
2024-07-30 08:00:00,30.4,0,1710.1
2024-07-30 09:00:00,33.1,0,2125.5
2024-07-30 10:00:00,35.2,0,2398.5
2024-07-30 11:00:00,30.9,0,1618.1
2024-07-30 12:00:00,32.5,0,1793.7
2024-07-30 13:00:00,33.4,0,1935.2
2024-07-30 14:00:00,32.6,0,1814.8
2024-07-30 15:00:00,30.7,0,1627.4
2024-07-30 16:00:00,31.4,0,1791.7
2024-07-30 17:00:00,24.3,0,1303.9
2024-07-30 18:00:00,30.6,0,1768.0
2024-07-30 19:00:00,26.1,0,1467.9
2024-07-30 20:00:00,26.3,0,1368.7
2024-07-30 21:00:00,23.9,0,1225.2
2024-07-30 22:00:00,20.8,0,1116.3
2024-07-30 23:00:00,28.4,0,1467.4
2024-07-31 00:00:00,23.5,0,962.8
2024-07-31 01:00:00,25.2,0,956.8
2024-07-31 02:00:00,21.8,0,877.4
2024-07-31 03:00:00,25.3,0,984.1
2024-07-31 04:00:00,26.0,0,993.0
2024-07-31 05:00:00,26.4,0,1206.1
2024-07-31 06:00:00,30.7,0,1605.4
2024-07-31 07:00:00,26.3,0,1333.0
2024-07-31 08:00:00,28.0,0,1543.3
2024-07-31 09:00:00,30.8,0,1777.0
2024-07-31 10:00:00,38.0,0,2757.5
2024-07-31 11:00:00,32.3,0,1955.9
2024-07-31 12:00:00,33.8,0,2013.7
2024-07-31 13:00:00,32.7,0,1884.5
2024-07-31 14:00:00,30.3,0,1546.3
2024-07-31 15:00:00,30.2,0,1569.0
2024-07-31 16:00:00,29.1,0,1652.1
2024-07-31 17:00:00,28.8,0,1563.6
2024-07-31 18:00:00,24.9,0,1390.7
2024-07-31 19:00:00,26.4,0,1459.1
2024-07-31 20:00:00,26.6,0,1499.1
2024-07-31 21:00:00,25.4,0,1298.9
2024-07-31 22:00:00,25.3,0,1194.4
2024-07-31 23:00:00,22.9,0,1086.9
2024-08-01 00:00:00,22.8,0,1172.6
2024-08-01 01:00:00,23.6,0,1153.5
2024-08-01 02:00:00,20.9,0,1061.8
2024-08-01 03:00:00,26.3,0,1199.2
2024-08-01 04:00:00,23.8,0,1106.4
2024-08-01 05:00:00,25.1,0,1253.5
2024-08-01 06:00:00,28.6,0,1477.0
2024-08-01 07:00:00,23.8,0,1394.4
2024-08-01 08:00:00,28.1,0,1695.6
2024-08-01 09:00:00,34.3,0,2330.6
2024-08-01 10:00:00,31.1,0,1977.7
2024-08-01 11:00:00,33.6,0,2127.1
2024-08-01 12:00:00,33.0,0,2049.3
2024-08-01 13:00:00,33.4,0,2100.1
2024-08-01 14:00:00,30.5,0,1697.1
2024-08-01 15:00:00,31.6,0,1846.6
2024-08-01 16:00:00,30.0,0,1784.9
2024-08-01 17:00:00,29.6,0,1870.1
2024-08-01 18:00:00,25.6,0,1485.0
2024-08-01 19:00:00,22.6,0,1399.9
2024-08-01 20:00:00,26.2,0,1528.7
2024-08-01 21:00:00,28.0,0,1547.8
2024-08-01 22:00:00,23.2,0,1389.8
2024-08-01 23:00:00,21.9,0,1277.0
2024-08-02 00:00:00,21.6,0,1072.6
2024-08-02 01:00:00,21.9,0,1052.9
2024-08-02 02:00:00,21.8,0,1043.1
2024-08-02 03:00:00,23.9,0,1046.4
2024-08-02 04:00:00,24.8,0,1129.8
2024-08-02 05:00:00,29.4,0,1504.8
2024-08-02 06:00:00,25.6,0,1278.2
2024-08-02 07:00:00,29.8,0,1715.2
2024-08-02 08:00:00,29.8,0,1811.8
2024-08-02 09:00:00,29.4,0,1807.0
2024-08-02 10:00:00,27.9,0,1691.6
2024-08-02 11:00:00,32.9,0,2054.9
2024-08-02 12:00:00,34.9,0,2352.0
2024-08-02 13:00:00,35.1,0,2354.3
2024-08-02 14:00:00,32.7,0,2094.3
2024-08-02 15:00:00,30.1,0,1710.6
2024-08-02 16:00:00,28.8,0,1692.2
2024-08-02 17:00:00,28.4,0,1768.7
2024-08-02 18:00:00,27.7,0,1680.8
2024-08-02 19:00:00,24.2,0,1495.9
2024-08-02 20:00:00,23.3,0,1423.2
2024-08-02 21:00:00,21.8,0,1277.6
2024-08-02 22:00:00,23.9,0,1405.4
2024-08-02 23:00:00,20.9,0,1176.7
2024-08-03 00:00:00,26.2,0,1397.6
2024-08-03 01:00:00,26.3,0,1322.5
2024-08-03 02:00:00,24.2,0,1117.1
2024-08-03 03:00:00,21.2,0,1051.5
2024-08-03 04:00:00,23.1,0,1083.9
2024-08-03 05:00:00,24.6,0,1269.1
2024-08-03 06:00:00,26.2,0,1385.6
2024-08-03 07:00:00,26.4,0,1511.6
2024-08-03 08:00:00,32.1,0,2062.9
2024-08-03 09:00:00,33.0,0,2208.6
2024-08-03 10:00:00,28.2,0,1740.7
2024-08-03 11:00:00,32.9,0,2147.7
2024-08-03 12:00:00,30.6,0,1763.1
2024-08-03 13:00:00,29.8,0,1816.1
2024-08-03 14:00:00,32.6,0,2046.9
2024-08-03 15:00:00,31.5,0,1930.2
2024-08-03 16:00:00,29.8,0,1829.8
2024-08-03 17:00:00,27.3,0,1625.3
2024-08-03 18:00:00,26.2,0,1571.0
2024-08-03 19:00:00,28.9,0,1781.7
2024-08-03 20:00:00,21.0,0,1512.7
2024-08-03 21:00:00,22.7,0,1384.0
2024-08-03 22:00:00,23.6,0,1302.5
2024-08-03 23:00:00,19.8,0,1241.0
2024-08-04 00:00:00,22.2,0,1091.0
2024-08-04 01:00:00,20.9,0,1013.1
2024-08-04 02:00:00,20.5,0,1121.8
2024-08-04 03:00:00,23.3,0,1121.4
2024-08-04 04:00:00,25.6,0,1193.5
2024-08-04 05:00:00,27.1,0,1361.1
2024-08-04 06:00:00,21.4,0,1206.4
2024-08-04 07:00:00,30.1,0,1690.2
2024-08-04 08:00:00,29.3,0,1695.1
2024-08-04 09:00:00,30.3,0,1841.3
2024-08-04 10:00:00,35.4,0,2477.4
2024-08-04 11:00:00,34.4,0,2315.5
2024-08-04 12:00:00,32.2,0,2051.1
2024-08-04 13:00:00,31.0,0,1819.4
2024-08-04 14:00:00,28.5,0,1703.1
2024-08-04 15:00:00,30.2,0,1722.7
2024-08-04 16:00:00,26.2,0,1457.5
2024-08-04 17:00:00,31.6,0,2072.1
2024-08-04 18:00:00,26.5,0,1594.9
2024-08-04 19:00:00,26.6,0,1647.3
2024-08-04 20:00:00,28.7,0,1854.9
2024-08-04 21:00:00,25.0,0,1481.3
2024-08-04 22:00:00,26.0,0,1478.1
2024-08-04 23:00:00,27.5,0,1509.1
2024-08-05 00:00:00,21.2,0,1180.2
2024-08-05 01:00:00,19.9,0,1044.7
2024-08-05 02:00:00,25.1,0,1137.5
2024-08-05 03:00:00,25.6,0,1169.0
2024-08-05 04:00:00,25.7,0,1221.9
2024-08-05 05:00:00,23.3,0,1269.7
2024-08-05 06:00:00,27.5,0,1422.2
2024-08-05 07:00:00,26.6,0,1479.5
2024-08-05 08:00:00,28.7,0,1715.1
2024-08-05 09:00:00,33.0,0,2219.9
2024-08-05 10:00:00,33.4,0,2305.0
2024-08-05 11:00:00,31.6,0,2077.5
2024-08-05 12:00:00,29.9,0,1787.0
2024-08-05 13:00:00,34.6,0,2330.1
2024-08-05 14:00:00,33.7,0,2086.0
2024-08-05 15:00:00,30.8,0,1940.6
2024-08-05 16:00:00,32.0,0,2054.5
2024-08-05 17:00:00,32.8,0,2136.8
2024-08-05 18:00:00,28.2,0,1731.4
2024-08-05 19:00:00,21.0,0,1432.4
2024-08-05 20:00:00,26.9,0,1615.1
2024-08-05 21:00:00,23.2,0,1428.1
2024-08-05 22:00:00,22.6,0,1305.8
2024-08-05 23:00:00,22.8,0,1257.1
2024-08-06 00:00:00,20.1,0,1026.1
2024-08-06 01:00:00,20.7,0,993.7
2024-08-06 02:00:00,23.9,0,999.5
2024-08-06 03:00:00,23.4,0,971.3
2024-08-06 04:00:00,22.8,0,946.8
2024-08-06 05:00:00,23.9,0,989.4
2024-08-06 06:00:00,28.6,0,1356.0
2024-08-06 07:00:00,26.5,0,1287.2
2024-08-06 08:00:00,29.6,0,1616.0
2024-08-06 09:00:00,36.3,0,2535.6
2024-08-06 10:00:00,30.2,0,1738.7
2024-08-06 11:00:00,29.4,0,1608.4
2024-08-06 12:00:00,33.8,0,1990.5
2024-08-06 13:00:00,32.2,0,1852.9
2024-08-06 14:00:00,29.6,0,1516.2
2024-08-06 15:00:00,29.4,0,1463.8
2024-08-06 16:00:00,25.7,0,1310.3
2024-08-06 17:00:00,25.3,0,1362.4
2024-08-06 18:00:00,27.6,0,1543.3
2024-08-06 19:00:00,23.8,0,1392.9
2024-08-06 20:00:00,24.6,0,1324.0
2024-08-06 21:00:00,25.0,0,1277.0
2024-08-06 22:00:00,21.1,0,1190.1
2024-08-06 23:00:00,25.8,0,1317.3
2024-08-07 00:00:00,19.5,0,1011.0
2024-08-07 01:00:00,21.5,0,1117.5
2024-08-07 02:00:00,23.5,0,874.8
2024-08-07 03:00:00,23.4,0,1001.9
2024-08-07 04:00:00,23.9,0,953.2
2024-08-07 05:00:00,25.4,0,1009.5
2024-08-07 06:00:00,26.8,0,1280.3
2024-08-07 07:00:00,30.3,0,1594.7
2024-08-07 08:00:00,23.6,0,1177.6
2024-08-07 09:00:00,28.5,0,1639.6
2024-08-07 10:00:00,31.7,0,1931.6
2024-08-07 11:00:00,29.0,0,1541.9
2024-08-07 12:00:00,31.5,0,1710.1
2024-08-07 13:00:00,33.5,0,2000.9
2024-08-07 14:00:00,31.8,0,1692.8
2024-08-07 15:00:00,31.9,0,1883.0
2024-08-07 16:00:00,30.1,0,1641.0
2024-08-07 17:00:00,28.9,0,1578.3
2024-08-07 18:00:00,28.4,0,1688.0
2024-08-07 19:00:00,26.8,0,1523.3
2024-08-07 20:00:00,27.7,0,1557.2
2024-08-07 21:00:00,21.4,0,1221.3
2024-08-07 22:00:00,24.5,0,1257.8
2024-08-07 23:00:00,22.3,0,1212.2
2024-08-08 00:00:00,22.5,0,1135.2
2024-08-08 01:00:00,20.3,0,1100.3
2024-08-08 02:00:00,24.2,0,1154.9
2024-08-08 03:00:00,21.5,0,994.4
2024-08-08 04:00:00,24.7,0,1196.5
2024-08-08 05:00:00,23.7,0,1240.4
2024-08-08 06:00:00,25.5,0,1456.8
2024-08-08 07:00:00,28.5,0,1583.0
2024-08-08 08:00:00,28.0,0,1653.0
2024-08-08 09:00:00,31.8,0,2063.0
2024-08-08 10:00:00,28.0,0,1737.7
2024-08-08 11:00:00,30.0,0,1721.6
2024-08-08 12:00:00,34.5,0,2326.6
2024-08-08 13:00:00,33.7,0,2367.3
2024-08-08 14:00:00,31.5,0,1910.4
2024-08-08 15:00:00,28.7,0,1613.4
2024-08-08 16:00:00,29.9,0,1771.3
2024-08-08 17:00:00,26.3,0,1512.6
2024-08-08 18:00:00,28.4,0,1703.7
2024-08-08 19:00:00,27.5,0,1750.8
2024-08-08 20:00:00,20.4,0,1423.4
2024-08-08 21:00:00,22.6,0,1491.8
2024-08-08 22:00:00,21.6,0,1374.7
2024-08-08 23:00:00,20.6,0,1287.8
2024-08-09 00:00:00,21.7,0,1158.3
2024-08-09 01:00:00,18.8,0,1102.1
2024-08-09 02:00:00,21.5,0,1107.5
2024-08-09 03:00:00,22.4,0,1074.1
2024-08-09 04:00:00,26.9,0,1271.3
2024-08-09 05:00:00,21.8,0,1084.1
2024-08-09 06:00:00,26.7,0,1489.1
2024-08-09 07:00:00,30.2,0,1857.6
2024-08-09 08:00:00,30.6,0,1926.0
2024-08-09 09:00:00,29.0,0,1851.0
2024-08-09 10:00:00,29.2,0,1880.5
2024-08-09 11:00:00,30.6,0,1893.0
2024-08-09 12:00:00,32.9,0,2117.7
2024-08-09 13:00:00,30.4,0,1744.4
2024-08-09 14:00:00,33.3,0,2198.4
2024-08-09 15:00:00,31.1,0,1959.4
2024-08-09 16:00:00,29.2,0,1897.0
2024-08-09 17:00:00,29.3,0,1861.1
2024-08-09 18:00:00,29.3,0,1866.9
2024-08-09 19:00:00,30.0,0,1907.1
2024-08-09 20:00:00,26.8,0,1677.0
2024-08-09 21:00:00,23.2,0,1469.5
2024-08-09 22:00:00,27.6,0,1735.4
2024-08-09 23:00:00,24.0,0,1328.1
2024-08-10 00:00:00,22.9,0,1259.1
2024-08-10 01:00:00,21.3,0,1220.7
2024-08-10 02:00:00,21.3,0,1089.2
2024-08-10 03:00:00,22.2,0,1048.6
2024-08-10 04:00:00,23.1,0,1014.6
2024-08-10 05:00:00,20.6,0,1087.3
2024-08-10 06:00:00,27.6,0,1428.8
2024-08-10 07:00:00,25.2,0,1476.8
2024-08-10 08:00:00,31.3,0,2010.8
2024-08-10 09:00:00,29.0,0,1842.3
2024-08-10 10:00:00,29.7,0,1729.5
2024-08-10 11:00:00,30.3,0,1888.6
2024-08-10 12:00:00,27.2,0,1473.1
2024-08-10 13:00:00,37.2,0,2777.9
2024-08-10 14:00:00,32.3,0,2018.5
2024-08-10 15:00:00,30.5,0,1853.9
2024-08-10 16:00:00,28.3,0,1670.8
2024-08-10 17:00:00,27.9,0,1676.2
2024-08-10 18:00:00,27.6,0,1771.8
2024-08-10 19:00:00,24.3,0,1543.2
2024-08-10 20:00:00,28.0,0,1758.3
2024-08-10 21:00:00,23.3,0,1431.0
2024-08-10 22:00:00,25.4,0,1570.2
2024-08-10 23:00:00,25.9,0,1422.2
2024-08-11 00:00:00,21.8,0,1239.0
2024-08-11 01:00:00,23.2,0,1181.0
2024-08-11 02:00:00,23.6,0,1194.3
2024-08-11 03:00:00,22.1,0,1008.6
2024-08-11 04:00:00,24.5,0,1106.6
2024-08-11 05:00:00,27.8,0,1375.6
2024-08-11 06:00:00,23.8,0,1350.2
2024-08-11 07:00:00,27.7,0,1617.3
2024-08-11 08:00:00,30.9,0,1952.5
2024-08-11 09:00:00,31.5,0,2063.8
2024-08-11 10:00:00,29.1,0,1753.1
2024-08-11 11:00:00,34.2,0,2398.9
2024-08-11 12:00:00,32.2,0,2059.6
2024-08-11 13:00:00,28.6,0,1632.0
2024-08-11 14:00:00,30.8,0,1769.8
2024-08-11 15:00:00,31.5,0,1968.2
2024-08-11 16:00:00,31.1,0,1913.6
2024-08-11 17:00:00,26.2,0,1616.1
2024-08-11 18:00:00,27.2,0,1738.2
2024-08-11 19:00:00,30.2,0,1952.1
2024-08-11 20:00:00,24.4,0,1514.0
2024-08-11 21:00:00,24.6,0,1450.8
2024-08-11 22:00:00,22.8,0,1404.0
2024-08-11 23:00:00,21.1,0,1277.8
2024-08-12 00:00:00,17.7,0,1113.3
2024-08-12 01:00:00,24.5,0,1227.5
2024-08-12 02:00:00,22.4,0,1062.7
2024-08-12 03:00:00,24.2,0,1150.9
2024-08-12 04:00:00,28.1,0,1389.7
2024-08-12 05:00:00,26.3,0,1364.7
2024-08-12 06:00:00,24.7,0,1284.5
2024-08-12 07:00:00,27.6,0,1597.9
2024-08-12 08:00:00,28.0,0,1644.5
2024-08-12 09:00:00,26.4,0,1496.5
2024-08-12 10:00:00,29.4,0,1821.6
2024-08-12 11:00:00,31.3,0,1902.6
2024-08-12 12:00:00,31.4,0,1937.9
2024-08-12 13:00:00,28.3,0,1619.0
2024-08-12 14:00:00,30.3,0,1813.8
2024-08-12 15:00:00,29.3,0,1703.7
2024-08-12 16:00:00,30.4,0,1914.7
2024-08-12 17:00:00,25.9,0,1638.4
2024-08-12 18:00:00,26.0,0,1553.2
2024-08-12 19:00:00,24.0,0,1539.2
2024-08-12 20:00:00,26.2,0,1623.5
2024-08-12 21:00:00,19.4,0,1367.3
2024-08-12 22:00:00,22.4,0,1469.5
2024-08-12 23:00:00,20.4,0,1282.6
2024-08-13 00:00:00,21.5,0,1020.0
2024-08-13 01:00:00,24.3,0,1032.3
2024-08-13 02:00:00,21.7,0,938.5
2024-08-13 03:00:00,22.4,0,899.8
2024-08-13 04:00:00,23.2,0,986.4
2024-08-13 05:00:00,26.2,0,1201.1
2024-08-13 06:00:00,23.8,0,1124.5
2024-08-13 07:00:00,29.6,0,1553.9
2024-08-13 08:00:00,29.4,0,1663.6
2024-08-13 09:00:00,31.7,0,1975.4
2024-08-13 10:00:00,31.1,0,1844.7
2024-08-13 11:00:00,31.9,0,1827.8
2024-08-13 12:00:00,28.5,0,1515.8
2024-08-13 13:00:00,32.2,0,1847.8
2024-08-13 14:00:00,33.6,0,1997.6
2024-08-13 15:00:00,29.4,0,1596.5
2024-08-13 16:00:00,26.4,0,1436.4
2024-08-13 17:00:00,26.6,0,1431.5
2024-08-13 18:00:00,28.5,0,1674.9
2024-08-13 19:00:00,26.0,0,1511.3
2024-08-13 20:00:00,23.3,0,1314.4
2024-08-13 21:00:00,25.1,0,1470.3
2024-08-13 22:00:00,23.3,0,1254.6
2024-08-13 23:00:00,24.0,0,1208.9
2024-08-14 00:00:00,21.8,0,1068.5
2024-08-14 01:00:00,20.2,0,935.7
2024-08-14 02:00:00,21.1,0,1010.4
2024-08-14 03:00:00,24.2,0,1016.7
2024-08-14 04:00:00,23.7,0,1034.9
2024-08-14 05:00:00,25.5,0,1136.6
2024-08-14 06:00:00,28.0,0,1328.3
2024-08-14 07:00:00,28.7,0,1610.9
2024-08-14 08:00:00,27.8,0,1527.2
2024-08-14 09:00:00,26.7,0,1482.3
2024-08-14 10:00:00,31.2,0,1865.4
2024-08-14 11:00:00,31.4,0,1832.2
2024-08-14 12:00:00,31.7,0,1879.1
2024-08-14 13:00:00,30.0,0,1616.8
2024-08-14 14:00:00,28.1,0,1462.9
2024-08-14 15:00:00,27.3,0,1396.2
2024-08-14 16:00:00,28.8,0,1659.4
2024-08-14 17:00:00,24.2,0,1317.4
2024-08-14 18:00:00,23.2,0,1321.8
2024-08-14 19:00:00,24.1,0,1394.3
2024-08-14 20:00:00,23.8,0,1388.2
2024-08-14 21:00:00,25.0,0,1451.4
2024-08-14 22:00:00,23.3,0,1270.8
2024-08-14 23:00:00,21.6,0,1155.5
2024-08-15 00:00:00,22.0,0,1179.6
2024-08-15 01:00:00,19.7,0,1173.9
2024-08-15 02:00:00,21.8,0,1073.1
2024-08-15 03:00:00,20.9,0,1009.4
2024-08-15 04:00:00,24.8,0,1123.7
2024-08-15 05:00:00,22.6,0,1251.8
2024-08-15 06:00:00,26.7,0,1497.7
2024-08-15 07:00:00,26.3,0,1522.8
2024-08-15 08:00:00,27.7,0,1710.9
2024-08-15 09:00:00,25.6,0,1550.4
2024-08-15 10:00:00,29.7,0,1777.4
2024-08-15 11:00:00,34.0,0,2408.9
2024-08-15 12:00:00,35.6,0,2458.5
2024-08-15 13:00:00,33.1,0,2158.1
2024-08-15 14:00:00,34.7,0,2313.7
2024-08-15 15:00:00,30.3,0,1820.4
2024-08-15 16:00:00,27.6,0,1646.3
2024-08-15 17:00:00,28.0,0,1678.0
2024-08-15 18:00:00,26.3,0,1553.3
2024-08-15 19:00:00,23.1,0,1465.5
2024-08-15 20:00:00,20.9,0,1443.1
2024-08-15 21:00:00,22.9,0,1513.9
2024-08-15 22:00:00,22.9,0,1453.7
2024-08-15 23:00:00,18.2,0,1366.7
2024-08-16 00:00:00,20.2,0,1106.1
2024-08-16 01:00:00,22.1,0,1114.2
2024-08-16 02:00:00,16.9,0,1014.9
2024-08-16 03:00:00,20.1,0,1028.1
2024-08-16 04:00:00,24.8,0,1294.1
2024-08-16 05:00:00,23.9,0,1270.7
2024-08-16 06:00:00,23.8,0,1259.0
2024-08-16 07:00:00,22.5,0,1453.9
2024-08-16 08:00:00,30.0,0,1909.1
2024-08-16 09:00:00,29.5,0,1810.9
2024-08-16 10:00:00,31.5,0,2026.8
2024-08-16 11:00:00,29.4,0,1713.2
2024-08-16 12:00:00,29.3,0,1785.7
2024-08-16 13:00:00,30.0,0,1797.4
2024-08-16 14:00:00,30.5,0,1777.5
2024-08-16 15:00:00,28.2,0,1607.7
2024-08-16 16:00:00,27.1,0,1555.6
2024-08-16 17:00:00,24.1,0,1528.4
2024-08-16 18:00:00,23.5,0,1453.3
2024-08-16 19:00:00,21.4,0,1604.3
2024-08-16 20:00:00,21.6,0,1408.4
2024-08-16 21:00:00,21.2,0,1405.1
2024-08-16 22:00:00,21.6,0,1344.7
2024-08-16 23:00:00,22.4,0,1383.1
2024-08-17 00:00:00,20.6,0,1150.3
2024-08-17 01:00:00,20.6,0,1151.9
2024-08-17 02:00:00,19.4,0,1101.0
2024-08-17 03:00:00,23.2,0,1138.0
2024-08-17 04:00:00,25.3,0,1184.9
2024-08-17 05:00:00,25.6,0,1250.8
2024-08-17 06:00:00,29.3,0,1614.3
2024-08-17 07:00:00,26.6,0,1513.7
2024-08-17 08:00:00,25.5,0,1505.6
2024-08-17 09:00:00,29.6,0,1848.1
2024-08-17 10:00:00,33.1,0,2162.7
2024-08-17 11:00:00,32.9,0,2230.2
2024-08-17 12:00:00,28.7,0,1705.2
2024-08-17 13:00:00,31.3,0,2056.3
2024-08-17 14:00:00,26.7,0,1507.4
2024-08-17 15:00:00,26.6,0,1443.5
2024-08-17 16:00:00,29.8,0,1830.8
2024-08-17 17:00:00,21.1,0,1449.4
2024-08-17 18:00:00,27.3,0,1685.9
2024-08-17 19:00:00,22.9,0,1437.0
2024-08-17 20:00:00,24.5,0,1499.9
2024-08-17 21:00:00,20.0,0,1417.9
2024-08-17 22:00:00,23.1,0,1390.2
2024-08-17 23:00:00,22.2,0,1341.5
2024-08-18 00:00:00,22.3,0,1161.5
2024-08-18 01:00:00,18.1,0,1209.6
2024-08-18 02:00:00,18.7,0,1174.3
2024-08-18 03:00:00,21.0,0,968.1
2024-08-18 04:00:00,26.7,0,1308.7
2024-08-18 05:00:00,20.9,0,1142.7
2024-08-18 06:00:00,27.0,0,1451.9
2024-08-18 07:00:00,27.2,0,1620.4
2024-08-18 08:00:00,27.5,0,1574.7
2024-08-18 09:00:00,28.6,0,1860.6
2024-08-18 10:00:00,29.6,0,1867.9
2024-08-18 11:00:00,26.8,0,1541.7
2024-08-18 12:00:00,28.6,0,1805.7
2024-08-18 13:00:00,29.2,0,1700.8
2024-08-18 14:00:00,28.3,0,1615.7
2024-08-18 15:00:00,32.4,0,2038.5
2024-08-18 16:00:00,27.2,0,1569.8
2024-08-18 17:00:00,26.3,0,1732.1
2024-08-18 18:00:00,28.9,0,1871.2
2024-08-18 19:00:00,22.9,0,1516.3
2024-08-18 20:00:00,25.8,0,1687.0
2024-08-18 21:00:00,21.3,0,1462.7
2024-08-18 22:00:00,22.1,0,1431.3
2024-08-18 23:00:00,16.7,0,1290.2
2024-08-19 00:00:00,17.2,0,1196.7
2024-08-19 01:00:00,19.8,0,1111.3
2024-08-19 02:00:00,19.5,0,1058.7
2024-08-19 03:00:00,20.3,0,1110.2
2024-08-19 04:00:00,22.8,0,1154.8
2024-08-19 05:00:00,20.9,0,1182.3
2024-08-19 06:00:00,26.7,0,1518.8
2024-08-19 07:00:00,27.5,0,1610.7
2024-08-19 08:00:00,24.1,0,1393.9
2024-08-19 09:00:00,29.6,0,1931.1
2024-08-19 10:00:00,26.8,0,1619.9
2024-08-19 11:00:00,31.1,0,1957.3
2024-08-19 12:00:00,30.8,0,1813.3
2024-08-19 13:00:00,29.4,0,1844.3
2024-08-19 14:00:00,26.0,0,1489.9
2024-08-19 15:00:00,28.1,0,1670.5
2024-08-19 16:00:00,31.0,0,2008.2
2024-08-19 17:00:00,26.1,0,1636.9
2024-08-19 18:00:00,22.0,0,1389.0
2024-08-19 19:00:00,23.0,0,1462.4
2024-08-19 20:00:00,20.3,0,1500.4
2024-08-19 21:00:00,23.9,0,1500.1
2024-08-19 22:00:00,19.3,0,1283.3
2024-08-19 23:00:00,22.0,0,1344.2
2024-08-20 00:00:00,21.3,0,1059.2
2024-08-20 01:00:00,19.9,0,976.8
2024-08-20 02:00:00,24.0,0,1039.8
2024-08-20 03:00:00,20.4,0,934.7
2024-08-20 04:00:00,25.9,0,1184.6
2024-08-20 05:00:00,23.5,0,985.6
2024-08-20 06:00:00,27.5,0,1433.1
2024-08-20 07:00:00,30.1,0,1719.7
2024-08-20 08:00:00,27.0,0,1531.1
2024-08-20 09:00:00,25.3,0,1420.5
2024-08-20 10:00:00,27.0,0,1517.8
2024-08-20 11:00:00,29.1,0,1617.7
2024-08-20 12:00:00,29.8,0,1655.4
2024-08-20 13:00:00,30.9,0,1704.8
2024-08-20 14:00:00,30.8,0,1756.0
2024-08-20 15:00:00,25.2,0,1379.2
2024-08-20 16:00:00,24.5,0,1402.0
2024-08-20 17:00:00,25.9,0,1408.0
2024-08-20 18:00:00,21.0,0,1308.4
2024-08-20 19:00:00,24.7,0,1461.8
2024-08-20 20:00:00,21.9,0,1307.4
2024-08-20 21:00:00,22.7,0,1338.0
2024-08-20 22:00:00,19.1,0,1252.9
2024-08-20 23:00:00,20.1,0,1196.5
2024-08-21 00:00:00,18.8,0,1034.7
2024-08-21 01:00:00,19.5,0,1015.1
2024-08-21 02:00:00,20.9,0,1052.4
2024-08-21 03:00:00,21.5,0,904.5
2024-08-21 04:00:00,22.8,0,1077.1
2024-08-21 05:00:00,24.4,0,1094.4
2024-08-21 06:00:00,24.1,0,1213.0
2024-08-21 07:00:00,26.9,0,1393.7
2024-08-21 08:00:00,25.4,0,1377.2
2024-08-21 09:00:00,29.6,0,1715.6
2024-08-21 10:00:00,24.9,0,1398.5
2024-08-21 11:00:00,28.4,0,1550.8
2024-08-21 12:00:00,32.7,0,1983.8
2024-08-21 13:00:00,28.5,0,1486.7
2024-08-21 14:00:00,26.3,0,1275.9
2024-08-21 15:00:00,27.4,0,1382.7
2024-08-21 16:00:00,32.0,0,1909.6
2024-08-21 17:00:00,22.8,0,1366.3
2024-08-21 18:00:00,25.4,0,1509.2
2024-08-21 19:00:00,24.5,0,1484.3
2024-08-21 20:00:00,24.9,0,1487.5
2024-08-21 21:00:00,24.1,0,1222.9
2024-08-21 22:00:00,20.4,0,1319.8
2024-08-21 23:00:00,19.1,0,1183.0
2024-08-22 00:00:00,20.0,0,1107.2
2024-08-22 01:00:00,17.1,0,1166.6
2024-08-22 02:00:00,23.6,0,1123.9
2024-08-22 03:00:00,18.2,0,1091.4
2024-08-22 04:00:00,18.9,0,1077.3
2024-08-22 05:00:00,20.3,0,1079.1
2024-08-22 06:00:00,24.7,0,1303.9
2024-08-22 07:00:00,25.8,0,1544.6
2024-08-22 08:00:00,26.6,0,1651.5
2024-08-22 09:00:00,27.4,0,1712.4
2024-08-22 10:00:00,28.3,0,1797.4
2024-08-22 11:00:00,30.2,0,1824.7
2024-08-22 12:00:00,28.3,0,1648.0
2024-08-22 13:00:00,26.5,0,1466.7
2024-08-22 14:00:00,31.6,0,1969.8
2024-08-22 15:00:00,28.0,0,1669.2
2024-08-22 16:00:00,27.7,0,1629.5
2024-08-22 17:00:00,28.0,0,1823.5
2024-08-22 18:00:00,23.5,0,1573.9
2024-08-22 19:00:00,24.1,0,1569.0
2024-08-22 20:00:00,23.1,0,1584.4
2024-08-22 21:00:00,23.3,0,1469.9
2024-08-22 22:00:00,20.9,0,1376.5
2024-08-22 23:00:00,20.1,0,1420.0
2024-08-23 00:00:00,18.4,0,1172.9
2024-08-23 01:00:00,22.6,0,1145.8
2024-08-23 02:00:00,18.0,0,1082.5
2024-08-23 03:00:00,20.9,0,1086.7
2024-08-23 04:00:00,25.2,0,1240.8
2024-08-23 05:00:00,23.0,0,1128.6
2024-08-23 06:00:00,25.4,0,1417.3
2024-08-23 07:00:00,26.8,0,1515.5
2024-08-23 08:00:00,28.0,0,1746.0
2024-08-23 09:00:00,29.1,0,1770.6
2024-08-23 10:00:00,27.2,0,1664.7
2024-08-23 11:00:00,27.0,0,1620.7
2024-08-23 12:00:00,29.6,0,1718.8
2024-08-23 13:00:00,31.8,0,2026.4
2024-08-23 14:00:00,29.9,0,1746.4
2024-08-23 15:00:00,26.3,0,1558.3
2024-08-23 16:00:00,25.6,0,1592.2
2024-08-23 17:00:00,26.7,0,1797.3
2024-08-23 18:00:00,20.4,0,1539.0
2024-08-23 19:00:00,23.4,0,1594.2
2024-08-23 20:00:00,20.8,0,1473.3
2024-08-23 21:00:00,20.0,0,1505.1
2024-08-23 22:00:00,20.5,0,1464.6
2024-08-23 23:00:00,19.4,0,1328.1
2024-08-24 00:00:00,19.8,0,1202.3
2024-08-24 01:00:00,19.3,0,1134.9
2024-08-24 02:00:00,23.6,0,1173.9
2024-08-24 03:00:00,17.5,0,1053.4
2024-08-24 04:00:00,23.5,0,1156.2
2024-08-24 05:00:00,22.1,0,1186.9
2024-08-24 06:00:00,24.4,0,1359.9
2024-08-24 07:00:00,28.2,0,1578.5
2024-08-24 08:00:00,27.3,0,1687.7
2024-08-24 09:00:00,27.1,0,1720.6
2024-08-24 10:00:00,29.0,0,1740.2
2024-08-24 11:00:00,24.6,0,1529.8
2024-08-24 12:00:00,32.0,0,1999.4
2024-08-24 13:00:00,29.0,0,1675.6
2024-08-24 14:00:00,27.9,0,1674.9
2024-08-24 15:00:00,27.3,0,1571.6
2024-08-24 16:00:00,26.4,0,1647.9
2024-08-24 17:00:00,21.8,0,1467.8
2024-08-24 18:00:00,25.9,0,1655.4
2024-08-24 19:00:00,22.6,0,1486.3
2024-08-24 20:00:00,22.8,0,1533.2
2024-08-24 21:00:00,20.7,0,1356.6
2024-08-24 22:00:00,21.8,0,1400.2
2024-08-24 23:00:00,22.2,0,1356.2
2024-08-25 00:00:00,18.2,0,1257.7
2024-08-25 01:00:00,21.1,0,1069.1
2024-08-25 02:00:00,20.3,0,1104.9
2024-08-25 03:00:00,17.7,0,1044.9
2024-08-25 04:00:00,22.2,0,1139.3
2024-08-25 05:00:00,21.3,0,1056.8
2024-08-25 06:00:00,24.8,0,1344.6
2024-08-25 07:00:00,25.2,0,1479.0
2024-08-25 08:00:00,24.2,0,1461.6
2024-08-25 09:00:00,26.6,0,1728.6
2024-08-25 10:00:00,31.4,0,2033.5
2024-08-25 11:00:00,26.2,0,1521.2
2024-08-25 12:00:00,27.2,0,1553.7
2024-08-25 13:00:00,32.1,0,1983.3
2024-08-25 14:00:00,25.9,0,1476.5
2024-08-25 15:00:00,28.1,0,1711.1
2024-08-25 16:00:00,25.9,0,1578.3
2024-08-25 17:00:00,23.5,0,1538.4
2024-08-25 18:00:00,24.8,0,1555.5
2024-08-25 19:00:00,22.1,0,1474.9
2024-08-25 20:00:00,20.8,0,1399.9
2024-08-25 21:00:00,21.4,0,1496.8
2024-08-25 22:00:00,20.0,0,1400.2
2024-08-25 23:00:00,19.2,0,1299.2
2024-08-26 00:00:00,20.5,0,1129.7
2024-08-26 01:00:00,19.1,0,1087.9
2024-08-26 02:00:00,17.7,0,1141.2
2024-08-26 03:00:00,18.9,0,1051.2
2024-08-26 04:00:00,21.1,0,1117.2
2024-08-26 05:00:00,20.0,0,1172.6
2024-08-26 06:00:00,23.5,0,1351.2
2024-08-26 07:00:00,24.8,0,1487.4
2024-08-26 08:00:00,27.2,0,1760.5
2024-08-26 09:00:00,26.4,0,1582.4
2024-08-26 10:00:00,26.2,0,1555.4
2024-08-26 11:00:00,27.9,0,1800.4
2024-08-26 12:00:00,27.9,0,1584.6
2024-08-26 13:00:00,26.0,0,1513.4
2024-08-26 14:00:00,29.1,0,1667.5
2024-08-26 15:00:00,25.9,0,1468.8
2024-08-26 16:00:00,28.6,0,1793.5
2024-08-26 17:00:00,23.9,0,1566.5
2024-08-26 18:00:00,25.4,0,1539.3
2024-08-26 19:00:00,22.3,0,1561.0
2024-08-26 20:00:00,19.6,0,1462.9
2024-08-26 21:00:00,18.6,0,1421.2
2024-08-26 22:00:00,20.8,0,1411.0
2024-08-26 23:00:00,20.1,0,1384.7
2024-08-27 00:00:00,16.9,0,983.1
2024-08-27 01:00:00,17.8,0,1123.5
2024-08-27 02:00:00,18.9,0,1018.9
2024-08-27 03:00:00,17.0,0,1004.9
2024-08-27 04:00:00,22.0,0,1010.0
2024-08-27 05:00:00,23.0,0,1104.4
2024-08-27 06:00:00,24.3,0,1170.6
2024-08-27 07:00:00,26.1,0,1431.8
2024-08-27 08:00:00,23.1,0,1330.7
2024-08-27 09:00:00,25.7,0,1502.0
2024-08-27 10:00:00,25.8,0,1413.3
2024-08-27 11:00:00,25.6,0,1462.8
2024-08-27 12:00:00,32.1,0,1829.6
2024-08-27 13:00:00,29.8,0,1603.7
2024-08-27 14:00:00,29.2,0,1679.7
2024-08-27 15:00:00,23.6,0,1228.4
2024-08-27 16:00:00,22.5,0,1239.2
2024-08-27 17:00:00,26.7,0,1498.4
2024-08-27 18:00:00,24.1,0,1441.1
2024-08-27 19:00:00,21.3,0,1336.2
2024-08-27 20:00:00,24.2,0,1443.4
2024-08-27 21:00:00,19.4,0,1258.3
2024-08-27 22:00:00,21.6,0,1314.2
2024-08-27 23:00:00,19.9,0,1191.7
2024-08-28 00:00:00,17.7,0,1073.2
2024-08-28 01:00:00,20.0,0,951.2
2024-08-28 02:00:00,17.1,0,1033.2
2024-08-28 03:00:00,20.4,0,949.0
2024-08-28 04:00:00,21.0,0,880.7
2024-08-28 05:00:00,21.6,0,1125.3
2024-08-28 06:00:00,23.9,0,1115.6
2024-08-28 07:00:00,22.5,0,1266.2
2024-08-28 08:00:00,27.4,0,1515.0
2024-08-28 09:00:00,27.4,0,1605.9
2024-08-28 10:00:00,25.2,0,1461.5
2024-08-28 11:00:00,24.9,0,1421.0
2024-08-28 12:00:00,24.7,0,1230.4
2024-08-28 13:00:00,25.2,0,1243.7
2024-08-28 14:00:00,29.6,0,1647.3
2024-08-28 15:00:00,26.2,0,1365.1
2024-08-28 16:00:00,21.8,0,1241.9
2024-08-28 17:00:00,20.5,0,1230.8
2024-08-28 18:00:00,24.7,0,1458.9
2024-08-28 19:00:00,24.3,0,1413.4
2024-08-28 20:00:00,24.6,0,1502.0
2024-08-28 21:00:00,20.6,0,1400.7
2024-08-28 22:00:00,15.8,0,1307.1
2024-08-28 23:00:00,16.2,0,1290.7
2024-08-29 00:00:00,20.7,0,1159.7
2024-08-29 01:00:00,19.1,0,1206.4
2024-08-29 02:00:00,23.2,0,1099.9
2024-08-29 03:00:00,18.6,0,1129.0
2024-08-29 04:00:00,18.7,0,1180.0
2024-08-29 05:00:00,19.4,0,1158.6
2024-08-29 06:00:00,22.5,0,1362.8
2024-08-29 07:00:00,24.1,0,1365.2
2024-08-29 08:00:00,27.9,0,1700.3
2024-08-29 09:00:00,22.6,0,1568.2
2024-08-29 10:00:00,25.6,0,1638.2
2024-08-29 11:00:00,31.9,0,2088.6
2024-08-29 12:00:00,27.1,0,1625.2
2024-08-29 13:00:00,27.1,0,1665.1
2024-08-29 14:00:00,27.9,0,1645.0
2024-08-29 15:00:00,26.0,0,1460.8
2024-08-29 16:00:00,25.1,0,1476.1
2024-08-29 17:00:00,26.0,0,1648.9
2024-08-29 18:00:00,21.8,0,1573.0
2024-08-29 19:00:00,20.5,0,1502.6
2024-08-29 20:00:00,22.3,0,1509.7
2024-08-29 21:00:00,16.9,0,1490.1
2024-08-29 22:00:00,19.4,0,1413.5
2024-08-29 23:00:00,15.3,0,1508.8
2024-08-30 00:00:00,19.1,0,1194.9
2024-08-30 01:00:00,16.4,0,1219.1
2024-08-30 02:00:00,20.8,0,1123.0
2024-08-30 03:00:00,20.1,0,1023.4
2024-08-30 04:00:00,22.0,0,1148.9
2024-08-30 05:00:00,22.5,0,1261.3
2024-08-30 06:00:00,22.2,0,1267.9
2024-08-30 07:00:00,23.3,0,1419.3
2024-08-30 08:00:00,24.7,0,1487.0
2024-08-30 09:00:00,23.4,0,1469.8
2024-08-30 10:00:00,24.2,0,1577.5
2024-08-30 11:00:00,32.1,0,2113.1
2024-08-30 12:00:00,26.0,0,1478.2
2024-08-30 13:00:00,28.5,0,1745.7
2024-08-30 14:00:00,30.2,0,1898.6
2024-08-30 15:00:00,24.2,0,1477.6
2024-08-30 16:00:00,23.3,0,1570.9
2024-08-30 17:00:00,20.6,0,1366.8
2024-08-30 18:00:00,21.4,0,1456.3
2024-08-30 19:00:00,22.1,0,1516.6
2024-08-30 20:00:00,19.9,0,1389.5
2024-08-30 21:00:00,21.1,0,1322.5
2024-08-30 22:00:00,19.0,0,1365.3
2024-08-30 23:00:00,14.8,0,1466.2
2024-08-31 00:00:00,15.5,0,1245.9
2024-08-31 01:00:00,18.0,0,1165.1
2024-08-31 02:00:00,20.3,0,1051.8
2024-08-31 03:00:00,19.4,0,1105.8
2024-08-31 04:00:00,23.5,0,1199.6
2024-08-31 05:00:00,18.7,0,1201.9
2024-08-31 06:00:00,22.7,0,1254.6
2024-08-31 07:00:00,22.5,0,1373.3
2024-08-31 08:00:00,24.3,0,1459.6
2024-08-31 09:00:00,22.5,0,1512.5
2024-08-31 10:00:00,25.5,0,1667.8
2024-08-31 11:00:00,31.1,0,2042.7
2024-08-31 12:00:00,25.2,0,1448.0
2024-08-31 13:00:00,28.2,0,1709.6
2024-08-31 14:00:00,28.2,0,1655.5
2024-08-31 15:00:00,24.9,0,1481.2
2024-08-31 16:00:00,28.4,0,1786.1
2024-08-31 17:00:00,20.8,0,1452.5
2024-08-31 18:00:00,23.4,0,1611.0
2024-08-31 19:00:00,21.7,0,1563.9
2024-08-31 20:00:00,21.3,0,1473.5
2024-08-31 21:00:00,17.7,0,1455.1
2024-08-31 22:00:00,17.0,0,1442.6
2024-08-31 23:00:00,18.9,0,1457.2
2024-09-01 00:00:00,20.1,0,1398.6
2024-09-01 01:00:00,13.8,0,1431.5
2024-09-01 02:00:00,19.8,0,1106.7
2024-09-01 03:00:00,14.9,0,1206.3
2024-09-01 04:00:00,16.5,0,1227.8
2024-09-01 05:00:00,18.3,0,1243.7
2024-09-01 06:00:00,22.3,0,1274.9
2024-09-01 07:00:00,27.2,0,1574.9
2024-09-01 08:00:00,27.3,0,1785.5
2024-09-01 09:00:00,26.0,0,1530.8
2024-09-01 10:00:00,26.1,0,1635.7
2024-09-01 11:00:00,23.6,0,1365.7
2024-09-01 12:00:00,22.6,0,1408.8
2024-09-01 13:00:00,27.0,0,1624.9
2024-09-01 14:00:00,26.9,0,1576.1
2024-09-01 15:00:00,23.7,0,1459.5
2024-09-01 16:00:00,27.8,0,1692.7
2024-09-01 17:00:00,23.6,0,1550.9
2024-09-01 18:00:00,19.9,0,1544.5
2024-09-01 19:00:00,19.2,0,1524.8
2024-09-01 20:00:00,20.4,0,1420.6
2024-09-01 21:00:00,15.5,0,1547.7
2024-09-01 22:00:00,15.9,0,1585.7
2024-09-01 23:00:00,16.9,0,1412.5
2024-09-02 00:00:00,18.6,0,1189.8
2024-09-02 01:00:00,17.0,0,1220.3
2024-09-02 02:00:00,19.0,0,1122.4
2024-09-02 03:00:00,15.8,0,1164.2
2024-09-02 04:00:00,20.5,0,1136.9
2024-09-02 05:00:00,19.2,0,1221.6
2024-09-02 06:00:00,19.7,0,1250.1
2024-09-02 07:00:00,23.0,0,1269.2
2024-09-02 08:00:00,27.0,0,1698.8
2024-09-02 09:00:00,24.9,0,1599.8
2024-09-02 10:00:00,26.0,0,1691.4
2024-09-02 11:00:00,26.9,0,1720.1
2024-09-02 12:00:00,27.5,0,1627.6
2024-09-02 13:00:00,25.6,0,1443.6
2024-09-02 14:00:00,24.7,0,1426.2
2024-09-02 15:00:00,26.1,0,1544.0
2024-09-02 16:00:00,25.5,0,1608.7
2024-09-02 17:00:00,18.4,0,1459.7
2024-09-02 18:00:00,20.1,0,1533.2
2024-09-02 19:00:00,21.5,0,1425.8
2024-09-02 20:00:00,17.7,0,1498.0
2024-09-02 21:00:00,18.1,0,1402.1
2024-09-02 22:00:00,15.7,0,1534.6
2024-09-02 23:00:00,14.1,0,1476.8
2024-09-03 00:00:00,19.7,0,1152.3
2024-09-03 01:00:00,14.4,0,1216.5
2024-09-03 02:00:00,16.1,0,1026.7
2024-09-03 03:00:00,22.0,0,958.5
2024-09-03 04:00:00,19.1,0,981.6
2024-09-03 05:00:00,22.2,0,1121.8
2024-09-03 06:00:00,21.2,0,1199.9
2024-09-03 07:00:00,18.7,0,1151.2
2024-09-03 08:00:00,19.2,0,1287.0
2024-09-03 09:00:00,27.6,0,1648.5
2024-09-03 10:00:00,25.6,0,1477.1
2024-09-03 11:00:00,26.7,0,1607.7
2024-09-03 12:00:00,27.8,0,1430.9
2024-09-03 13:00:00,27.3,0,1478.4
2024-09-03 14:00:00,24.9,0,1291.7
2024-09-03 15:00:00,29.0,0,1743.2
2024-09-03 16:00:00,27.5,0,1522.6
2024-09-03 17:00:00,24.0,0,1369.4
2024-09-03 18:00:00,22.9,0,1468.2
2024-09-03 19:00:00,16.1,0,1445.9
2024-09-03 20:00:00,21.1,0,1389.9
2024-09-03 21:00:00,15.8,0,1422.1
2024-09-03 22:00:00,19.2,0,1322.8
2024-09-03 23:00:00,18.9,0,1256.8
2024-09-04 00:00:00,18.0,0,1179.4
2024-09-04 01:00:00,13.1,0,1298.4
2024-09-04 02:00:00,15.8,0,1030.4
2024-09-04 03:00:00,15.7,0,1113.4
2024-09-04 04:00:00,23.0,0,1042.5
2024-09-04 05:00:00,21.6,0,1008.3
2024-09-04 06:00:00,26.6,0,1275.4
2024-09-04 07:00:00,19.8,0,1149.5
2024-09-04 08:00:00,26.9,0,1600.6
2024-09-04 09:00:00,25.4,0,1442.4
2024-09-04 10:00:00,28.4,0,1688.6
2024-09-04 11:00:00,24.3,0,1375.2
2024-09-04 12:00:00,27.3,0,1423.5
2024-09-04 13:00:00,24.0,0,1290.4
2024-09-04 14:00:00,25.8,0,1298.5
2024-09-04 15:00:00,24.8,0,1347.0
2024-09-04 16:00:00,25.3,0,1424.4
2024-09-04 17:00:00,22.1,0,1337.3
2024-09-04 18:00:00,20.9,0,1368.7
2024-09-04 19:00:00,20.6,0,1353.7
2024-09-04 20:00:00,16.3,0,1469.5
2024-09-04 21:00:00,19.5,0,1305.8
2024-09-04 22:00:00,16.5,0,1365.0
2024-09-04 23:00:00,17.5,0,1239.2
2024-09-05 00:00:00,17.2,0,1295.9
2024-09-05 01:00:00,14.9,0,1329.4
2024-09-05 02:00:00,16.3,0,1098.4
2024-09-05 03:00:00,18.0,0,1178.0
2024-09-05 04:00:00,16.4,0,1324.1
2024-09-05 05:00:00,21.8,0,1195.5
2024-09-05 06:00:00,20.3,0,1324.2
2024-09-05 07:00:00,21.1,0,1392.2
2024-09-05 08:00:00,22.7,0,1481.0
2024-09-05 09:00:00,23.5,0,1413.9
2024-09-05 10:00:00,25.1,0,1580.6
2024-09-05 11:00:00,25.0,0,1586.0
2024-09-05 12:00:00,29.5,0,1858.2
2024-09-05 13:00:00,26.7,0,1532.6
2024-09-05 14:00:00,26.1,0,1488.6
2024-09-05 15:00:00,26.2,0,1573.3
2024-09-05 16:00:00,25.5,0,1479.3
2024-09-05 17:00:00,25.0,0,1619.9
2024-09-05 18:00:00,18.6,0,1483.4
2024-09-05 19:00:00,18.0,0,1531.2
2024-09-05 20:00:00,17.5,0,1527.1
2024-09-05 21:00:00,21.1,0,1573.3
2024-09-05 22:00:00,15.9,0,1444.1
2024-09-05 23:00:00,17.0,0,1401.3
2024-09-06 00:00:00,18.7,0,1205.3
2024-09-06 01:00:00,15.5,0,1336.4
2024-09-06 02:00:00,13.0,0,1414.8
2024-09-06 03:00:00,15.5,0,1174.6
2024-09-06 04:00:00,19.3,0,1210.2
2024-09-06 05:00:00,21.5,0,1155.5
2024-09-06 06:00:00,21.0,0,1319.9
2024-09-06 07:00:00,20.7,0,1373.2
2024-09-06 08:00:00,24.0,0,1573.6
2024-09-06 09:00:00,25.6,0,1670.9
2024-09-06 10:00:00,23.1,0,1468.9
2024-09-06 11:00:00,25.6,0,1597.0
2024-09-06 12:00:00,25.7,0,1542.0
2024-09-06 13:00:00,24.3,0,1497.4
2024-09-06 14:00:00,26.8,0,1537.9
2024-09-06 15:00:00,22.8,0,1437.2
2024-09-06 16:00:00,23.5,0,1461.9
2024-09-06 17:00:00,20.2,0,1485.4
2024-09-06 18:00:00,19.9,0,1494.5
2024-09-06 19:00:00,19.3,0,1548.9
2024-09-06 20:00:00,15.6,0,1641.8
2024-09-06 21:00:00,14.0,0,1767.6
2024-09-06 22:00:00,13.6,0,1664.7
2024-09-06 23:00:00,17.7,0,1357.7
2024-09-07 00:00:00,20.6,0,1264.0
2024-09-07 01:00:00,15.7,0,1361.3
2024-09-07 02:00:00,14.7,0,1344.9
2024-09-07 03:00:00,16.2,0,1181.2
2024-09-07 04:00:00,19.5,0,1164.9
2024-09-07 05:00:00,20.8,0,1310.6
2024-09-07 06:00:00,21.0,0,1209.9
2024-09-07 07:00:00,21.1,0,1360.4
2024-09-07 08:00:00,23.7,0,1502.7
2024-09-07 09:00:00,23.8,0,1520.5
2024-09-07 10:00:00,27.4,0,1638.6
2024-09-07 11:00:00,26.5,0,1752.8
2024-09-07 12:00:00,24.6,0,1420.2
2024-09-07 13:00:00,24.7,0,1453.4
2024-09-07 14:00:00,28.5,0,1797.8
2024-09-07 15:00:00,22.6,0,1517.1
2024-09-07 16:00:00,23.5,0,1487.6
2024-09-07 17:00:00,22.5,0,1614.0
2024-09-07 18:00:00,18.8,0,1531.4
2024-09-07 19:00:00,21.2,0,1585.0
2024-09-07 20:00:00,17.3,0,1544.9
2024-09-07 21:00:00,17.1,0,1450.7
2024-09-07 22:00:00,17.3,0,1589.8
2024-09-07 23:00:00,16.6,0,1509.4
2024-09-08 00:00:00,20.8,0,1207.9
2024-09-08 01:00:00,15.5,0,1256.5
2024-09-08 02:00:00,17.9,0,1160.7
2024-09-08 03:00:00,18.1,0,1205.7
2024-09-08 04:00:00,19.0,0,1071.2
2024-09-08 05:00:00,19.1,0,1251.1
2024-09-08 06:00:00,16.9,0,1227.8
2024-09-08 07:00:00,18.6,0,1400.6
2024-09-08 08:00:00,22.0,0,1436.9
2024-09-08 09:00:00,27.5,0,1788.6
2024-09-08 10:00:00,25.9,0,1644.6
2024-09-08 11:00:00,25.5,0,1547.7
2024-09-08 12:00:00,24.0,0,1473.3
2024-09-08 13:00:00,26.2,0,1528.8
2024-09-08 14:00:00,25.0,0,1519.2
2024-09-08 15:00:00,24.0,0,1404.4
2024-09-08 16:00:00,21.5,0,1478.5
2024-09-08 17:00:00,20.3,0,1457.1
2024-09-08 18:00:00,22.4,0,1573.8
2024-09-08 19:00:00,14.0,0,1656.5
2024-09-08 20:00:00,17.4,0,1468.4
2024-09-08 21:00:00,19.3,0,1459.6
2024-09-08 22:00:00,15.9,0,1445.0
2024-09-08 23:00:00,12.4,0,1648.1
2024-09-09 00:00:00,18.3,0,1285.7
2024-09-09 01:00:00,13.4,0,1501.9
2024-09-09 02:00:00,16.9,0,1178.7
2024-09-09 03:00:00,15.3,0,1113.2
2024-09-09 04:00:00,19.3,0,1218.2
2024-09-09 05:00:00,17.8,0,1237.2
2024-09-09 06:00:00,17.5,0,1379.1
2024-09-09 07:00:00,27.4,0,1596.6
2024-09-09 08:00:00,21.1,0,1476.7
2024-09-09 09:00:00,19.9,0,1520.1
2024-09-09 10:00:00,22.4,0,1507.3
2024-09-09 11:00:00,29.2,0,1857.2
2024-09-09 12:00:00,30.1,0,1884.4
2024-09-09 13:00:00,22.5,0,1306.6
2024-09-09 14:00:00,27.5,0,1645.3
2024-09-09 15:00:00,23.3,0,1420.3
2024-09-09 16:00:00,21.1,0,1456.2
2024-09-09 17:00:00,19.9,0,1487.2
2024-09-09 18:00:00,22.5,0,1459.0
2024-09-09 19:00:00,24.9,0,1625.8
2024-09-09 20:00:00,22.8,0,1611.1
2024-09-09 21:00:00,16.7,0,1517.8
2024-09-09 22:00:00,16.0,0,1573.0
2024-09-09 23:00:00,15.3,0,1516.9
2024-09-10 00:00:00,14.1,0,1300.2
2024-09-10 01:00:00,15.2,0,1138.4
2024-09-10 02:00:00,11.7,0,1326.7
2024-09-10 03:00:00,13.3,0,1247.6
2024-09-10 04:00:00,16.7,0,1063.0
2024-09-10 05:00:00,20.0,0,1098.7
2024-09-10 06:00:00,19.6,0,1178.8
2024-09-10 07:00:00,21.5,0,1287.0
2024-09-10 08:00:00,20.0,0,1283.3
2024-09-10 09:00:00,25.6,0,1421.6
2024-09-10 10:00:00,22.7,0,1305.0
2024-09-10 11:00:00,26.1,0,1453.1
2024-09-10 12:00:00,25.3,0,1458.4
2024-09-10 13:00:00,27.9,0,1546.8
2024-09-10 14:00:00,23.5,0,1203.7
2024-09-10 15:00:00,23.7,0,1196.9
2024-09-10 16:00:00,22.5,0,1234.8
2024-09-10 17:00:00,19.8,0,1355.2
2024-09-10 18:00:00,20.3,0,1278.8
2024-09-10 19:00:00,16.9,0,1496.7
2024-09-10 20:00:00,18.7,0,1360.5
2024-09-10 21:00:00,19.1,0,1219.7
2024-09-10 22:00:00,15.1,0,1418.8
2024-09-10 23:00:00,15.0,0,1375.2
2024-09-11 00:00:00,14.9,0,1226.6
2024-09-11 01:00:00,11.6,0,1339.5
2024-09-11 02:00:00,16.2,0,998.7
2024-09-11 03:00:00,16.9,0,920.1
2024-09-11 04:00:00,18.9,0,1029.7
2024-09-11 05:00:00,23.1,0,1035.9
2024-09-11 06:00:00,19.1,0,1172.7
2024-09-11 07:00:00,20.6,0,1223.1
2024-09-11 08:00:00,22.8,0,1363.5
2024-09-11 09:00:00,23.5,0,1318.0
2024-09-11 10:00:00,22.3,0,1343.5
2024-09-11 11:00:00,28.0,0,1666.7
2024-09-11 12:00:00,25.8,0,1461.1
2024-09-11 13:00:00,27.4,0,1399.1
2024-09-11 14:00:00,21.5,0,1193.3
2024-09-11 15:00:00,25.5,0,1327.7
2024-09-11 16:00:00,21.9,0,1370.2
2024-09-11 17:00:00,21.5,0,1379.4
2024-09-11 18:00:00,20.4,0,1405.9
2024-09-11 19:00:00,23.0,0,1473.6
2024-09-11 20:00:00,15.5,0,1438.8
2024-09-11 21:00:00,13.3,0,1537.5
2024-09-11 22:00:00,17.1,0,1274.7
2024-09-11 23:00:00,11.4,0,1612.6
2024-09-12 00:00:00,14.9,0,1329.8
2024-09-12 01:00:00,11.0,0,1635.9
2024-09-12 02:00:00,13.8,0,1317.5
2024-09-12 03:00:00,13.1,0,1384.4
2024-09-12 04:00:00,16.5,0,1243.5
2024-09-12 05:00:00,17.1,0,1156.7
2024-09-12 06:00:00,15.8,0,1360.5
2024-09-12 07:00:00,19.7,0,1349.6
2024-09-12 08:00:00,19.3,0,1444.0
2024-09-12 09:00:00,23.4,0,1592.6
2024-09-12 10:00:00,24.7,0,1625.4
2024-09-12 11:00:00,24.2,0,1499.3
2024-09-12 12:00:00,24.2,0,1357.5
2024-09-12 13:00:00,22.5,0,1377.4
2024-09-12 14:00:00,23.7,0,1360.8
2024-09-12 15:00:00,24.1,0,1586.4
2024-09-12 16:00:00,22.8,0,1475.6
2024-09-12 17:00:00,22.7,0,1581.5
2024-09-12 18:00:00,18.9,0,1481.3
2024-09-12 19:00:00,17.2,0,1512.4
2024-09-12 20:00:00,19.6,0,1575.5
2024-09-12 21:00:00,18.0,0,1591.9
2024-09-12 22:00:00,14.5,0,1558.1
2024-09-12 23:00:00,15.6,0,1501.0
2024-09-13 00:00:00,13.2,0,1542.1
2024-09-13 01:00:00,15.9,0,1323.6
2024-09-13 02:00:00,14.1,0,1321.7
2024-09-13 03:00:00,16.5,0,1249.5
2024-09-13 04:00:00,16.7,0,1236.5
2024-09-13 05:00:00,20.4,0,1286.9
2024-09-13 06:00:00,20.1,0,1318.3
2024-09-13 07:00:00,21.2,0,1449.6
2024-09-13 08:00:00,22.3,0,1487.2
2024-09-13 09:00:00,22.0,0,1536.6
2024-09-13 10:00:00,23.5,0,1537.7
2024-09-13 11:00:00,23.6,0,1480.0
2024-09-13 12:00:00,23.6,0,1447.6
2024-09-13 13:00:00,23.8,0,1356.2
2024-09-13 14:00:00,20.5,0,1310.4
2024-09-13 15:00:00,22.9,0,1466.5
2024-09-13 16:00:00,24.7,0,1573.4
2024-09-13 17:00:00,19.9,0,1402.2
2024-09-13 18:00:00,21.7,0,1502.0
2024-09-13 19:00:00,14.2,0,1693.9
2024-09-13 20:00:00,14.0,0,1786.3
2024-09-13 21:00:00,18.9,0,1471.8
2024-09-13 22:00:00,15.4,0,1516.9
2024-09-13 23:00:00,13.3,0,1577.1
2024-09-14 00:00:00,11.5,0,1570.3
2024-09-14 01:00:00,15.8,0,1320.2
2024-09-14 02:00:00,14.2,0,1283.0
2024-09-14 03:00:00,13.6,0,1371.4
2024-09-14 04:00:00,16.0,0,1350.3
2024-09-14 05:00:00,18.3,0,1225.3
2024-09-14 06:00:00,21.0,0,1227.4
2024-09-14 07:00:00,19.4,0,1439.5
2024-09-14 08:00:00,24.4,0,1484.4
2024-09-14 09:00:00,19.2,0,1477.8
2024-09-14 10:00:00,26.3,0,1718.6
2024-09-14 11:00:00,22.7,0,1415.2
2024-09-14 12:00:00,24.5,0,1463.7
2024-09-14 13:00:00,25.5,0,1438.9
2024-09-14 14:00:00,25.6,0,1478.6
2024-09-14 15:00:00,24.1,0,1589.8
2024-09-14 16:00:00,24.0,0,1592.2
2024-09-14 17:00:00,20.3,0,1510.1
2024-09-14 18:00:00,15.0,0,1677.7
2024-09-14 19:00:00,19.0,0,1643.5
2024-09-14 20:00:00,18.0,0,1580.5
2024-09-14 21:00:00,12.9,0,1687.5
2024-09-14 22:00:00,16.0,0,1494.9
2024-09-14 23:00:00,14.8,0,1551.2
2024-09-15 00:00:00,11.8,0,1641.7
2024-09-15 01:00:00,15.1,0,1336.0
2024-09-15 02:00:00,10.4,0,1602.4
2024-09-15 03:00:00,14.6,0,1323.5
2024-09-15 04:00:00,18.8,0,1172.0
2024-09-15 05:00:00,16.3,0,1264.4
2024-09-15 06:00:00,17.6,0,1459.5
2024-09-15 07:00:00,17.7,0,1472.1
2024-09-15 08:00:00,19.5,0,1436.5
2024-09-15 09:00:00,22.9,0,1579.3
2024-09-15 10:00:00,21.3,0,1595.9
2024-09-15 11:00:00,24.1,0,1466.7
2024-09-15 12:00:00,21.2,0,1374.2
2024-09-15 13:00:00,25.0,0,1463.9
2024-09-15 14:00:00,18.7,0,1324.2
2024-09-15 15:00:00,22.6,0,1429.8
2024-09-15 16:00:00,25.2,0,1514.5
2024-09-15 17:00:00,18.8,0,1461.9
2024-09-15 18:00:00,19.1,0,1518.8
2024-09-15 19:00:00,17.6,0,1555.7
2024-09-15 20:00:00,15.4,0,1671.4
2024-09-15 21:00:00,17.1,0,1568.3
2024-09-15 22:00:00,12.2,0,1694.7
2024-09-15 23:00:00,12.9,0,1660.6
2024-09-16 00:00:00,16.6,0,1322.7
2024-09-16 01:00:00,13.5,0,1465.7
2024-09-16 02:00:00,15.5,0,1200.8
2024-09-16 03:00:00,14.4,0,1202.5
2024-09-16 04:00:00,21.0,0,1169.2
2024-09-16 05:00:00,15.3,0,1298.4
2024-09-16 06:00:00,20.0,0,1261.4
2024-09-16 07:00:00,19.6,0,1395.4
2024-09-16 08:00:00,21.9,0,1447.6
2024-09-16 09:00:00,23.6,0,1558.1
2024-09-16 10:00:00,22.9,0,1516.2
2024-09-16 11:00:00,24.2,0,1442.1
2024-09-16 12:00:00,25.0,0,1517.6
2024-09-16 13:00:00,20.1,0,1369.3
2024-09-16 14:00:00,21.8,0,1428.3
2024-09-16 15:00:00,24.1,0,1558.9
2024-09-16 16:00:00,19.1,0,1473.7
2024-09-16 17:00:00,19.0,0,1449.1
2024-09-16 18:00:00,19.6,0,1422.9
2024-09-16 19:00:00,19.1,0,1530.4
2024-09-16 20:00:00,15.3,0,1672.4
2024-09-16 21:00:00,14.3,0,1737.3
2024-09-16 22:00:00,12.5,0,1690.2
2024-09-16 23:00:00,10.4,0,1867.4
2024-09-17 00:00:00,10.7,0,1516.0
2024-09-17 01:00:00,16.4,0,1095.4
2024-09-17 02:00:00,15.2,0,1098.3
2024-09-17 03:00:00,16.9,0,970.1
2024-09-17 04:00:00,14.9,0,1116.0
2024-09-17 05:00:00,16.2,0,1176.0
2024-09-17 06:00:00,16.7,0,1216.9
2024-09-17 07:00:00,16.9,0,1376.8
2024-09-17 08:00:00,21.5,0,1386.1
2024-09-17 09:00:00,22.2,0,1309.0
2024-09-17 10:00:00,24.6,0,1382.0
2024-09-17 11:00:00,20.1,0,1173.2
2024-09-17 12:00:00,25.5,0,1390.6
2024-09-17 13:00:00,24.1,0,1191.2
2024-09-17 14:00:00,23.1,0,1294.0
2024-09-17 15:00:00,20.6,0,1326.5
2024-09-17 16:00:00,20.4,0,1339.8
2024-09-17 17:00:00,19.1,0,1391.9
2024-09-17 18:00:00,16.7,0,1478.2
2024-09-17 19:00:00,19.2,0,1422.1
2024-09-17 20:00:00,19.3,0,1435.8
2024-09-17 21:00:00,12.3,0,1615.0
2024-09-17 22:00:00,13.3,0,1417.8
2024-09-17 23:00:00,10.4,0,1737.7
2024-09-18 00:00:00,11.5,0,1399.8
2024-09-18 01:00:00,10.3,0,1520.8
2024-09-18 02:00:00,14.1,0,1111.8
2024-09-18 03:00:00,13.8,0,1200.7
2024-09-18 04:00:00,15.4,0,1230.3
2024-09-18 05:00:00,18.0,0,1090.6
2024-09-18 06:00:00,16.8,0,1249.9
2024-09-18 07:00:00,20.8,0,1245.9
2024-09-18 08:00:00,20.3,0,1348.3
2024-09-18 09:00:00,22.6,0,1392.7
2024-09-18 10:00:00,24.7,0,1407.6
2024-09-18 11:00:00,22.0,0,1342.4
2024-09-18 12:00:00,22.2,0,1251.3
2024-09-18 13:00:00,21.0,0,1222.0
2024-09-18 14:00:00,24.0,0,1305.1
2024-09-18 15:00:00,23.3,0,1328.6
2024-09-18 16:00:00,22.7,0,1360.0
2024-09-18 17:00:00,22.5,0,1347.8
2024-09-18 18:00:00,19.9,0,1381.1
2024-09-18 19:00:00,18.6,0,1402.2
2024-09-18 20:00:00,14.3,0,1530.6
2024-09-18 21:00:00,12.7,0,1516.6
2024-09-18 22:00:00,16.2,0,1385.7
2024-09-18 23:00:00,13.9,0,1379.2
2024-09-19 00:00:00,12.1,0,1709.7
2024-09-19 01:00:00,12.8,0,1477.2
2024-09-19 02:00:00,13.6,0,1358.1
2024-09-19 03:00:00,16.1,0,1183.1
2024-09-19 04:00:00,13.4,0,1413.1
2024-09-19 05:00:00,13.8,0,1349.2
2024-09-19 06:00:00,15.8,0,1463.4
2024-09-19 07:00:00,18.6,0,1446.1
2024-09-19 08:00:00,20.8,0,1498.1
2024-09-19 09:00:00,20.6,0,1468.9
2024-09-19 10:00:00,21.5,0,1475.8
2024-09-19 11:00:00,22.4,0,1417.9
2024-09-19 12:00:00,23.7,0,1435.5
2024-09-19 13:00:00,21.9,0,1296.6
2024-09-19 14:00:00,23.2,0,1373.7
2024-09-19 15:00:00,20.9,0,1396.5
2024-09-19 16:00:00,20.5,0,1564.0
2024-09-19 17:00:00,19.5,0,1509.2
2024-09-19 18:00:00,16.0,0,1584.5
2024-09-19 19:00:00,14.3,0,1697.9
2024-09-19 20:00:00,13.1,0,1818.3
2024-09-19 21:00:00,14.0,0,1722.1
2024-09-19 22:00:00,11.5,0,1793.4
2024-09-19 23:00:00,13.6,0,1608.6
2024-09-20 00:00:00,15.5,0,1436.3
2024-09-20 01:00:00,13.1,0,1443.7
2024-09-20 02:00:00,12.7,0,1400.6
2024-09-20 03:00:00,13.1,0,1400.7
2024-09-20 04:00:00,14.9,0,1307.4
2024-09-20 05:00:00,18.5,0,1286.1
2024-09-20 06:00:00,17.3,0,1457.0
2024-09-20 07:00:00,20.0,0,1455.4
2024-09-20 08:00:00,18.6,0,1500.6
2024-09-20 09:00:00,20.1,0,1551.8
2024-09-20 10:00:00,21.1,0,1497.0
2024-09-20 11:00:00,21.1,0,1407.9
2024-09-20 12:00:00,22.1,0,1471.6
2024-09-20 13:00:00,23.1,0,1448.4
2024-09-20 14:00:00,21.1,0,1393.0
2024-09-20 15:00:00,19.7,0,1355.2
2024-09-20 16:00:00,18.9,0,1386.5
2024-09-20 17:00:00,19.8,0,1497.6
2024-09-20 18:00:00,20.1,0,1614.1
2024-09-20 19:00:00,16.5,0,1693.0
2024-09-20 20:00:00,17.6,0,1608.1
2024-09-20 21:00:00,14.6,0,1567.2
2024-09-20 22:00:00,14.7,0,1677.1
2024-09-20 23:00:00,11.1,0,1892.1
2024-09-21 00:00:00,13.3,0,1457.9
2024-09-21 01:00:00,12.8,0,1438.4
2024-09-21 02:00:00,10.7,0,1524.9
2024-09-21 03:00:00,15.2,0,1277.5
2024-09-21 04:00:00,16.0,0,1331.8
2024-09-21 05:00:00,12.0,0,1523.9
2024-09-21 06:00:00,16.7,0,1312.4
2024-09-21 07:00:00,20.2,0,1351.6
2024-09-21 08:00:00,24.3,0,1586.7
2024-09-21 09:00:00,21.8,0,1561.2
2024-09-21 10:00:00,19.7,0,1582.9
2024-09-21 11:00:00,19.5,0,1449.6
2024-09-21 12:00:00,24.4,0,1466.5
2024-09-21 13:00:00,22.6,0,1417.8
2024-09-21 14:00:00,25.6,0,1510.6
2024-09-21 15:00:00,21.3,0,1488.7
2024-09-21 16:00:00,21.0,0,1371.7
2024-09-21 17:00:00,17.0,0,1588.0
2024-09-21 18:00:00,16.0,0,1681.7
2024-09-21 19:00:00,16.8,0,1607.7
2024-09-21 20:00:00,16.1,0,1571.9
2024-09-21 21:00:00,17.4,0,1517.2
2024-09-21 22:00:00,13.2,0,1702.3
2024-09-21 23:00:00,12.1,0,1710.8
2024-09-22 00:00:00,12.0,0,1542.9
2024-09-22 01:00:00,13.1,0,1353.9
2024-09-22 02:00:00,8.4,0,1857.4
2024-09-22 03:00:00,18.0,0,1199.7
2024-09-22 04:00:00,13.5,0,1426.1
2024-09-22 05:00:00,17.3,0,1261.6
2024-09-22 06:00:00,16.9,0,1366.7
2024-09-22 07:00:00,19.4,0,1442.6
2024-09-22 08:00:00,17.7,0,1533.9
2024-09-22 09:00:00,19.7,0,1468.1
2024-09-22 10:00:00,23.8,0,1574.2
2024-09-22 11:00:00,24.1,0,1462.9
2024-09-22 12:00:00,24.8,0,1489.7
2024-09-22 13:00:00,20.5,0,1460.6
2024-09-22 14:00:00,21.2,0,1363.6
2024-09-22 15:00:00,21.1,0,1388.8
2024-09-22 16:00:00,19.0,0,1380.1
2024-09-22 17:00:00,17.3,0,1554.0
2024-09-22 18:00:00,18.6,0,1591.0
2024-09-22 19:00:00,14.6,0,1751.3
2024-09-22 20:00:00,13.3,0,1653.2
2024-09-22 21:00:00,16.7,0,1585.9
2024-09-22 22:00:00,14.4,0,1664.5
2024-09-22 23:00:00,9.3,0,1990.2
2024-09-23 00:00:00,10.6,0,1782.3
2024-09-23 01:00:00,10.0,0,1719.5
2024-09-23 02:00:00,9.7,0,1634.7
2024-09-23 03:00:00,12.6,0,1431.6
2024-09-23 04:00:00,13.7,0,1437.3
2024-09-23 05:00:00,14.8,0,1402.2
2024-09-23 06:00:00,16.7,0,1409.6
2024-09-23 07:00:00,18.6,0,1383.7
2024-09-23 08:00:00,16.8,0,1549.6
2024-09-23 09:00:00,25.8,0,1644.4
2024-09-23 10:00:00,19.8,0,1480.0
2024-09-23 11:00:00,20.0,0,1442.7
2024-09-23 12:00:00,21.6,0,1425.2
2024-09-23 13:00:00,18.3,0,1359.5
2024-09-23 14:00:00,23.2,0,1456.5
2024-09-23 15:00:00,19.3,0,1412.5
2024-09-23 16:00:00,16.7,0,1521.1
2024-09-23 17:00:00,16.1,0,1592.7
2024-09-23 18:00:00,13.7,0,1778.0
2024-09-23 19:00:00,14.9,0,1694.2
2024-09-23 20:00:00,10.6,0,1935.1
2024-09-23 21:00:00,16.8,0,1623.2
2024-09-23 22:00:00,12.2,0,1726.0
2024-09-23 23:00:00,10.6,0,1825.8
2024-09-24 00:00:00,13.3,0,1319.4
2024-09-24 01:00:00,9.1,0,1688.2
2024-09-24 02:00:00,10.9,0,1468.2
2024-09-24 03:00:00,14.2,0,1186.7
2024-09-24 04:00:00,12.0,0,1384.3
2024-09-24 05:00:00,16.3,0,1233.5
2024-09-24 06:00:00,19.5,0,1170.4
2024-09-24 07:00:00,19.8,0,1286.9
2024-09-24 08:00:00,15.3,0,1484.3
2024-09-24 09:00:00,17.6,0,1348.4
2024-09-24 10:00:00,17.1,0,1371.9
2024-09-24 11:00:00,22.4,0,1406.4
2024-09-24 12:00:00,22.3,0,1193.0
2024-09-24 13:00:00,21.6,0,1139.9
2024-09-24 14:00:00,20.9,0,1165.3
2024-09-24 15:00:00,19.2,0,1221.6
2024-09-24 16:00:00,16.6,0,1286.2
2024-09-24 17:00:00,14.0,0,1507.4
2024-09-24 18:00:00,21.9,0,1441.2
2024-09-24 19:00:00,17.4,0,1437.3
2024-09-24 20:00:00,13.4,0,1560.2
2024-09-24 21:00:00,12.1,0,1592.6
2024-09-24 22:00:00,14.5,0,1469.0
2024-09-24 23:00:00,13.5,0,1433.0
2024-09-25 00:00:00,13.2,0,1329.2
2024-09-25 01:00:00,13.8,0,1230.3
2024-09-25 02:00:00,13.7,0,1156.6
2024-09-25 03:00:00,17.7,0,1080.8
2024-09-25 04:00:00,13.7,0,1228.5
2024-09-25 05:00:00,15.0,0,1224.0
2024-09-25 06:00:00,18.3,0,1260.0
2024-09-25 07:00:00,20.2,0,1288.0
2024-09-25 08:00:00,20.2,0,1352.9
2024-09-25 09:00:00,23.4,0,1414.9
2024-09-25 10:00:00,21.0,0,1367.4
2024-09-25 11:00:00,18.0,0,1311.0
2024-09-25 12:00:00,18.0,0,1208.4
2024-09-25 13:00:00,19.2,0,1194.0
2024-09-25 14:00:00,24.1,0,1325.7
2024-09-25 15:00:00,23.2,0,1203.2
2024-09-25 16:00:00,20.3,0,1300.2
2024-09-25 17:00:00,20.0,0,1406.3
2024-09-25 18:00:00,14.6,0,1529.0
2024-09-25 19:00:00,16.7,0,1390.3
2024-09-25 20:00:00,14.4,0,1631.4
2024-09-25 21:00:00,13.9,0,1545.7
2024-09-25 22:00:00,9.2,0,1901.1
2024-09-25 23:00:00,10.1,0,1763.8
2024-09-26 00:00:00,14.2,0,1561.1
2024-09-26 01:00:00,11.4,0,1582.3
2024-09-26 02:00:00,12.4,0,1440.3
2024-09-26 03:00:00,11.1,0,1565.1
2024-09-26 04:00:00,12.3,0,1472.8
2024-09-26 05:00:00,16.7,0,1276.7
2024-09-26 06:00:00,14.8,0,1475.0
2024-09-26 07:00:00,18.0,0,1433.5
2024-09-26 08:00:00,16.0,0,1536.5
2024-09-26 09:00:00,19.4,0,1518.1
2024-09-26 10:00:00,21.7,0,1467.2
2024-09-26 11:00:00,22.7,0,1463.5
2024-09-26 12:00:00,19.0,0,1384.2
2024-09-26 13:00:00,23.5,0,1364.2
2024-09-26 14:00:00,21.9,0,1350.7
2024-09-26 15:00:00,18.7,0,1447.8
2024-09-26 16:00:00,20.9,0,1390.2
2024-09-26 17:00:00,12.9,0,1793.1
2024-09-26 18:00:00,16.3,0,1571.5
2024-09-26 19:00:00,20.0,0,1585.8
2024-09-26 20:00:00,14.7,0,1583.9
2024-09-26 21:00:00,12.8,0,1790.8
2024-09-26 22:00:00,11.5,0,1838.5
2024-09-26 23:00:00,12.4,0,1687.5
2024-09-27 00:00:00,9.9,0,1750.0
2024-09-27 01:00:00,12.0,0,1462.6
2024-09-27 02:00:00,11.3,0,1575.0
2024-09-27 03:00:00,11.7,0,1461.1
2024-09-27 04:00:00,19.1,0,1240.8
2024-09-27 05:00:00,16.7,0,1301.1
2024-09-27 06:00:00,14.8,0,1472.4
2024-09-27 07:00:00,15.0,0,1542.1
2024-09-27 08:00:00,17.4,0,1445.2
2024-09-27 09:00:00,19.4,0,1499.0
2024-09-27 10:00:00,21.7,0,1459.9
2024-09-27 11:00:00,18.3,0,1395.7
2024-09-27 12:00:00,21.8,0,1401.7
2024-09-27 13:00:00,18.7,0,1384.1
2024-09-27 14:00:00,20.8,0,1451.2
2024-09-27 15:00:00,21.4,0,1409.4
2024-09-27 16:00:00,18.7,0,1420.8
2024-09-27 17:00:00,20.3,0,1557.0
2024-09-27 18:00:00,13.4,0,1761.6
2024-09-27 19:00:00,15.3,0,1654.2
2024-09-27 20:00:00,16.3,0,1726.3
2024-09-27 21:00:00,12.4,0,1824.9
2024-09-27 22:00:00,12.2,0,1686.2
2024-09-27 23:00:00,10.6,0,1777.1
2024-09-28 00:00:00,9.3,0,1823.5
2024-09-28 01:00:00,10.1,0,1679.9
2024-09-28 02:00:00,15.2,0,1358.4
2024-09-28 03:00:00,13.1,0,1424.1
2024-09-28 04:00:00,11.8,0,1558.2
2024-09-28 05:00:00,15.7,0,1365.7
2024-09-28 06:00:00,17.3,0,1379.2
2024-09-28 07:00:00,16.9,0,1496.0
2024-09-28 08:00:00,18.8,0,1472.6
2024-09-28 09:00:00,19.7,0,1471.2
2024-09-28 10:00:00,17.2,0,1477.1
2024-09-28 11:00:00,20.8,0,1523.7
2024-09-28 12:00:00,19.1,0,1346.4
2024-09-28 13:00:00,19.4,0,1320.3
2024-09-28 14:00:00,20.5,0,1297.0
2024-09-28 15:00:00,20.6,0,1376.3
2024-09-28 16:00:00,17.0,0,1479.4
2024-09-28 17:00:00,17.9,0,1589.6
2024-09-28 18:00:00,18.8,0,1486.1
2024-09-28 19:00:00,12.0,0,1828.5
2024-09-28 20:00:00,14.5,0,1618.6
2024-09-28 21:00:00,10.0,0,1978.0
2024-09-28 22:00:00,10.5,0,1784.6
2024-09-28 23:00:00,11.9,0,1687.4
2024-09-29 00:00:00,10.4,0,1794.8
2024-09-29 01:00:00,7.3,0,2036.7
2024-09-29 02:00:00,13.4,0,1322.5
2024-09-29 03:00:00,10.9,0,1509.2
2024-09-29 04:00:00,10.6,0,1544.1
2024-09-29 05:00:00,9.4,0,1823.5
2024-09-29 06:00:00,17.1,0,1424.6
2024-09-29 07:00:00,14.2,0,1569.4
2024-09-29 08:00:00,17.4,0,1559.3
2024-09-29 09:00:00,15.8,0,1538.1
2024-09-29 10:00:00,18.8,0,1485.6
2024-09-29 11:00:00,18.0,0,1409.9
2024-09-29 12:00:00,22.9,0,1469.6
2024-09-29 13:00:00,19.5,0,1344.2
2024-09-29 14:00:00,16.9,0,1477.3
2024-09-29 15:00:00,18.0,0,1407.6
2024-09-29 16:00:00,20.4,0,1408.2
2024-09-29 17:00:00,17.9,0,1463.5
2024-09-29 18:00:00,15.5,0,1619.7
2024-09-29 19:00:00,15.7,0,1702.3
2024-09-29 20:00:00,11.3,0,1872.0
2024-09-29 21:00:00,9.0,0,2068.1
2024-09-29 22:00:00,13.0,0,1745.2
2024-09-29 23:00:00,13.1,0,1540.8
2024-09-30 00:00:00,8.6,0,1986.2
2024-09-30 01:00:00,11.9,0,1425.2
2024-09-30 02:00:00,9.6,0,1591.1
2024-09-30 03:00:00,14.9,0,1319.5
2024-09-30 04:00:00,11.8,0,1413.5
2024-09-30 05:00:00,13.7,0,1368.9
2024-09-30 06:00:00,12.9,0,1604.8
2024-09-30 07:00:00,16.2,0,1443.0
2024-09-30 08:00:00,15.4,0,1546.4
2024-09-30 09:00:00,18.9,0,1574.6
2024-09-30 10:00:00,19.6,0,1439.9
2024-09-30 11:00:00,22.7,0,1427.6
2024-09-30 12:00:00,24.2,0,1441.0
2024-09-30 13:00:00,19.6,0,1441.0
2024-09-30 14:00:00,21.8,0,1396.9
2024-09-30 15:00:00,21.1,0,1351.5
2024-09-30 16:00:00,19.3,0,1526.7
2024-09-30 17:00:00,18.2,0,1545.7
2024-09-30 18:00:00,16.4,0,1581.8
2024-09-30 19:00:00,15.2,0,1658.3
2024-09-30 20:00:00,9.4,0,2092.4
2024-09-30 21:00:00,11.9,0,1858.6
2024-09-30 22:00:00,8.7,0,2036.5
2024-09-30 23:00:00,12.0,0,1713.4
2024-10-01 00:00:00,8.3,0,1796.7
2024-10-01 01:00:00,10.6,0,1470.3
2024-10-01 02:00:00,12.3,0,1329.7
2024-10-01 03:00:00,13.3,0,1196.5
2024-10-01 04:00:00,14.6,0,1236.0
2024-10-01 05:00:00,11.2,0,1476.5
2024-10-01 06:00:00,15.5,0,1382.9
2024-10-01 07:00:00,16.7,0,1270.4
2024-10-01 08:00:00,15.1,0,1446.4
2024-10-01 09:00:00,18.4,0,1324.3
2024-10-01 10:00:00,16.4,0,1303.6
2024-10-01 11:00:00,20.6,0,1239.4
2024-10-01 12:00:00,18.4,0,1212.6
2024-10-01 13:00:00,19.6,0,1200.4
2024-10-01 14:00:00,20.4,0,1172.7
2024-10-01 15:00:00,17.7,0,1246.6
2024-10-01 16:00:00,17.0,0,1394.2
2024-10-01 17:00:00,21.3,0,1424.4
2024-10-01 18:00:00,13.9,0,1629.6
2024-10-01 19:00:00,8.6,0,2010.3
2024-10-01 20:00:00,9.0,0,1968.8
2024-10-01 21:00:00,8.1,0,2033.8
2024-10-01 22:00:00,10.5,0,1708.3
2024-10-01 23:00:00,11.3,0,1643.3
2024-10-02 00:00:00,9.0,0,1677.2
2024-10-02 01:00:00,8.1,0,1684.0
2024-10-02 02:00:00,9.9,0,1556.5
2024-10-02 03:00:00,9.9,0,1434.4
2024-10-02 04:00:00,10.8,0,1405.2
2024-10-02 05:00:00,13.0,0,1371.4
2024-10-02 06:00:00,17.4,0,1271.4
2024-10-02 07:00:00,15.8,0,1355.3
2024-10-02 08:00:00,16.4,0,1463.5
2024-10-02 09:00:00,15.7,0,1365.7
2024-10-02 10:00:00,15.8,0,1498.1
2024-10-02 11:00:00,19.6,0,1221.0
2024-10-02 12:00:00,18.4,0,1331.2
2024-10-02 13:00:00,14.8,0,1332.0
2024-10-02 14:00:00,19.0,0,1175.8
2024-10-02 15:00:00,15.4,0,1366.3
2024-10-02 16:00:00,19.2,0,1294.6
2024-10-02 17:00:00,18.8,0,1315.5
2024-10-02 18:00:00,15.3,0,1436.6
2024-10-02 19:00:00,15.3,0,1457.9
2024-10-02 20:00:00,11.0,0,1799.4
2024-10-02 21:00:00,10.3,0,1767.6
2024-10-02 22:00:00,9.1,0,1940.2
2024-10-02 23:00:00,9.6,0,1887.2
2024-10-03 00:00:00,11.3,0,1676.6
2024-10-03 01:00:00,10.2,0,1740.1
2024-10-03 02:00:00,6.4,0,2095.8
2024-10-03 03:00:00,10.7,0,1572.5
2024-10-03 04:00:00,10.3,0,1616.1
2024-10-03 05:00:00,11.3,0,1594.7
2024-10-03 06:00:00,14.7,0,1514.8
2024-10-03 07:00:00,14.6,0,1582.9
2024-10-03 08:00:00,14.2,0,1690.6
2024-10-03 09:00:00,17.6,0,1546.7
2024-10-03 10:00:00,20.0,0,1489.7
2024-10-03 11:00:00,19.4,0,1426.8
2024-10-03 12:00:00,17.5,0,1485.2
2024-10-03 13:00:00,17.9,0,1403.2
2024-10-03 14:00:00,15.9,0,1497.0
2024-10-03 15:00:00,17.7,0,1414.0
2024-10-03 16:00:00,16.1,0,1530.2
2024-10-03 17:00:00,15.5,0,1522.8
2024-10-03 18:00:00,10.7,0,2008.8
2024-10-03 19:00:00,10.1,0,1997.5
2024-10-03 20:00:00,15.8,0,1658.2
2024-10-03 21:00:00,10.9,0,1952.6
2024-10-03 22:00:00,8.3,0,2086.7
2024-10-03 23:00:00,8.4,0,2068.4
2024-10-04 00:00:00,9.9,0,1834.7
2024-10-04 01:00:00,4.6,0,2354.8
2024-10-04 02:00:00,12.2,0,1485.5
2024-10-04 03:00:00,11.1,0,1521.6
2024-10-04 04:00:00,12.3,0,1435.5
2024-10-04 05:00:00,8.8,0,1854.6
2024-10-04 06:00:00,13.6,0,1486.8
2024-10-04 07:00:00,16.1,0,1491.5
2024-10-04 08:00:00,14.4,0,1689.9
2024-10-04 09:00:00,18.9,0,1518.1
2024-10-04 10:00:00,19.4,0,1410.6
2024-10-04 11:00:00,18.3,0,1422.1
2024-10-04 12:00:00,17.6,0,1425.1
2024-10-04 13:00:00,15.5,0,1460.4
2024-10-04 14:00:00,14.1,0,1465.0
2024-10-04 15:00:00,17.5,0,1459.0
2024-10-04 16:00:00,14.7,0,1587.9
2024-10-04 17:00:00,17.4,0,1605.6
2024-10-04 18:00:00,13.1,0,1779.2
2024-10-04 19:00:00,15.4,0,1671.8
2024-10-04 20:00:00,10.5,0,1981.9
2024-10-04 21:00:00,11.4,0,1804.8
2024-10-04 22:00:00,10.1,0,1900.6
2024-10-04 23:00:00,6.4,0,2303.6
2024-10-05 00:00:00,7.8,0,2004.2
2024-10-05 01:00:00,6.1,0,2080.4
2024-10-05 02:00:00,12.9,0,1388.3
2024-10-05 03:00:00,11.6,0,1530.8
2024-10-05 04:00:00,10.1,0,1679.9
2024-10-05 05:00:00,11.8,0,1570.7
2024-10-05 06:00:00,15.4,0,1452.9
2024-10-05 07:00:00,13.1,0,1676.9
2024-10-05 08:00:00,14.9,0,1574.1
2024-10-05 09:00:00,13.5,0,1710.4
2024-10-05 10:00:00,16.4,0,1459.8
2024-10-05 11:00:00,17.0,0,1466.2
2024-10-05 12:00:00,17.6,0,1342.9
2024-10-05 13:00:00,17.1,0,1331.6
2024-10-05 14:00:00,15.4,0,1548.5
2024-10-05 15:00:00,16.9,0,1415.4
2024-10-05 16:00:00,13.8,0,1611.7
2024-10-05 17:00:00,12.5,0,1741.0
2024-10-05 18:00:00,14.9,0,1633.0
2024-10-05 19:00:00,12.9,0,1822.2
2024-10-05 20:00:00,9.6,0,2074.3
2024-10-05 21:00:00,7.9,0,2252.8
2024-10-05 22:00:00,8.8,0,2131.4
2024-10-05 23:00:00,8.2,0,2053.5
2024-10-06 00:00:00,6.6,0,2211.5
2024-10-06 01:00:00,6.5,0,2086.5
2024-10-06 02:00:00,8.3,0,1850.9
2024-10-06 03:00:00,9.9,0,1717.3
2024-10-06 04:00:00,14.2,0,1345.0
2024-10-06 05:00:00,13.4,0,1330.9
2024-10-06 06:00:00,15.4,0,1462.6
2024-10-06 07:00:00,15.1,0,1451.2
2024-10-06 08:00:00,13.9,0,1720.6
2024-10-06 09:00:00,15.9,0,1597.9
2024-10-06 10:00:00,20.6,0,1452.3
2024-10-06 11:00:00,14.9,0,1554.2
2024-10-06 12:00:00,19.9,0,1324.8
2024-10-06 13:00:00,16.9,0,1365.1
2024-10-06 14:00:00,18.9,0,1352.2
2024-10-06 15:00:00,15.8,0,1471.4
2024-10-06 16:00:00,14.0,0,1625.4
2024-10-06 17:00:00,16.4,0,1500.4
2024-10-06 18:00:00,11.1,0,1911.6
2024-10-06 19:00:00,12.2,0,1779.5
2024-10-06 20:00:00,10.5,0,1934.7
2024-10-06 21:00:00,10.9,0,1860.9
2024-10-06 22:00:00,12.1,0,1797.4
2024-10-06 23:00:00,9.5,0,1979.9
2024-10-07 00:00:00,10.8,0,1673.7
2024-10-07 01:00:00,9.7,0,1708.3
2024-10-07 02:00:00,11.4,0,1518.6
2024-10-07 03:00:00,9.0,0,1753.1
2024-10-07 04:00:00,9.7,0,1649.5
2024-10-07 05:00:00,10.1,0,1764.4
2024-10-07 06:00:00,14.3,0,1407.7
2024-10-07 07:00:00,14.4,0,1580.6
2024-10-07 08:00:00,18.0,0,1474.8
2024-10-07 09:00:00,16.6,0,1520.6
2024-10-07 10:00:00,16.6,0,1543.0
2024-10-07 11:00:00,16.4,0,1421.1
2024-10-07 12:00:00,17.6,0,1336.4
2024-10-07 13:00:00,19.7,0,1419.0
2024-10-07 14:00:00,13.3,0,1652.7
2024-10-07 15:00:00,14.3,0,1547.3
2024-10-07 16:00:00,20.2,0,1527.2
2024-10-07 17:00:00,13.6,0,1649.9
2024-10-07 18:00:00,14.5,0,1684.0
2024-10-07 19:00:00,9.4,0,2075.6
2024-10-07 20:00:00,9.2,0,2120.3
2024-10-07 21:00:00,7.3,0,2237.0
2024-10-07 22:00:00,11.5,0,1854.2
2024-10-07 23:00:00,9.9,0,1963.7
2024-10-08 00:00:00,8.1,0,1767.2
2024-10-08 01:00:00,7.6,0,1811.5
2024-10-08 02:00:00,5.8,0,2020.2
2024-10-08 03:00:00,9.3,0,1573.4
2024-10-08 04:00:00,12.8,0,1288.0
2024-10-08 05:00:00,10.7,0,1545.4
2024-10-08 06:00:00,13.8,0,1349.1
2024-10-08 07:00:00,10.6,0,1793.9
2024-10-08 08:00:00,15.5,0,1386.0
2024-10-08 09:00:00,13.1,0,1590.6
2024-10-08 10:00:00,15.8,0,1379.5
2024-10-08 11:00:00,18.2,0,1317.4
2024-10-08 12:00:00,18.8,0,1322.3
2024-10-08 13:00:00,17.8,0,1307.7
2024-10-08 14:00:00,18.4,0,1207.6
2024-10-08 15:00:00,18.3,0,1245.9
2024-10-08 16:00:00,12.0,0,1628.7
2024-10-08 17:00:00,12.8,0,1593.9
2024-10-08 18:00:00,15.0,0,1516.8
2024-10-08 19:00:00,11.9,0,1752.4
2024-10-08 20:00:00,10.9,0,1852.4
2024-10-08 21:00:00,8.9,0,1936.6
2024-10-08 22:00:00,10.3,0,1763.2
2024-10-08 23:00:00,8.8,0,1808.5
2024-10-09 00:00:00,7.3,0,1824.8
2024-10-09 01:00:00,9.2,0,1649.1
2024-10-09 02:00:00,5.6,0,1936.5
2024-10-09 03:00:00,10.5,0,1421.6
2024-10-09 04:00:00,9.4,0,1643.7
2024-10-09 05:00:00,10.6,0,1492.1
2024-10-09 06:00:00,13.1,0,1438.0
2024-10-09 07:00:00,13.6,0,1455.4
2024-10-09 08:00:00,20.1,0,1293.4
2024-10-09 09:00:00,15.9,0,1372.3
2024-10-09 10:00:00,18.2,0,1354.3
2024-10-09 11:00:00,17.2,0,1311.0
2024-10-09 12:00:00,18.1,0,1220.5
2024-10-09 13:00:00,16.2,0,1212.4
2024-10-09 14:00:00,17.3,0,1192.0
2024-10-09 15:00:00,13.9,0,1424.5
2024-10-09 16:00:00,16.3,0,1384.4
2024-10-09 17:00:00,19.4,0,1426.9
2024-10-09 18:00:00,11.8,0,1716.0
2024-10-09 19:00:00,7.1,0,2229.5
2024-10-09 20:00:00,8.5,0,2108.5
2024-10-09 21:00:00,7.4,0,2108.4
2024-10-09 22:00:00,11.4,0,1718.2
2024-10-09 23:00:00,5.4,0,2291.7
2024-10-10 00:00:00,9.9,0,1741.6
2024-10-10 01:00:00,3.8,0,2446.9
2024-10-10 02:00:00,5.9,0,2073.2
2024-10-10 03:00:00,6.0,0,2178.4
2024-10-10 04:00:00,10.1,0,1712.2
2024-10-10 05:00:00,11.2,0,1618.1
2024-10-10 06:00:00,10.9,0,1682.7
2024-10-10 07:00:00,14.3,0,1558.5
2024-10-10 08:00:00,12.6,0,1747.6
2024-10-10 09:00:00,14.3,0,1648.9
2024-10-10 10:00:00,13.1,0,1710.7
2024-10-10 11:00:00,19.0,0,1404.8
2024-10-10 12:00:00,21.3,0,1400.0
2024-10-10 13:00:00,17.4,0,1402.5
2024-10-10 14:00:00,17.5,0,1375.8
2024-10-10 15:00:00,14.7,0,1569.3
2024-10-10 16:00:00,11.2,0,1847.3
2024-10-10 17:00:00,14.8,0,1644.6
2024-10-10 18:00:00,12.6,0,1802.5
2024-10-10 19:00:00,11.8,0,1938.4
2024-10-10 20:00:00,12.0,0,1830.4
2024-10-10 21:00:00,6.1,0,2483.1
2024-10-10 22:00:00,8.4,0,2162.5
2024-10-10 23:00:00,7.7,0,2132.7
2024-10-11 00:00:00,6.5,0,2165.8
2024-10-11 01:00:00,6.2,0,2173.0
2024-10-11 02:00:00,9.9,0,1692.1
2024-10-11 03:00:00,7.8,0,1976.6
2024-10-11 04:00:00,5.2,0,2256.0
2024-10-11 05:00:00,11.9,0,1617.1
2024-10-11 06:00:00,11.1,0,1703.6
2024-10-11 07:00:00,18.0,0,1451.8
2024-10-11 08:00:00,13.8,0,1667.8
2024-10-11 09:00:00,12.8,0,1601.9
2024-10-11 10:00:00,19.4,0,1461.0
2024-10-11 11:00:00,18.4,0,1446.6
2024-10-11 12:00:00,16.7,0,1534.3
2024-10-11 13:00:00,17.0,0,1265.9
2024-10-11 14:00:00,15.9,0,1516.5
2024-10-11 15:00:00,17.4,0,1476.1
2024-10-11 16:00:00,13.0,0,1720.2
2024-10-11 17:00:00,12.5,0,1753.2
2024-10-11 18:00:00,12.8,0,1788.0
2024-10-11 19:00:00,13.0,0,1780.2
2024-10-11 20:00:00,8.7,0,2133.1
2024-10-11 21:00:00,4.8,0,2686.2
2024-10-11 22:00:00,10.1,0,1952.6
2024-10-11 23:00:00,7.7,0,2156.7
2024-10-12 00:00:00,5.4,0,2334.3
2024-10-12 01:00:00,8.3,0,1887.7
2024-10-12 02:00:00,5.9,0,2173.0
2024-10-12 03:00:00,7.9,0,1860.2
2024-10-12 04:00:00,11.1,0,1638.8
2024-10-12 05:00:00,8.2,0,1955.0
2024-10-12 06:00:00,14.2,0,1510.5
2024-10-12 07:00:00,13.2,0,1676.6
2024-10-12 08:00:00,15.2,0,1581.2
2024-10-12 09:00:00,15.2,0,1627.6
2024-10-12 10:00:00,14.5,0,1661.2
2024-10-12 11:00:00,19.4,0,1410.2
2024-10-12 12:00:00,13.3,0,1673.3
2024-10-12 13:00:00,17.8,0,1339.8
2024-10-12 14:00:00,14.0,0,1552.5
2024-10-12 15:00:00,12.7,0,1688.5
2024-10-12 16:00:00,14.6,0,1560.8
2024-10-12 17:00:00,16.4,0,1638.4
2024-10-12 18:00:00,14.0,0,1718.3
2024-10-12 19:00:00,9.8,0,1897.6
2024-10-12 20:00:00,8.5,0,2181.2
2024-10-12 21:00:00,6.7,0,2348.6
2024-10-12 22:00:00,9.1,0,2028.6
2024-10-12 23:00:00,9.0,0,2012.4
2024-10-13 00:00:00,8.1,0,1876.5
2024-10-13 01:00:00,6.6,0,2108.0
2024-10-13 02:00:00,9.3,0,1731.4
2024-10-13 03:00:00,9.6,0,1643.1
2024-10-13 04:00:00,13.5,0,1424.7
2024-10-13 05:00:00,11.8,0,1541.3
2024-10-13 06:00:00,10.7,0,1726.7
2024-10-13 07:00:00,13.1,0,1725.8
2024-10-13 08:00:00,15.4,0,1634.7
2024-10-13 09:00:00,15.8,0,1510.4
2024-10-13 10:00:00,11.6,0,1766.2
2024-10-13 11:00:00,15.0,0,1609.8
2024-10-13 12:00:00,20.9,0,1395.2
2024-10-13 13:00:00,17.1,0,1511.8
2024-10-13 14:00:00,17.4,0,1405.3
2024-10-13 15:00:00,19.6,0,1294.6
2024-10-13 16:00:00,8.6,0,2039.5
2024-10-13 17:00:00,11.7,0,1792.4
2024-10-13 18:00:00,9.8,0,2064.4
2024-10-13 19:00:00,6.1,0,2546.5
2024-10-13 20:00:00,11.0,0,1854.5
2024-10-13 21:00:00,9.1,0,2066.5
2024-10-13 22:00:00,7.5,0,2199.6
2024-10-13 23:00:00,2.0,0,2977.7
2024-10-14 00:00:00,6.5,0,2139.0
2024-10-14 01:00:00,4.2,0,2450.1
2024-10-14 02:00:00,4.2,0,2375.7
2024-10-14 03:00:00,8.6,0,1794.6
2024-10-14 04:00:00,7.2,0,2036.2
2024-10-14 05:00:00,6.7,0,2159.2
2024-10-14 06:00:00,14.5,0,1535.6
2024-10-14 07:00:00,16.0,0,1452.7
2024-10-14 08:00:00,11.4,0,1937.5
2024-10-14 09:00:00,17.9,0,1627.5
2024-10-14 10:00:00,16.1,0,1550.9
2024-10-14 11:00:00,17.6,0,1454.3
2024-10-14 12:00:00,16.0,0,1392.1
2024-10-14 13:00:00,16.6,0,1381.4
2024-10-14 14:00:00,15.1,0,1477.5
2024-10-14 15:00:00,16.8,0,1437.7
2024-10-14 16:00:00,11.5,0,1780.8
2024-10-14 17:00:00,9.4,0,2071.4
2024-10-14 18:00:00,9.2,0,2089.7
2024-10-14 19:00:00,9.1,0,2149.0
2024-10-14 20:00:00,14.2,0,1682.6
2024-10-14 21:00:00,9.2,0,2048.4
2024-10-14 22:00:00,6.9,0,2299.4
2024-10-14 23:00:00,3.8,0,2696.1
2024-10-15 00:00:00,5.0,0,2223.8
2024-10-15 01:00:00,6.6,0,1938.3
2024-10-15 02:00:00,8.6,0,1661.4
2024-10-15 03:00:00,6.3,0,2003.0
2024-10-15 04:00:00,5.6,0,2049.9
2024-10-15 05:00:00,12.1,0,1401.5
2024-10-15 06:00:00,9.8,0,1645.3
2024-10-15 07:00:00,11.3,0,1533.7
2024-10-15 08:00:00,15.4,0,1464.7
2024-10-15 09:00:00,19.3,0,1245.7
2024-10-15 10:00:00,17.2,0,1337.0
2024-10-15 11:00:00,17.0,0,1311.7
2024-10-15 12:00:00,15.8,0,1444.7
2024-10-15 13:00:00,15.8,0,1304.5
2024-10-15 14:00:00,14.9,0,1333.8
2024-10-15 15:00:00,16.7,0,1358.6
2024-10-15 16:00:00,18.0,0,1269.5
2024-10-15 17:00:00,10.5,0,1822.8
2024-10-15 18:00:00,12.7,0,1700.1
2024-10-15 19:00:00,9.9,0,1819.0
2024-10-15 20:00:00,6.7,0,2281.8
2024-10-15 21:00:00,11.4,0,1685.5
2024-10-15 22:00:00,8.2,0,1969.7
2024-10-15 23:00:00,6.8,0,2067.8
2024-10-16 00:00:00,7.2,0,1939.0
2024-10-16 01:00:00,7.1,0,1937.7
2024-10-16 02:00:00,4.1,0,2270.6
2024-10-16 03:00:00,7.5,0,1768.0
2024-10-16 04:00:00,8.9,0,1630.2
2024-10-16 05:00:00,10.1,0,1598.5
2024-10-16 06:00:00,8.4,0,1769.5
2024-10-16 07:00:00,13.0,0,1489.5
2024-10-16 08:00:00,13.2,0,1403.4
2024-10-16 09:00:00,15.8,0,1468.4
2024-10-16 10:00:00,14.3,0,1479.6
2024-10-16 11:00:00,16.3,0,1285.3
2024-10-16 12:00:00,14.0,0,1398.1
2024-10-16 13:00:00,14.0,0,1363.5
2024-10-16 14:00:00,14.9,0,1364.9
2024-10-16 15:00:00,12.4,0,1574.7
2024-10-16 16:00:00,14.4,0,1489.4
2024-10-16 17:00:00,11.8,0,1774.2
2024-10-16 18:00:00,8.6,0,1921.4
2024-10-16 19:00:00,11.3,0,1757.1
2024-10-16 20:00:00,5.0,0,2414.2
2024-10-16 21:00:00,8.5,0,1984.2
2024-10-16 22:00:00,4.9,0,2326.4
2024-10-16 23:00:00,8.8,0,1883.5
2024-10-17 00:00:00,6.3,0,2093.9
2024-10-17 01:00:00,5.5,0,2225.4
2024-10-17 02:00:00,5.8,0,2142.6
2024-10-17 03:00:00,8.7,0,1739.6
2024-10-17 04:00:00,8.4,0,1841.7
2024-10-17 05:00:00,12.5,0,1489.0
2024-10-17 06:00:00,6.6,0,2133.7
2024-10-17 07:00:00,11.9,0,1636.4
2024-10-17 08:00:00,13.5,0,1644.7
2024-10-17 09:00:00,11.3,0,1855.9
2024-10-17 10:00:00,12.8,0,1700.0
2024-10-17 11:00:00,16.3,0,1472.3
2024-10-17 12:00:00,16.5,0,1418.3
2024-10-17 13:00:00,13.9,0,1554.6
2024-10-17 14:00:00,11.9,0,1665.8
2024-10-17 15:00:00,12.9,0,1756.2
2024-10-17 16:00:00,15.7,0,1518.2
2024-10-17 17:00:00,10.1,0,1941.5
2024-10-17 18:00:00,9.4,0,2067.7
2024-10-17 19:00:00,7.2,0,2382.7
2024-10-17 20:00:00,4.6,0,2732.4
2024-10-17 21:00:00,8.6,0,2214.7
2024-10-17 22:00:00,7.9,0,2132.2
2024-10-17 23:00:00,1.9,0,3085.6
2024-10-18 00:00:00,4.5,0,2413.6
2024-10-18 01:00:00,8.3,0,1857.9
2024-10-18 02:00:00,4.8,0,2272.8
2024-10-18 03:00:00,7.4,0,1927.5
2024-10-18 04:00:00,8.2,0,1862.5
2024-10-18 05:00:00,9.9,0,1733.1
2024-10-18 06:00:00,13.4,0,1379.8
2024-10-18 07:00:00,11.4,0,1749.0
2024-10-18 08:00:00,14.6,0,1681.7
2024-10-18 09:00:00,15.3,0,1635.9
2024-10-18 10:00:00,11.4,0,1737.6
2024-10-18 11:00:00,12.0,0,1684.8
2024-10-18 12:00:00,17.0,0,1403.3
2024-10-18 13:00:00,14.0,0,1490.5
2024-10-18 14:00:00,16.4,0,1443.8
2024-10-18 15:00:00,15.5,0,1533.1
2024-10-18 16:00:00,10.0,0,1940.5
2024-10-18 17:00:00,13.8,0,1604.5
2024-10-18 18:00:00,7.9,0,2301.0
2024-10-18 19:00:00,8.1,0,2166.7
2024-10-18 20:00:00,10.4,0,1869.5
2024-10-18 21:00:00,5.9,0,2450.7
2024-10-18 22:00:00,9.1,0,1971.4
2024-10-18 23:00:00,3.9,0,2676.4
2024-10-19 00:00:00,6.1,0,2186.5
2024-10-19 01:00:00,1.3,0,2998.7
2024-10-19 02:00:00,7.2,0,1952.8
2024-10-19 03:00:00,3.2,0,2489.8
2024-10-19 04:00:00,10.3,0,1623.1
2024-10-19 05:00:00,8.8,0,1898.5
2024-10-19 06:00:00,7.4,0,2048.7
2024-10-19 07:00:00,13.3,0,1604.6
2024-10-19 08:00:00,10.9,0,1887.5
2024-10-19 09:00:00,11.6,0,1856.4
2024-10-19 10:00:00,11.4,0,1883.3
2024-10-19 11:00:00,14.3,0,1675.5
2024-10-19 12:00:00,13.0,0,1586.1
2024-10-19 13:00:00,15.6,0,1491.8
2024-10-19 14:00:00,12.5,0,1638.8
2024-10-19 15:00:00,14.8,0,1458.2
2024-10-19 16:00:00,11.1,0,1821.3
2024-10-19 17:00:00,8.9,0,2056.9
2024-10-19 18:00:00,12.6,0,1864.6
2024-10-19 19:00:00,10.5,0,1954.9
2024-10-19 20:00:00,6.6,0,2368.2
2024-10-19 21:00:00,5.0,0,2572.8
2024-10-19 22:00:00,6.1,0,2425.8
2024-10-19 23:00:00,3.6,0,2732.1
2024-10-20 00:00:00,5.3,0,2317.8
2024-10-20 01:00:00,5.4,0,2163.8
2024-10-20 02:00:00,7.5,0,1883.5
2024-10-20 03:00:00,6.5,0,2024.4
2024-10-20 04:00:00,2.6,0,2689.9
2024-10-20 05:00:00,8.9,0,1789.0
2024-10-20 06:00:00,8.2,0,2003.9
2024-10-20 07:00:00,10.4,0,1855.2
2024-10-20 08:00:00,12.5,0,1815.0
2024-10-20 09:00:00,12.3,0,1801.1
2024-10-20 10:00:00,13.2,0,1702.9
2024-10-20 11:00:00,11.8,0,1704.9
2024-10-20 12:00:00,16.5,0,1381.8
2024-10-20 13:00:00,11.1,0,1671.3
2024-10-20 14:00:00,15.9,0,1501.8
2024-10-20 15:00:00,13.1,0,1614.1
2024-10-20 16:00:00,11.2,0,1839.6
2024-10-20 17:00:00,13.0,0,1779.1
2024-10-20 18:00:00,9.4,0,2100.9
2024-10-20 19:00:00,10.1,0,1958.1
2024-10-20 20:00:00,8.8,0,2210.0
2024-10-20 21:00:00,4.3,0,2770.7
2024-10-20 22:00:00,5.9,0,2402.3
2024-10-20 23:00:00,6.2,0,2316.9
2024-10-21 00:00:00,7.1,0,2079.3
2024-10-21 01:00:00,8.3,0,1771.8
2024-10-21 02:00:00,3.5,0,2543.6
2024-10-21 03:00:00,4.0,0,2377.5
2024-10-21 04:00:00,8.3,0,1885.4
2024-10-21 05:00:00,6.6,0,2200.3
2024-10-21 06:00:00,5.0,0,2433.9
2024-10-21 07:00:00,10.7,0,1804.0
2024-10-21 08:00:00,11.9,0,1756.1
2024-10-21 09:00:00,14.4,0,1637.4
2024-10-21 10:00:00,16.3,0,1444.9
2024-10-21 11:00:00,16.6,0,1571.1
2024-10-21 12:00:00,15.8,0,1400.9
2024-10-21 13:00:00,12.8,0,1585.1
2024-10-21 14:00:00,14.4,0,1541.2
2024-10-21 15:00:00,13.3,0,1623.2
2024-10-21 16:00:00,14.2,0,1693.4
2024-10-21 17:00:00,10.6,0,1855.9
2024-10-21 18:00:00,9.8,0,2043.3
2024-10-21 19:00:00,10.5,0,1943.0
2024-10-21 20:00:00,4.6,0,2684.2
2024-10-21 21:00:00,7.8,0,2226.4
2024-10-21 22:00:00,4.3,0,2592.9
2024-10-21 23:00:00,1.7,0,2974.3
2024-10-22 00:00:00,5.5,0,2119.2
2024-10-22 01:00:00,5.1,0,2102.2
2024-10-22 02:00:00,4.0,0,2219.6
2024-10-22 03:00:00,4.6,0,2173.8
2024-10-22 04:00:00,7.0,0,1851.3
2024-10-22 05:00:00,11.1,0,1474.4
2024-10-22 06:00:00,11.0,0,1561.2
2024-10-22 07:00:00,13.5,0,1365.5
2024-10-22 08:00:00,8.2,0,2022.1
2024-10-22 09:00:00,13.8,0,1468.1
2024-10-22 10:00:00,11.8,0,1706.5
2024-10-22 11:00:00,15.3,0,1393.0
2024-10-22 12:00:00,17.2,0,1224.4
2024-10-22 13:00:00,14.0,0,1392.7
2024-10-22 14:00:00,15.7,0,1216.2
2024-10-22 15:00:00,13.2,0,1438.3
2024-10-22 16:00:00,12.0,0,1560.4
2024-10-22 17:00:00,5.6,0,2334.9
2024-10-22 18:00:00,11.9,0,1719.0
2024-10-22 19:00:00,8.9,0,1923.2
2024-10-22 20:00:00,7.9,0,2095.4
2024-10-22 21:00:00,5.4,0,2329.8
2024-10-22 22:00:00,3.6,0,2635.9
2024-10-22 23:00:00,2.8,0,2724.4
2024-10-23 00:00:00,3.9,0,2457.7
2024-10-23 01:00:00,2.3,0,2667.3
2024-10-23 02:00:00,6.5,0,1918.3
2024-10-23 03:00:00,8.0,0,1766.7
2024-10-23 04:00:00,7.1,0,1837.0
2024-10-23 05:00:00,9.4,0,1672.0
2024-10-23 06:00:00,8.7,0,1709.1
2024-10-23 07:00:00,13.0,0,1427.6
2024-10-23 08:00:00,11.1,0,1640.6
2024-10-23 09:00:00,14.1,0,1516.9
2024-10-23 10:00:00,11.7,0,1647.9
2024-10-23 11:00:00,13.7,0,1504.3
2024-10-23 12:00:00,13.9,0,1382.2
2024-10-23 13:00:00,16.3,0,1238.5
2024-10-23 14:00:00,15.6,0,1260.8
2024-10-23 15:00:00,14.4,0,1421.0
2024-10-23 16:00:00,10.5,0,1753.1
2024-10-23 17:00:00,11.1,0,1703.6
2024-10-23 18:00:00,10.2,0,1769.3
2024-10-23 19:00:00,6.0,0,2305.5
2024-10-23 20:00:00,6.5,0,2264.8
2024-10-23 21:00:00,0.9,0,3236.5
2024-10-23 22:00:00,3.0,0,2783.1
2024-10-23 23:00:00,1.7,0,2930.0
2024-10-24 00:00:00,0.7,0,3157.0
2024-10-24 01:00:00,3.1,0,2589.9
2024-10-24 02:00:00,8.4,0,1800.9
2024-10-24 03:00:00,6.3,0,2147.0
2024-10-24 04:00:00,9.2,0,1645.8
2024-10-24 05:00:00,4.9,0,2375.0
2024-10-24 06:00:00,13.3,0,1533.9
2024-10-24 07:00:00,9.1,0,1973.3
2024-10-24 08:00:00,7.7,0,2300.9
2024-10-24 09:00:00,10.8,0,1798.1
2024-10-24 10:00:00,13.9,0,1633.8
2024-10-24 11:00:00,15.2,0,1604.1
2024-10-24 12:00:00,15.8,0,1484.1
2024-10-24 13:00:00,13.3,0,1656.1
2024-10-24 14:00:00,13.4,0,1539.0
2024-10-24 15:00:00,11.5,0,1671.2
2024-10-24 16:00:00,13.5,0,1643.2
2024-10-24 17:00:00,7.3,0,2260.1
2024-10-24 18:00:00,12.8,0,1773.5
2024-10-24 19:00:00,7.9,0,2152.7
2024-10-24 20:00:00,5.0,0,2635.9
2024-10-24 21:00:00,3.6,0,2804.3
2024-10-24 22:00:00,3.4,0,2840.7
2024-10-24 23:00:00,2.7,0,2862.4
2024-10-25 00:00:00,4.1,0,2517.1
2024-10-25 01:00:00,7.6,0,2036.1
2024-10-25 02:00:00,3.5,0,2414.4
2024-10-25 03:00:00,5.1,0,2275.5
2024-10-25 04:00:00,7.3,0,1987.1
2024-10-25 05:00:00,6.5,0,2098.5
2024-10-25 06:00:00,5.7,0,2318.3
2024-10-25 07:00:00,10.3,0,1857.5
2024-10-25 08:00:00,11.3,0,1792.8
2024-10-25 09:00:00,11.5,0,1844.2
2024-10-25 10:00:00,14.4,0,1647.1
2024-10-25 11:00:00,12.0,0,1693.4
2024-10-25 12:00:00,12.8,0,1575.4
2024-10-25 13:00:00,13.9,0,1418.4
2024-10-25 14:00:00,13.2,0,1559.5
2024-10-25 15:00:00,11.2,0,1714.8
2024-10-25 16:00:00,9.4,0,2042.0
2024-10-25 17:00:00,8.7,0,2090.0
2024-10-25 18:00:00,9.1,0,2146.4
2024-10-25 19:00:00,1.8,0,3160.2
2024-10-25 20:00:00,8.4,0,2230.8
2024-10-25 21:00:00,3.5,0,2757.7
2024-10-25 22:00:00,5.9,0,2368.4
2024-10-25 23:00:00,0.8,0,3203.7
2024-10-26 00:00:00,2.7,0,2734.9
2024-10-26 01:00:00,2.8,0,2602.4
2024-10-26 02:00:00,3.9,0,2501.0
2024-10-26 03:00:00,8.6,0,1810.9
2024-10-26 04:00:00,7.1,0,1991.7
2024-10-26 05:00:00,11.0,0,1715.8
2024-10-26 06:00:00,5.6,0,2316.0
2024-10-26 07:00:00,10.6,0,1837.9
2024-10-26 08:00:00,11.4,0,1817.5
2024-10-26 09:00:00,11.8,0,1810.0
2024-10-26 10:00:00,11.5,0,1771.6
2024-10-26 11:00:00,14.1,0,1574.5
2024-10-26 12:00:00,12.5,0,1639.2
2024-10-26 13:00:00,17.5,0,1369.5
2024-10-26 14:00:00,14.5,0,1566.9
2024-10-26 15:00:00,7.6,0,2115.0
2024-10-26 16:00:00,12.3,0,1725.6
2024-10-26 17:00:00,9.5,0,2024.7
2024-10-26 18:00:00,12.9,0,1739.8
2024-10-26 19:00:00,8.4,0,2162.6
2024-10-26 20:00:00,4.5,0,2754.6
2024-10-26 21:00:00,4.4,0,2804.6
2024-10-26 22:00:00,4.0,0,2729.5
2024-10-26 23:00:00,4.3,0,2585.9
2024-10-27 00:00:00,5.5,0,2291.1
2024-10-27 01:00:00,1.1,0,2891.4
2024-10-27 02:00:00,3.7,0,2537.5
2024-10-27 03:00:00,3.7,0,2424.8
2024-10-27 04:00:00,2.0,0,2728.9
2024-10-27 05:00:00,7.4,0,1978.6
2024-10-27 06:00:00,7.6,0,2015.7
2024-10-27 07:00:00,11.5,0,1735.8
2024-10-27 08:00:00,11.4,0,1815.8
2024-10-27 09:00:00,8.8,0,2092.0
2024-10-27 10:00:00,12.5,0,1749.0
2024-10-27 11:00:00,14.6,0,1599.4
2024-10-27 12:00:00,13.8,0,1506.4
2024-10-27 13:00:00,12.1,0,1603.9
2024-10-27 14:00:00,14.6,0,1588.0
2024-10-27 15:00:00,16.1,0,1411.2
2024-10-27 16:00:00,8.5,0,2075.1
2024-10-27 17:00:00,9.4,0,1963.1
2024-10-27 18:00:00,10.4,0,1962.1
2024-10-27 19:00:00,4.2,0,2762.7
2024-10-27 20:00:00,6.1,0,2474.6
2024-10-27 21:00:00,5.8,0,2511.6
2024-10-27 22:00:00,4.2,0,2662.9
2024-10-27 23:00:00,4.1,0,2610.3
2024-10-28 00:00:00,6.2,0,2220.4
2024-10-28 01:00:00,4.0,0,2475.7
2024-10-28 02:00:00,6.5,0,1967.8
2024-10-28 03:00:00,5.7,0,2254.7
2024-10-28 04:00:00,6.8,0,2027.2
2024-10-28 05:00:00,10.9,0,1565.8
2024-10-28 06:00:00,8.7,0,1933.6
2024-10-28 07:00:00,10.6,0,1787.8
2024-10-28 08:00:00,12.4,0,1703.4
2024-10-28 09:00:00,10.9,0,1890.8
2024-10-28 10:00:00,9.3,0,2092.5
2024-10-28 11:00:00,13.7,0,1662.1
2024-10-28 12:00:00,14.1,0,1582.8
2024-10-28 13:00:00,14.7,0,1446.0
2024-10-28 14:00:00,12.2,0,1605.5
2024-10-28 15:00:00,10.7,0,1803.1
2024-10-28 16:00:00,9.8,0,1977.7
2024-10-28 17:00:00,6.5,0,2428.8
2024-10-28 18:00:00,6.7,0,2417.1
2024-10-28 19:00:00,6.2,0,2466.7
2024-10-28 20:00:00,2.9,0,2966.7
2024-10-28 21:00:00,5.0,0,2619.9
2024-10-28 22:00:00,2.0,0,3034.6
2024-10-28 23:00:00,3.1,0,2742.8
2024-10-29 00:00:00,2.2,0,2619.0
2024-10-29 01:00:00,3.5,0,2296.9
2024-10-29 02:00:00,4.6,0,2228.2
2024-10-29 03:00:00,1.5,0,2657.6
2024-10-29 04:00:00,4.1,0,2213.5
2024-10-29 05:00:00,8.8,0,1701.0
2024-10-29 06:00:00,7.5,0,1936.7
2024-10-29 07:00:00,8.1,0,1910.7
2024-10-29 08:00:00,7.4,0,2158.3
2024-10-29 09:00:00,9.3,0,1868.4
2024-10-29 10:00:00,13.9,0,1513.7
2024-10-29 11:00:00,10.3,0,1796.2
2024-10-29 12:00:00,11.4,0,1720.7
2024-10-29 13:00:00,13.8,0,1328.3
2024-10-29 14:00:00,13.5,0,1461.9
2024-10-29 15:00:00,10.1,0,1630.6
2024-10-29 16:00:00,10.6,0,1679.3
2024-10-29 17:00:00,11.9,0,1661.0
2024-10-29 18:00:00,12.1,0,1667.2
2024-10-29 19:00:00,8.9,0,1943.1
2024-10-29 20:00:00,7.2,0,2230.5
2024-10-29 21:00:00,6.5,0,2182.0
2024-10-29 22:00:00,4.8,0,2427.1
2024-10-29 23:00:00,1.4,0,2951.9
2024-10-30 00:00:00,-1.8,0,3393.2
2024-10-30 01:00:00,3.8,0,2300.8
2024-10-30 02:00:00,0.5,0,2867.0
2024-10-30 03:00:00,3.9,0,2278.5
2024-10-30 04:00:00,6.5,0,1883.7
2024-10-30 05:00:00,7.0,0,1793.2
2024-10-30 06:00:00,9.6,0,1657.0
2024-10-30 07:00:00,12.2,0,1478.6
2024-10-30 08:00:00,8.0,0,2026.0
2024-10-30 09:00:00,9.9,0,1777.7
2024-10-30 10:00:00,13.6,0,1466.4
2024-10-30 11:00:00,16.9,0,1274.4
2024-10-30 12:00:00,10.4,0,1749.3
2024-10-30 13:00:00,14.6,0,1359.4
2024-10-30 14:00:00,12.2,0,1462.4
2024-10-30 15:00:00,9.5,0,1810.0
2024-10-30 16:00:00,13.6,0,1521.6
2024-10-30 17:00:00,8.4,0,2048.8
2024-10-30 18:00:00,6.5,0,2308.7
2024-10-30 19:00:00,4.8,0,2461.0
2024-10-30 20:00:00,3.8,0,2703.7
2024-10-30 21:00:00,3.6,0,2667.1
2024-10-30 22:00:00,1.7,0,3031.3
2024-10-30 23:00:00,-0.8,0,3394.9
2024-10-31 00:00:00,2.4,0,2754.7
2024-10-31 01:00:00,3.8,0,2402.8
2024-10-31 02:00:00,1.3,0,2901.3
2024-10-31 03:00:00,1.8,0,2739.7
2024-10-31 04:00:00,0.3,0,3170.2
2024-10-31 05:00:00,7.4,0,2000.1
2024-10-31 06:00:00,4.8,0,2361.6
2024-10-31 07:00:00,10.2,0,1847.7
2024-10-31 08:00:00,11.5,0,1754.1
2024-10-31 09:00:00,11.5,0,1829.0
2024-10-31 10:00:00,13.0,0,1774.3
2024-10-31 11:00:00,9.4,0,1996.9
2024-10-31 12:00:00,10.7,0,1741.0
2024-10-31 13:00:00,10.7,0,1671.5
2024-10-31 14:00:00,10.8,0,1685.5
2024-10-31 15:00:00,10.3,0,1904.6
2024-10-31 16:00:00,8.5,0,2226.8
2024-10-31 17:00:00,7.5,0,2213.7
2024-10-31 18:00:00,8.2,0,2158.2
2024-10-31 19:00:00,4.9,0,2597.3
2024-10-31 20:00:00,4.4,0,2684.8
2024-10-31 21:00:00,7.5,0,2297.0
2024-10-31 22:00:00,4.2,0,2627.0
2024-10-31 23:00:00,2.8,0,2872.5
2024-11-01 00:00:00,5.6,0,2252.4
2024-11-01 01:00:00,1.9,0,2813.6
2024-11-01 02:00:00,4.1,0,2327.9
2024-11-01 03:00:00,-0.2,0,3181.8
2024-11-01 04:00:00,4.4,0,2461.2
2024-11-01 05:00:00,6.6,0,2059.8
2024-11-01 06:00:00,8.2,0,2046.7
2024-11-01 07:00:00,8.3,0,2080.0
2024-11-01 08:00:00,8.2,0,2058.8
2024-11-01 09:00:00,10.0,0,1983.4
2024-11-01 10:00:00,9.2,0,2083.0
2024-11-01 11:00:00,12.3,0,1782.8
2024-11-01 12:00:00,9.3,0,1844.0
2024-11-01 13:00:00,13.0,0,1438.7
2024-11-01 14:00:00,13.4,0,1564.2
2024-11-01 15:00:00,11.1,0,1799.8
2024-11-01 16:00:00,11.1,0,1850.6
2024-11-01 17:00:00,7.7,0,2183.5
2024-11-01 18:00:00,8.1,0,2115.3
2024-11-01 19:00:00,9.1,0,2164.8
2024-11-01 20:00:00,3.8,0,2825.9
2024-11-01 21:00:00,6.3,0,2465.3
2024-11-01 22:00:00,5.0,0,2445.1
2024-11-01 23:00:00,1.6,0,3033.2
2024-11-02 00:00:00,4.4,0,2483.9
2024-11-02 01:00:00,3.2,0,2680.8
2024-11-02 02:00:00,2.6,0,2655.3
2024-11-02 03:00:00,1.8,0,2839.3
2024-11-02 04:00:00,9.7,0,1643.3
2024-11-02 05:00:00,5.9,0,2189.9
2024-11-02 06:00:00,6.7,0,2212.2
2024-11-02 07:00:00,11.2,0,1710.9
2024-11-02 08:00:00,10.1,0,1904.7
2024-11-02 09:00:00,11.9,0,1821.3
2024-11-02 10:00:00,14.3,0,1525.4
2024-11-02 11:00:00,10.5,0,1837.0
2024-11-02 12:00:00,14.1,0,1570.0
2024-11-02 13:00:00,10.4,0,1812.1
2024-11-02 14:00:00,14.6,0,1426.5
2024-11-02 15:00:00,11.6,0,1765.1
2024-11-02 16:00:00,9.1,0,2011.3
2024-11-02 17:00:00,11.1,0,1756.9
2024-11-02 18:00:00,6.9,0,2291.7
2024-11-02 19:00:00,5.8,0,2486.1
2024-11-02 20:00:00,4.5,0,2561.1
2024-11-02 21:00:00,2.1,0,3082.1
2024-11-02 22:00:00,1.2,0,3214.5
2024-11-02 23:00:00,-0.7,0,3415.5
2024-11-03 00:00:00,2.4,0,2720.3
2024-11-03 01:00:00,2.5,0,2676.1
2024-11-03 02:00:00,3.8,0,2372.5
2024-11-03 03:00:00,2.2,0,2731.4
2024-11-03 04:00:00,4.8,0,2320.0
2024-11-03 05:00:00,4.3,0,2398.9
2024-11-03 06:00:00,10.4,0,1673.6
2024-11-03 07:00:00,8.5,0,2075.6
2024-11-03 08:00:00,8.3,0,2166.5
2024-11-03 09:00:00,9.3,0,2043.7
2024-11-03 10:00:00,8.2,0,2037.3
2024-11-03 11:00:00,8.4,0,2040.6
2024-11-03 12:00:00,11.1,0,1725.1
2024-11-03 13:00:00,13.3,0,1642.1
2024-11-03 14:00:00,11.7,0,1727.3
2024-11-03 15:00:00,7.9,0,2116.6
2024-11-03 16:00:00,11.2,0,1757.1
2024-11-03 17:00:00,8.9,0,2026.4
2024-11-03 18:00:00,6.2,0,2422.2
2024-11-03 19:00:00,5.1,0,2576.9
2024-11-03 20:00:00,3.3,0,2935.6
2024-11-03 21:00:00,3.6,0,2725.2
2024-11-03 22:00:00,2.2,0,2993.9
2024-11-03 23:00:00,2.3,0,2958.9
2024-11-04 00:00:00,1.1,0,2992.3
2024-11-04 01:00:00,1.8,0,2788.2
2024-11-04 02:00:00,-1.1,0,3349.7
2024-11-04 03:00:00,2.4,0,2671.6
2024-11-04 04:00:00,3.2,0,2483.7
2024-11-04 05:00:00,6.0,0,2251.8
2024-11-04 06:00:00,8.9,0,1864.8
2024-11-04 07:00:00,3.4,0,2741.9
2024-11-04 08:00:00,7.5,0,2170.5
2024-11-04 09:00:00,11.5,0,1796.2
2024-11-04 10:00:00,14.2,0,1548.8
2024-11-04 11:00:00,10.0,0,1874.1
2024-11-04 12:00:00,11.8,0,1727.7
2024-11-04 13:00:00,8.8,0,1996.9
2024-11-04 14:00:00,9.1,0,2000.6
2024-11-04 15:00:00,9.6,0,1928.4
2024-11-04 16:00:00,8.2,0,2103.9
2024-11-04 17:00:00,9.5,0,2043.3
2024-11-04 18:00:00,4.0,0,2766.4
2024-11-04 19:00:00,4.7,0,2673.0
2024-11-04 20:00:00,6.4,0,2399.9
2024-11-04 21:00:00,2.4,0,3066.0
2024-11-04 22:00:00,0.6,0,3292.5
2024-11-04 23:00:00,2.5,0,2891.5
2024-11-05 00:00:00,0.9,0,2847.8
2024-11-05 01:00:00,-0.0,0,3053.8
2024-11-05 02:00:00,3.7,0,2271.4
2024-11-05 03:00:00,4.5,0,2154.5
2024-11-05 04:00:00,3.3,0,2458.3
2024-11-05 05:00:00,3.5,0,2311.7
2024-11-05 06:00:00,5.9,0,2013.8
2024-11-05 07:00:00,9.6,0,1698.5
2024-11-05 08:00:00,8.3,0,1952.1
2024-11-05 09:00:00,10.3,0,1769.6
2024-11-05 10:00:00,9.8,0,1803.2
2024-11-05 11:00:00,12.5,0,1440.0
2024-11-05 12:00:00,13.1,0,1385.0
2024-11-05 13:00:00,11.7,0,1461.2
2024-11-05 14:00:00,12.6,0,1388.1
2024-11-05 15:00:00,9.3,0,1845.5
2024-11-05 16:00:00,9.2,0,1811.9
2024-11-05 17:00:00,5.8,0,2336.5
2024-11-05 18:00:00,5.0,0,2518.6
2024-11-05 19:00:00,6.9,0,2238.2
2024-11-05 20:00:00,3.6,0,2725.4
2024-11-05 21:00:00,3.3,0,2817.5
2024-11-05 22:00:00,2.7,0,2866.4
2024-11-05 23:00:00,8.7,0,1883.3
2024-11-06 00:00:00,0.3,0,2951.7
2024-11-06 01:00:00,1.5,0,2678.0
2024-11-06 02:00:00,1.6,0,2707.6
2024-11-06 03:00:00,3.9,0,2234.9
2024-11-06 04:00:00,5.6,0,1934.5
2024-11-06 05:00:00,5.9,0,2068.7
2024-11-06 06:00:00,4.2,0,2344.7
2024-11-06 07:00:00,8.5,0,1836.2
2024-11-06 08:00:00,4.1,0,2487.6
2024-11-06 09:00:00,11.1,0,1622.8
2024-11-06 10:00:00,12.3,0,1451.1
2024-11-06 11:00:00,13.0,0,1543.2
2024-11-06 12:00:00,11.0,0,1673.5
2024-11-06 13:00:00,11.2,0,1550.3
2024-11-06 14:00:00,9.0,0,1794.6
2024-11-06 15:00:00,12.4,0,1463.5
2024-11-06 16:00:00,4.5,0,2419.5
2024-11-06 17:00:00,5.8,0,2342.7
2024-11-06 18:00:00,3.0,0,2698.5
2024-11-06 19:00:00,7.2,0,2159.8
2024-11-06 20:00:00,2.6,0,2897.4
2024-11-06 21:00:00,2.6,0,2815.3
2024-11-06 22:00:00,1.8,0,2907.2
2024-11-06 23:00:00,1.8,0,2869.1
2024-11-07 00:00:00,-0.8,0,3418.2
2024-11-07 01:00:00,-0.9,0,3380.1
2024-11-07 02:00:00,2.1,0,2677.0
2024-11-07 03:00:00,-2.2,0,3497.4
2024-11-07 04:00:00,1.1,0,2945.5
2024-11-07 05:00:00,1.8,0,2803.1
2024-11-07 06:00:00,3.6,0,2615.4
2024-11-07 07:00:00,6.3,0,2275.5
2024-11-07 08:00:00,7.5,0,2070.0
2024-11-07 09:00:00,9.9,0,1991.7
2024-11-07 10:00:00,8.1,0,2143.4
2024-11-07 11:00:00,10.9,0,1812.7
2024-11-07 12:00:00,11.5,0,1620.7
2024-11-07 13:00:00,8.8,0,1960.7
2024-11-07 14:00:00,5.8,0,2367.9
2024-11-07 15:00:00,11.3,0,1754.8
2024-11-07 16:00:00,7.9,0,2105.8
2024-11-07 17:00:00,8.7,0,2035.1
2024-11-07 18:00:00,5.1,0,2546.4
2024-11-07 19:00:00,4.7,0,2621.2
2024-11-07 20:00:00,3.7,0,2719.4
2024-11-07 21:00:00,-0.5,0,3541.7
2024-11-07 22:00:00,1.9,0,3072.5
2024-11-07 23:00:00,3.8,0,2670.8
2024-11-08 00:00:00,-0.9,0,3441.0
2024-11-08 01:00:00,-1.8,0,3497.6
2024-11-08 02:00:00,3.4,0,2492.1
2024-11-08 03:00:00,0.9,0,2819.8
2024-11-08 04:00:00,4.3,0,2415.3
2024-11-08 05:00:00,7.0,0,2070.0
2024-11-08 06:00:00,3.2,0,2737.5
2024-11-08 07:00:00,6.4,0,2351.1
2024-11-08 08:00:00,7.1,0,2250.1
2024-11-08 09:00:00,10.5,0,1940.1
2024-11-08 10:00:00,9.4,0,2042.7
2024-11-08 11:00:00,12.3,0,1648.5
2024-11-08 12:00:00,11.8,0,1606.2
2024-11-08 13:00:00,8.3,0,2045.7
2024-11-08 14:00:00,8.0,0,1990.2
2024-11-08 15:00:00,11.1,0,1739.6
2024-11-08 16:00:00,9.5,0,1978.3
2024-11-08 17:00:00,6.4,0,2429.4
2024-11-08 18:00:00,6.4,0,2336.1
2024-11-08 19:00:00,5.0,0,2648.7
2024-11-08 20:00:00,2.0,0,3100.4
2024-11-08 21:00:00,1.9,0,3057.0
2024-11-08 22:00:00,-2.6,0,3933.2
2024-11-08 23:00:00,3.8,0,2703.2
2024-11-09 00:00:00,-2.5,0,3745.9
2024-11-09 01:00:00,2.4,0,2673.1
2024-11-09 02:00:00,-0.4,0,3136.8
2024-11-09 03:00:00,5.3,0,2188.8
2024-11-09 04:00:00,1.6,0,2872.3
2024-11-09 05:00:00,4.1,0,2543.1
2024-11-09 06:00:00,3.7,0,2460.4
2024-11-09 07:00:00,8.5,0,2013.6
2024-11-09 08:00:00,11.7,0,1791.0
2024-11-09 09:00:00,8.1,0,2178.7
2024-11-09 10:00:00,10.9,0,1823.0
2024-11-09 11:00:00,6.8,0,2210.7
2024-11-09 12:00:00,8.6,0,2017.6
2024-11-09 13:00:00,10.5,0,1671.2
2024-11-09 14:00:00,9.5,0,1849.7
2024-11-09 15:00:00,8.3,0,1946.4
2024-11-09 16:00:00,8.1,0,2077.1
2024-11-09 17:00:00,3.2,0,2849.2
2024-11-09 18:00:00,7.3,0,2304.9
2024-11-09 19:00:00,3.7,0,2747.0
2024-11-09 20:00:00,-0.3,0,3426.1
2024-11-09 21:00:00,5.6,0,2444.6
2024-11-09 22:00:00,1.3,0,3084.1
2024-11-09 23:00:00,3.3,0,2658.9
2024-11-10 00:00:00,1.7,0,2813.1
2024-11-10 01:00:00,0.5,0,3001.3
2024-11-10 02:00:00,3.0,0,2540.4
2024-11-10 03:00:00,3.3,0,2419.1
2024-11-10 04:00:00,2.7,0,2548.8
2024-11-10 05:00:00,7.3,0,1918.4
2024-11-10 06:00:00,4.9,0,2349.4
2024-11-10 07:00:00,4.8,0,2470.3
2024-11-10 08:00:00,11.3,0,1730.1
2024-11-10 09:00:00,8.6,0,2003.2
2024-11-10 10:00:00,9.0,0,1986.0
2024-11-10 11:00:00,8.1,0,2023.4
2024-11-10 12:00:00,12.3,0,1642.4
2024-11-10 13:00:00,10.5,0,1749.5
2024-11-10 14:00:00,10.6,0,1705.9
2024-11-10 15:00:00,10.0,0,1836.4
2024-11-10 16:00:00,6.4,0,2232.4
2024-11-10 17:00:00,6.6,0,2351.0
2024-11-10 18:00:00,6.1,0,2446.9
2024-11-10 19:00:00,3.0,0,2920.7
2024-11-10 20:00:00,0.4,0,3429.3
2024-11-10 21:00:00,2.0,0,3067.8
2024-11-10 22:00:00,-0.8,0,3604.5
2024-11-10 23:00:00,-1.4,0,3665.4
2024-11-11 00:00:00,2.6,0,2771.7
2024-11-11 01:00:00,-0.3,0,3135.1
2024-11-11 02:00:00,-1.2,0,3278.1
2024-11-11 03:00:00,-1.5,0,3414.9
2024-11-11 04:00:00,2.6,0,2593.4
2024-11-11 05:00:00,6.4,0,2004.8
2024-11-11 06:00:00,3.2,0,2628.1
2024-11-11 07:00:00,4.1,0,2616.6
2024-11-11 08:00:00,4.6,0,2685.3
2024-11-11 09:00:00,7.7,0,2140.2
2024-11-11 10:00:00,6.0,0,2358.0
2024-11-11 11:00:00,8.8,0,2036.0
2024-11-11 12:00:00,10.7,0,1715.5
2024-11-11 13:00:00,12.1,0,1659.2
2024-11-11 14:00:00,9.0,0,1885.0
2024-11-11 15:00:00,11.4,0,1773.2
2024-11-11 16:00:00,8.7,0,1947.4
2024-11-11 17:00:00,3.2,0,2850.4
2024-11-11 18:00:00,4.4,0,2643.4
2024-11-11 19:00:00,4.6,0,2622.0
2024-11-11 20:00:00,-0.5,0,3599.6
2024-11-11 21:00:00,3.7,0,2672.9
2024-11-11 22:00:00,1.2,0,3125.6
2024-11-11 23:00:00,-0.2,0,3334.7
2024-11-12 00:00:00,-1.7,0,3362.9
2024-11-12 01:00:00,-0.4,0,3004.1
2024-11-12 02:00:00,0.3,0,2855.0
2024-11-12 03:00:00,1.3,0,2691.9
2024-11-12 04:00:00,5.2,0,2047.4
2024-11-12 05:00:00,2.3,0,2556.2
2024-11-12 06:00:00,3.2,0,2544.0
2024-11-12 07:00:00,3.9,0,2402.8
2024-11-12 08:00:00,7.5,0,1924.9
2024-11-12 09:00:00,9.0,0,1874.7
2024-11-12 10:00:00,6.5,0,2210.7
2024-11-12 11:00:00,8.8,0,1842.9
2024-11-12 12:00:00,10.9,0,1560.3
2024-11-12 13:00:00,13.0,0,1352.0
2024-11-12 14:00:00,6.2,0,2140.9
2024-11-12 15:00:00,6.1,0,2136.7
2024-11-12 16:00:00,8.7,0,1835.9
2024-11-12 17:00:00,8.4,0,1982.9
2024-11-12 18:00:00,6.0,0,2249.5
2024-11-12 19:00:00,7.1,0,2207.5
2024-11-12 20:00:00,2.7,0,2776.8
2024-11-12 21:00:00,1.3,0,3058.9
2024-11-12 22:00:00,-0.7,0,3320.3
2024-11-12 23:00:00,1.3,0,2984.5
2024-11-13 00:00:00,-1.4,0,3275.3
2024-11-13 01:00:00,-0.1,0,2952.5
2024-11-13 02:00:00,2.3,0,2449.2
2024-11-13 03:00:00,3.1,0,2339.4
2024-11-13 04:00:00,2.9,0,2390.1
2024-11-13 05:00:00,3.8,0,2285.3
2024-11-13 06:00:00,6.7,0,2039.5
2024-11-13 07:00:00,4.8,0,2307.1
2024-11-13 08:00:00,6.1,0,2262.4
2024-11-13 09:00:00,7.8,0,1980.7
2024-11-13 10:00:00,6.6,0,2144.2
2024-11-13 11:00:00,11.3,0,1541.6
2024-11-13 12:00:00,6.5,0,2055.4
2024-11-13 13:00:00,9.2,0,1696.4
2024-11-13 14:00:00,9.1,0,1664.5
2024-11-13 15:00:00,8.0,0,1816.6
2024-11-13 16:00:00,9.2,0,1768.9
2024-11-13 17:00:00,6.2,0,2216.2
2024-11-13 18:00:00,3.3,0,2744.7
2024-11-13 19:00:00,5.9,0,2287.5
2024-11-13 20:00:00,1.4,0,3189.7
2024-11-13 21:00:00,2.1,0,2856.2
2024-11-13 22:00:00,0.3,0,3181.8
2024-11-13 23:00:00,1.6,0,2975.6
2024-11-14 00:00:00,-1.0,0,3334.1
2024-11-14 01:00:00,5.6,0,2130.8
2024-11-14 02:00:00,-1.8,0,3482.8
2024-11-14 03:00:00,-0.4,0,3173.8
2024-11-14 04:00:00,1.6,0,2749.6
2024-11-14 05:00:00,3.9,0,2465.5
2024-11-14 06:00:00,4.7,0,2312.9
2024-11-14 07:00:00,5.5,0,2341.8
2024-11-14 08:00:00,5.7,0,2375.0
2024-11-14 09:00:00,6.2,0,2281.7
2024-11-14 10:00:00,8.5,0,2059.6
2024-11-14 11:00:00,8.6,0,2045.7
2024-11-14 12:00:00,8.7,0,2030.6
2024-11-14 13:00:00,6.1,0,2226.3
2024-11-14 14:00:00,11.4,0,1632.8
2024-11-14 15:00:00,7.6,0,2051.0
2024-11-14 16:00:00,5.1,0,2532.3
2024-11-14 17:00:00,5.9,0,2403.3
2024-11-14 18:00:00,5.8,0,2468.6
2024-11-14 19:00:00,1.8,0,3140.5
2024-11-14 20:00:00,-0.6,0,3488.4
2024-11-14 21:00:00,3.2,0,2783.5
2024-11-14 22:00:00,1.1,0,3185.5
2024-11-14 23:00:00,-0.2,0,3312.5
2024-11-15 00:00:00,3.5,0,2459.1
2024-11-15 01:00:00,1.3,0,2876.3
2024-11-15 02:00:00,2.5,0,2575.3
2024-11-15 03:00:00,2.8,0,2576.6
2024-11-15 04:00:00,7.7,0,1810.2
2024-11-15 05:00:00,1.3,0,2927.5
2024-11-15 06:00:00,5.0,0,2323.8
2024-11-15 07:00:00,7.4,0,2102.8
2024-11-15 08:00:00,5.8,0,2386.5
2024-11-15 09:00:00,9.7,0,2069.9
2024-11-15 10:00:00,10.0,0,1871.1
2024-11-15 11:00:00,7.8,0,2073.7
2024-11-15 12:00:00,9.1,0,1901.9
2024-11-15 13:00:00,8.2,0,2009.0
2024-11-15 14:00:00,5.3,0,2428.9
2024-11-15 15:00:00,6.7,0,2219.7
2024-11-15 16:00:00,8.7,0,1945.1
2024-11-15 17:00:00,7.2,0,2247.1
2024-11-15 18:00:00,6.3,0,2359.8
2024-11-15 19:00:00,4.3,0,2690.6
2024-11-15 20:00:00,1.1,0,3252.1
2024-11-15 21:00:00,-3.1,0,4059.2
2024-11-15 22:00:00,0.7,0,3217.0
2024-11-15 23:00:00,2.2,0,2879.1
2024-11-16 00:00:00,-5.4,0,4360.2
2024-11-16 01:00:00,0.0,0,3112.5
2024-11-16 02:00:00,-2.7,0,3667.4
2024-11-16 03:00:00,-1.1,0,3270.7
2024-11-16 04:00:00,-1.3,0,3363.9
2024-11-16 05:00:00,5.4,0,2170.2
2024-11-16 06:00:00,4.7,0,2415.2
2024-11-16 07:00:00,6.7,0,2218.4
2024-11-16 08:00:00,5.8,0,2414.8
2024-11-16 09:00:00,6.8,0,2274.7
2024-11-16 10:00:00,9.0,0,1958.6
2024-11-16 11:00:00,9.5,0,1869.4
2024-11-16 12:00:00,9.8,0,1827.4
2024-11-16 13:00:00,9.5,0,1789.3
2024-11-16 14:00:00,7.7,0,1978.2
2024-11-16 15:00:00,11.0,0,1779.9
2024-11-16 16:00:00,10.9,0,1806.5
2024-11-16 17:00:00,5.6,0,2441.3
2024-11-16 18:00:00,3.0,0,2873.0
2024-11-16 19:00:00,-0.0,0,3429.4
2024-11-16 20:00:00,4.8,0,2638.5
2024-11-16 21:00:00,1.9,0,3033.1
2024-11-16 22:00:00,-1.7,0,3698.2
2024-11-16 23:00:00,-0.3,0,3385.9
2024-11-17 00:00:00,-0.1,0,3176.7
2024-11-17 01:00:00,-2.0,0,3477.7
2024-11-17 02:00:00,-2.8,0,3716.7
2024-11-17 03:00:00,2.7,0,2483.3
2024-11-17 04:00:00,0.9,0,2834.4
2024-11-17 05:00:00,6.6,0,1958.6
2024-11-17 06:00:00,2.1,0,2853.2
2024-11-17 07:00:00,5.8,0,2325.7
2024-11-17 08:00:00,8.4,0,2043.4
2024-11-17 09:00:00,6.9,0,2227.5
2024-11-17 10:00:00,7.9,0,2048.5
2024-11-17 11:00:00,9.8,0,1886.7
2024-11-17 12:00:00,6.3,0,2193.6
2024-11-17 13:00:00,12.6,0,1489.5
2024-11-17 14:00:00,11.3,0,1615.6
2024-11-17 15:00:00,5.9,0,2338.3
2024-11-17 16:00:00,5.4,0,2382.9
2024-11-17 17:00:00,9.6,0,1923.2
2024-11-17 18:00:00,3.2,0,2834.4
2024-11-17 19:00:00,3.5,0,2829.8
2024-11-17 20:00:00,-0.0,0,3542.9
2024-11-17 21:00:00,0.9,0,3323.8
2024-11-17 22:00:00,-0.1,0,3375.5
2024-11-17 23:00:00,-1.5,0,3614.4
2024-11-18 00:00:00,-3.3,0,3786.9
2024-11-18 01:00:00,-0.7,0,3205.0
2024-11-18 02:00:00,4.9,0,2218.5
2024-11-18 03:00:00,0.1,0,3053.3
2024-11-18 04:00:00,2.5,0,2643.1
2024-11-18 05:00:00,-0.6,0,3128.3
2024-11-18 06:00:00,8.8,0,1773.5
2024-11-18 07:00:00,4.7,0,2527.9
2024-11-18 08:00:00,7.2,0,2195.8
2024-11-18 09:00:00,7.6,0,2138.5
2024-11-18 10:00:00,9.7,0,1857.2
2024-11-18 11:00:00,7.8,0,2125.6
2024-11-18 12:00:00,6.9,0,2133.1
2024-11-18 13:00:00,7.2,0,1995.1
2024-11-18 14:00:00,11.3,0,1647.2
2024-11-18 15:00:00,8.3,0,1901.6
2024-11-18 16:00:00,4.6,0,2506.0
2024-11-18 17:00:00,4.3,0,2655.4
2024-11-18 18:00:00,1.4,0,3147.4
2024-11-18 19:00:00,1.5,0,3128.3
2024-11-18 20:00:00,2.0,0,3087.8
2024-11-18 21:00:00,-2.1,0,3767.7
2024-11-18 22:00:00,0.4,0,3280.6
2024-11-18 23:00:00,0.3,0,3233.7
2024-11-19 00:00:00,0.1,0,3085.4
2024-11-19 01:00:00,-1.8,0,3303.9
2024-11-19 02:00:00,-2.6,0,3513.1
2024-11-19 03:00:00,-2.7,0,3467.6
2024-11-19 04:00:00,0.1,0,2891.4
2024-11-19 05:00:00,1.3,0,2692.9
2024-11-19 06:00:00,2.4,0,2589.0
2024-11-19 07:00:00,5.0,0,2289.8
2024-11-19 08:00:00,6.3,0,2168.1
2024-11-19 09:00:00,8.0,0,1970.8
2024-11-19 10:00:00,8.4,0,2039.9
2024-11-19 11:00:00,4.3,0,2411.5
2024-11-19 12:00:00,10.7,0,1611.4
2024-11-19 13:00:00,8.1,0,1804.7
2024-11-19 14:00:00,7.3,0,1931.6
2024-11-19 15:00:00,8.1,0,1768.5
2024-11-19 16:00:00,4.7,0,2385.0
2024-11-19 17:00:00,5.1,0,2412.8
2024-11-19 18:00:00,5.1,0,2450.6
2024-11-19 19:00:00,2.9,0,2742.7
2024-11-19 20:00:00,-0.6,0,3351.9
2024-11-19 21:00:00,1.9,0,2821.8
2024-11-19 22:00:00,-5.0,0,4320.6
2024-11-19 23:00:00,-2.3,0,3711.0
2024-11-20 00:00:00,1.8,0,2686.9
2024-11-20 01:00:00,2.8,0,2396.7
2024-11-20 02:00:00,1.3,0,2704.5
2024-11-20 03:00:00,0.2,0,2796.2
2024-11-20 04:00:00,2.3,0,2509.3
2024-11-20 05:00:00,1.8,0,2636.5
2024-11-20 06:00:00,5.0,0,2226.4
2024-11-20 07:00:00,3.3,0,2517.8
2024-11-20 08:00:00,7.0,0,2046.0
2024-11-20 09:00:00,6.0,0,2262.9
2024-11-20 10:00:00,6.5,0,2187.9
2024-11-20 11:00:00,6.8,0,2056.2
2024-11-20 12:00:00,4.7,0,2267.1
2024-11-20 13:00:00,6.6,0,1979.4
2024-11-20 14:00:00,7.3,0,1902.7
2024-11-20 15:00:00,5.6,0,2129.4
2024-11-20 16:00:00,7.5,0,1900.3
2024-11-20 17:00:00,4.5,0,2388.9
2024-11-20 18:00:00,0.3,0,3328.6
2024-11-20 19:00:00,4.5,0,2528.4
2024-11-20 20:00:00,5.6,0,2272.3
2024-11-20 21:00:00,-1.7,0,3580.8
2024-11-20 22:00:00,4.0,0,2425.6
2024-11-20 23:00:00,-2.2,0,3618.5
2024-11-21 00:00:00,-2.4,0,3719.2
2024-11-21 01:00:00,-1.1,0,3350.0
2024-11-21 02:00:00,0.6,0,2909.0
2024-11-21 03:00:00,-0.5,0,3194.1
2024-11-21 04:00:00,3.0,0,2600.3
2024-11-21 05:00:00,2.6,0,2754.9
2024-11-21 06:00:00,3.6,0,2562.2
2024-11-21 07:00:00,6.0,0,2250.4
2024-11-21 08:00:00,4.8,0,2444.5
2024-11-21 09:00:00,8.1,0,2134.9
2024-11-21 10:00:00,8.1,0,2122.6
2024-11-21 11:00:00,7.7,0,2027.7
2024-11-21 12:00:00,7.5,0,2068.3
2024-11-21 13:00:00,9.8,0,1774.7
2024-11-21 14:00:00,6.1,0,2225.9
2024-11-21 15:00:00,5.7,0,2341.7
2024-11-21 16:00:00,9.3,0,1912.0
2024-11-21 17:00:00,4.0,0,2698.4
2024-11-21 18:00:00,4.2,0,2670.0
2024-11-21 19:00:00,4.1,0,2785.5
2024-11-21 20:00:00,-2.2,0,3819.6
2024-11-21 21:00:00,-1.6,0,3675.6
2024-11-21 22:00:00,-0.4,0,3541.4
2024-11-21 23:00:00,-2.1,0,3802.0
2024-11-22 00:00:00,-0.6,0,3226.3
2024-11-22 01:00:00,-2.0,0,3454.9
2024-11-22 02:00:00,0.4,0,3022.6
2024-11-22 03:00:00,-0.4,0,3183.6
2024-11-22 04:00:00,0.2,0,2980.7
2024-11-22 05:00:00,0.4,0,3080.6
2024-11-22 06:00:00,2.4,0,2726.5
2024-11-22 07:00:00,3.8,0,2476.6
2024-11-22 08:00:00,5.6,0,2480.5
2024-11-22 09:00:00,5.1,0,2505.8
2024-11-22 10:00:00,8.9,0,1959.5
2024-11-22 11:00:00,8.5,0,1913.0
2024-11-22 12:00:00,6.4,0,2136.3
2024-11-22 13:00:00,7.2,0,2085.5
2024-11-22 14:00:00,6.3,0,2286.1
2024-11-22 15:00:00,4.4,0,2525.8
2024-11-22 16:00:00,10.4,0,1842.5
2024-11-22 17:00:00,4.2,0,2597.9
2024-11-22 18:00:00,-0.4,0,3565.0
2024-11-22 19:00:00,2.8,0,2951.4
2024-11-22 20:00:00,1.5,0,3136.5
2024-11-22 21:00:00,-2.2,0,3814.6
2024-11-22 22:00:00,-2.7,0,3885.1
2024-11-22 23:00:00,-2.7,0,3876.5
2024-11-23 00:00:00,-2.6,0,3713.8
2024-11-23 01:00:00,-6.1,0,4489.1
2024-11-23 02:00:00,-0.0,0,3007.6
2024-11-23 03:00:00,-5.7,0,4436.9
2024-11-23 04:00:00,-2.0,0,3496.9
2024-11-23 05:00:00,2.8,0,2655.9
2024-11-23 06:00:00,4.7,0,2327.4
2024-11-23 07:00:00,6.1,0,2239.3
2024-11-23 08:00:00,2.9,0,2786.6
2024-11-23 09:00:00,7.9,0,2147.0
2024-11-23 10:00:00,8.5,0,2058.1
2024-11-23 11:00:00,8.7,0,1977.3
2024-11-23 12:00:00,8.5,0,1829.8
2024-11-23 13:00:00,5.0,0,2420.1
2024-11-23 14:00:00,7.7,0,1988.7
2024-11-23 15:00:00,6.9,0,2015.4
2024-11-23 16:00:00,4.9,0,2497.0
2024-11-23 17:00:00,6.3,0,2329.6
2024-11-23 18:00:00,2.4,0,3066.3
2024-11-23 19:00:00,2.7,0,2856.1
2024-11-23 20:00:00,1.8,0,3015.2
2024-11-23 21:00:00,-0.3,0,3413.6
2024-11-23 22:00:00,-2.7,0,3898.7
2024-11-23 23:00:00,-3.1,0,4008.7
2024-11-24 00:00:00,-1.6,0,3390.0
2024-11-24 01:00:00,-5.2,0,4314.0
2024-11-24 02:00:00,-2.6,0,3603.7
2024-11-24 03:00:00,1.4,0,2755.2
2024-11-24 04:00:00,1.5,0,2749.1
2024-11-24 05:00:00,-0.7,0,3283.1
2024-11-24 06:00:00,1.1,0,2967.1
2024-11-24 07:00:00,3.6,0,2681.1
2024-11-24 08:00:00,3.2,0,2750.9
2024-11-24 09:00:00,5.7,0,2314.9
2024-11-24 10:00:00,6.3,0,2332.3
2024-11-24 11:00:00,3.6,0,2643.7
2024-11-24 12:00:00,8.1,0,2035.9
2024-11-24 13:00:00,8.3,0,2005.3
2024-11-24 14:00:00,8.2,0,1932.6
2024-11-24 15:00:00,4.7,0,2427.4
2024-11-24 16:00:00,6.5,0,2208.2
2024-11-24 17:00:00,7.5,0,2100.7
2024-11-24 18:00:00,2.0,0,2987.9
2024-11-24 19:00:00,2.5,0,2862.2
2024-11-24 20:00:00,-0.6,0,3484.6
2024-11-24 21:00:00,-2.6,0,3865.3
2024-11-24 22:00:00,2.0,0,2967.8
2024-11-24 23:00:00,-3.4,0,4058.2
2024-11-25 00:00:00,-5.5,0,4373.8
2024-11-25 01:00:00,-2.0,0,3512.1
2024-11-25 02:00:00,3.0,0,2519.5
2024-11-25 03:00:00,1.7,0,2684.8
2024-11-25 04:00:00,-1.0,0,3193.5
2024-11-25 05:00:00,0.6,0,2978.3
2024-11-25 06:00:00,-3.1,0,3828.9
2024-11-25 07:00:00,3.4,0,2681.9
2024-11-25 08:00:00,5.8,0,2401.8
2024-11-25 09:00:00,6.7,0,2311.2
2024-11-25 10:00:00,9.7,0,1831.7
2024-11-25 11:00:00,3.3,0,2735.0
2024-11-25 12:00:00,7.2,0,2027.8
2024-11-25 13:00:00,5.7,0,2224.7
2024-11-25 14:00:00,6.9,0,2148.2
2024-11-25 15:00:00,2.1,0,2826.1
2024-11-25 16:00:00,2.5,0,2837.4
2024-11-25 17:00:00,4.9,0,2412.5
2024-11-25 18:00:00,6.1,0,2335.9
2024-11-25 19:00:00,5.2,0,2494.1
2024-11-25 20:00:00,-0.4,0,3461.9
2024-11-25 21:00:00,-1.3,0,3598.9
2024-11-25 22:00:00,-3.2,0,3917.7
2024-11-25 23:00:00,-3.2,0,4019.2
2024-11-26 00:00:00,-1.2,0,3199.9
2024-11-26 01:00:00,-1.1,0,3112.9
2024-11-26 02:00:00,-4.6,0,3922.9
2024-11-26 03:00:00,-0.5,0,2969.3
2024-11-26 04:00:00,1.6,0,2600.9
2024-11-26 05:00:00,-1.9,0,3332.7
2024-11-26 06:00:00,1.0,0,2788.6
2024-11-26 07:00:00,4.9,0,2247.4
2024-11-26 08:00:00,5.3,0,2238.0
2024-11-26 09:00:00,7.4,0,2072.2
2024-11-26 10:00:00,9.3,0,1746.0
2024-11-26 11:00:00,7.9,0,1846.5
2024-11-26 12:00:00,2.9,0,2532.9
2024-11-26 13:00:00,9.8,0,1598.1
2024-11-26 14:00:00,5.5,0,2242.2
2024-11-26 15:00:00,8.3,0,1717.6
2024-11-26 16:00:00,5.9,0,2113.2
2024-11-26 17:00:00,3.2,0,2716.9
2024-11-26 18:00:00,1.8,0,2841.0
2024-11-26 19:00:00,2.3,0,2907.9
2024-11-26 20:00:00,0.6,0,3123.1
2024-11-26 21:00:00,-0.6,0,3413.6
2024-11-26 22:00:00,-1.2,0,3474.9
2024-11-26 23:00:00,-4.0,0,3956.4
2024-11-27 00:00:00,-5.5,0,4234.7
2024-11-27 01:00:00,-2.2,0,3404.1
2024-11-27 02:00:00,-1.8,0,3353.4
2024-11-27 03:00:00,-1.6,0,3173.3
2024-11-27 04:00:00,-0.0,0,2885.8
2024-11-27 05:00:00,1.7,0,2709.9
2024-11-27 06:00:00,1.5,0,2832.8
2024-11-27 07:00:00,4.0,0,2398.9
2024-11-27 08:00:00,0.4,0,3198.5
2024-11-27 09:00:00,8.6,0,1850.5
2024-11-27 10:00:00,11.0,0,1624.2
2024-11-27 11:00:00,3.0,0,2586.2
2024-11-27 12:00:00,11.5,0,1450.9
2024-11-27 13:00:00,6.4,0,2116.6
2024-11-27 14:00:00,6.2,0,2086.3
2024-11-27 15:00:00,5.7,0,2143.3
2024-11-27 16:00:00,0.9,0,3058.6
2024-11-27 17:00:00,2.1,0,2779.5
2024-11-27 18:00:00,3.6,0,2604.1
2024-11-27 19:00:00,2.0,0,2908.5
2024-11-27 20:00:00,-2.4,0,3782.1
2024-11-27 21:00:00,0.3,0,3190.3
2024-11-27 22:00:00,0.6,0,3015.3
2024-11-27 23:00:00,-6.3,0,4507.0
2024-11-28 00:00:00,-6.3,0,4600.6
2024-11-28 01:00:00,0.1,0,3120.6
2024-11-28 02:00:00,-2.5,0,3536.8
2024-11-28 03:00:00,-1.1,0,3269.4
2024-11-28 04:00:00,0.1,0,3008.3
2024-11-28 05:00:00,1.5,0,2783.4
2024-11-28 06:00:00,0.7,0,2987.6
2024-11-28 07:00:00,3.8,0,2606.2
2024-11-28 08:00:00,9.2,0,1897.0
2024-11-28 09:00:00,5.6,0,2409.6
2024-11-28 10:00:00,4.0,0,2555.7
2024-11-28 11:00:00,6.3,0,2241.4
2024-11-28 12:00:00,7.3,0,2034.0
2024-11-28 13:00:00,5.6,0,2252.5
2024-11-28 14:00:00,5.9,0,2209.2
2024-11-28 15:00:00,7.5,0,1954.2
2024-11-28 16:00:00,6.6,0,2250.2
2024-11-28 17:00:00,4.8,0,2594.5
2024-11-28 18:00:00,1.1,0,3162.9
2024-11-28 19:00:00,2.3,0,3010.3
2024-11-28 20:00:00,0.7,0,3231.5
2024-11-28 21:00:00,-4.9,0,4451.3
2024-11-28 22:00:00,-4.1,0,4208.2
2024-11-28 23:00:00,1.5,0,2904.4
2024-11-29 00:00:00,-2.7,0,3712.6
2024-11-29 01:00:00,-4.1,0,4092.0
2024-11-29 02:00:00,2.8,0,2526.1
2024-11-29 03:00:00,-2.3,0,3455.9
2024-11-29 04:00:00,-4.0,0,3902.7
2024-11-29 05:00:00,3.7,0,2449.1
2024-11-29 06:00:00,1.7,0,2895.4
2024-11-29 07:00:00,6.8,0,2172.6
2024-11-29 08:00:00,2.1,0,2941.5
2024-11-29 09:00:00,5.6,0,2409.7
2024-11-29 10:00:00,1.7,0,2952.9
2024-11-29 11:00:00,5.8,0,2285.0
2024-11-29 12:00:00,5.9,0,2231.8
2024-11-29 13:00:00,8.3,0,1939.9
2024-11-29 14:00:00,6.7,0,2099.6
2024-11-29 15:00:00,6.4,0,2198.5
2024-11-29 16:00:00,3.1,0,2686.1
2024-11-29 17:00:00,6.4,0,2215.2
2024-11-29 18:00:00,2.6,0,2981.4
2024-11-29 19:00:00,0.5,0,3220.4
2024-11-29 20:00:00,0.6,0,3276.4
2024-11-29 21:00:00,-0.6,0,3513.9
2024-11-29 22:00:00,0.3,0,3291.5
2024-11-29 23:00:00,0.6,0,3027.4
2024-11-30 00:00:00,-7.1,0,4774.8
2024-11-30 01:00:00,-4.3,0,3942.4
2024-11-30 02:00:00,-3.0,0,3571.2
2024-11-30 03:00:00,-2.7,0,3535.4
2024-11-30 04:00:00,-0.7,0,3113.3
2024-11-30 05:00:00,-4.2,0,4037.7
2024-11-30 06:00:00,3.8,0,2462.2
2024-11-30 07:00:00,4.0,0,2556.5
2024-11-30 08:00:00,5.4,0,2415.9
2024-11-30 09:00:00,7.6,0,2132.5
2024-11-30 10:00:00,7.2,0,2128.7
2024-11-30 11:00:00,8.1,0,1945.3
2024-11-30 12:00:00,3.6,0,2541.9
2024-11-30 13:00:00,5.6,0,2165.2
2024-11-30 14:00:00,3.8,0,2514.5
2024-11-30 15:00:00,4.3,0,2427.5
2024-11-30 16:00:00,4.8,0,2398.9
2024-11-30 17:00:00,-0.4,0,3415.7
2024-11-30 18:00:00,1.5,0,3088.3
2024-11-30 19:00:00,2.8,0,2870.8
2024-11-30 20:00:00,-0.3,0,3433.1
2024-11-30 21:00:00,-0.2,0,3432.9
2024-11-30 22:00:00,-2.1,0,3735.7
2024-11-30 23:00:00,-1.3,0,3576.2
2024-12-01 00:00:00,-0.7,0,3285.8
2024-12-01 01:00:00,-3.4,0,3773.4
2024-12-01 02:00:00,-3.6,0,3746.3
2024-12-01 03:00:00,-1.7,0,3281.7
2024-12-01 04:00:00,2.6,0,2499.8
2024-12-01 05:00:00,0.3,0,2987.5
2024-12-01 06:00:00,3.9,0,2441.4
2024-12-01 07:00:00,-0.1,0,3305.6
2024-12-01 08:00:00,4.0,0,2651.6
2024-12-01 09:00:00,2.1,0,3006.6
2024-12-01 10:00:00,5.1,0,2406.5
2024-12-01 11:00:00,7.1,0,2033.1
2024-12-01 12:00:00,6.1,0,2106.8
2024-12-01 13:00:00,5.8,0,2193.3
2024-12-01 14:00:00,7.2,0,2059.4
2024-12-01 15:00:00,3.5,0,2593.3
2024-12-01 16:00:00,2.4,0,2873.5
2024-12-01 17:00:00,0.1,0,3310.9
2024-12-01 18:00:00,4.2,0,2623.8
2024-12-01 19:00:00,-0.2,0,3527.5
2024-12-01 20:00:00,-0.2,0,3377.9
2024-12-01 21:00:00,-1.7,0,3633.1
2024-12-01 22:00:00,0.8,0,3058.7
2024-12-01 23:00:00,-4.5,0,4227.4
2024-12-02 00:00:00,-1.5,0,3422.1
2024-12-02 01:00:00,-2.1,0,3549.5
2024-12-02 02:00:00,-0.8,0,3142.1
2024-12-02 03:00:00,-1.6,0,3351.6
2024-12-02 04:00:00,2.8,0,2409.5
2024-12-02 05:00:00,0.4,0,2990.6
2024-12-02 06:00:00,0.8,0,3025.4
2024-12-02 07:00:00,2.5,0,2775.8
2024-12-02 08:00:00,8.3,0,1979.7
2024-12-02 09:00:00,4.5,0,2554.4
2024-12-02 10:00:00,7.1,0,2196.1
2024-12-02 11:00:00,9.4,0,1806.9
2024-12-02 12:00:00,7.1,0,2111.0
2024-12-02 13:00:00,4.0,0,2374.4
2024-12-02 14:00:00,4.2,0,2488.0
2024-12-02 15:00:00,6.5,0,2148.3
2024-12-02 16:00:00,3.0,0,2722.5
2024-12-02 17:00:00,3.6,0,2719.4
2024-12-02 18:00:00,3.9,0,2654.1
2024-12-02 19:00:00,0.1,0,3331.2
2024-12-02 20:00:00,1.2,0,3201.2
2024-12-02 21:00:00,-3.2,0,4033.7
2024-12-02 22:00:00,0.7,0,3195.7
2024-12-02 23:00:00,-4.4,0,4255.7
2024-12-03 00:00:00,-5.0,0,3999.4
2024-12-03 01:00:00,-2.0,0,3314.2
2024-12-03 02:00:00,-1.8,0,3206.9
2024-12-03 03:00:00,-2.9,0,3465.2
2024-12-03 04:00:00,0.0,0,2811.9
2024-12-03 05:00:00,1.4,0,2583.4
2024-12-03 06:00:00,4.9,0,2119.5
2024-12-03 07:00:00,4.3,0,2347.8
2024-12-03 08:00:00,1.3,0,2922.5
2024-12-03 09:00:00,4.2,0,2491.8
2024-12-03 10:00:00,7.3,0,1953.1
2024-12-03 11:00:00,9.6,0,1726.6
2024-12-03 12:00:00,5.2,0,2127.9
2024-12-03 13:00:00,3.3,0,2426.2
2024-12-03 14:00:00,5.8,0,2055.3
2024-12-03 15:00:00,6.4,0,1996.4
2024-12-03 16:00:00,0.3,0,3030.1
2024-12-03 17:00:00,2.5,0,2645.8
2024-12-03 18:00:00,0.8,0,3139.5
2024-12-03 19:00:00,0.8,0,3167.9
2024-12-03 20:00:00,0.2,0,3236.0
2024-12-03 21:00:00,-3.7,0,3947.7
2024-12-03 22:00:00,-2.7,0,3685.8
2024-12-03 23:00:00,-3.4,0,3845.2
2024-12-04 00:00:00,-2.2,0,3407.8
2024-12-04 01:00:00,-0.1,0,2977.4
2024-12-04 02:00:00,-4.9,0,3905.4
2024-12-04 03:00:00,-4.1,0,3816.1
2024-12-04 04:00:00,-1.7,0,3170.0
2024-12-04 05:00:00,1.7,0,2700.4
2024-12-04 06:00:00,0.2,0,2901.7
2024-12-04 07:00:00,0.7,0,2918.4
2024-12-04 08:00:00,4.9,0,2397.0
2024-12-04 09:00:00,3.2,0,2634.8
2024-12-04 10:00:00,8.9,0,1693.7
2024-12-04 11:00:00,6.2,0,2041.6
2024-12-04 12:00:00,5.6,0,2116.1
2024-12-04 13:00:00,7.9,0,1791.8
2024-12-04 14:00:00,4.7,0,2222.0
2024-12-04 15:00:00,1.5,0,2745.5
2024-12-04 16:00:00,6.1,0,2129.1
2024-12-04 17:00:00,3.0,0,2544.8
2024-12-04 18:00:00,2.2,0,2776.3
2024-12-04 19:00:00,1.2,0,2989.1
2024-12-04 20:00:00,-2.3,0,3687.8
2024-12-04 21:00:00,-2.8,0,3767.6
2024-12-04 22:00:00,-1.9,0,3540.7
2024-12-04 23:00:00,-4.5,0,4022.9
2024-12-05 00:00:00,-4.3,0,4043.9
2024-12-05 01:00:00,-0.9,0,3265.3
2024-12-05 02:00:00,-3.5,0,3759.7
2024-12-05 03:00:00,-1.8,0,3432.6
2024-12-05 04:00:00,2.2,0,2557.7
2024-12-05 05:00:00,0.4,0,3028.7
2024-12-05 06:00:00,3.9,0,2495.6
2024-12-05 07:00:00,3.2,0,2650.1
2024-12-05 08:00:00,2.9,0,2694.2
2024-12-05 09:00:00,4.2,0,2625.1
2024-12-05 10:00:00,7.0,0,2145.9
2024-12-05 11:00:00,5.8,0,2370.9
2024-12-05 12:00:00,6.8,0,2075.0
2024-12-05 13:00:00,4.0,0,2539.2
2024-12-05 14:00:00,5.0,0,2263.1
2024-12-05 15:00:00,1.9,0,2830.6
2024-12-05 16:00:00,6.0,0,2200.1
2024-12-05 17:00:00,1.5,0,2846.8
2024-12-05 18:00:00,0.3,0,3246.5
2024-12-05 19:00:00,1.8,0,3089.1
2024-12-05 20:00:00,-0.7,0,3518.4
2024-12-05 21:00:00,-0.7,0,3450.7
2024-12-05 22:00:00,-2.5,0,3782.6
2024-12-05 23:00:00,-2.4,0,3716.2
2024-12-06 00:00:00,-4.4,0,4053.7
2024-12-06 01:00:00,-5.4,0,4261.6
2024-12-06 02:00:00,-0.5,0,3155.9
2024-12-06 03:00:00,-4.2,0,3915.5
2024-12-06 04:00:00,-2.5,0,3516.1
2024-12-06 05:00:00,-0.7,0,3204.2
2024-12-06 06:00:00,-2.6,0,3649.4
2024-12-06 07:00:00,5.5,0,2334.8
2024-12-06 08:00:00,1.7,0,3005.1
2024-12-06 09:00:00,3.7,0,2661.3
2024-12-06 10:00:00,3.0,0,2782.1
2024-12-06 11:00:00,8.6,0,1858.6
2024-12-06 12:00:00,5.8,0,2248.7
2024-12-06 13:00:00,9.2,0,1725.8
2024-12-06 14:00:00,2.5,0,2646.6
2024-12-06 15:00:00,3.8,0,2603.8
2024-12-06 16:00:00,3.0,0,2704.9
2024-12-06 17:00:00,2.3,0,2773.3
2024-12-06 18:00:00,0.4,0,3332.8
2024-12-06 19:00:00,2.1,0,2981.9
2024-12-06 20:00:00,-3.0,0,3967.4
2024-12-06 21:00:00,1.8,0,2960.3
2024-12-06 22:00:00,-2.2,0,3725.7
2024-12-06 23:00:00,0.6,0,3088.1
2024-12-07 00:00:00,-3.2,0,3724.9
2024-12-07 01:00:00,-2.7,0,3742.5
2024-12-07 02:00:00,-4.1,0,3902.1
2024-12-07 03:00:00,-3.6,0,3877.4
2024-12-07 04:00:00,1.1,0,2720.0
2024-12-07 05:00:00,0.7,0,3005.9
2024-12-07 06:00:00,3.8,0,2461.9
2024-12-07 07:00:00,1.5,0,2845.7
2024-12-07 08:00:00,3.6,0,2659.9
2024-12-07 09:00:00,5.0,0,2383.4
2024-12-07 10:00:00,2.3,0,2922.4
2024-12-07 11:00:00,3.7,0,2576.7
2024-12-07 12:00:00,7.2,0,2028.2
2024-12-07 13:00:00,5.8,0,2186.1
2024-12-07 14:00:00,4.2,0,2387.9
2024-12-07 15:00:00,6.6,0,2085.2
2024-12-07 16:00:00,4.3,0,2551.1
2024-12-07 17:00:00,2.8,0,2771.2
2024-12-07 18:00:00,1.0,0,3184.1
2024-12-07 19:00:00,-0.2,0,3437.7
2024-12-07 20:00:00,-0.1,0,3448.6
2024-12-07 21:00:00,-2.9,0,3941.6
2024-12-07 22:00:00,-7.3,0,4988.4
2024-12-07 23:00:00,-4.6,0,4225.4
2024-12-08 00:00:00,-4.3,0,3961.4
2024-12-08 01:00:00,-5.5,0,4180.6
2024-12-08 02:00:00,-4.4,0,3956.1
2024-12-08 03:00:00,3.7,0,2279.5
2024-12-08 04:00:00,-1.1,0,3134.7
2024-12-08 05:00:00,-2.1,0,3419.9
2024-12-08 06:00:00,2.3,0,2658.9
2024-12-08 07:00:00,3.3,0,2686.8
2024-12-08 08:00:00,7.0,0,2157.2
2024-12-08 09:00:00,6.6,0,2146.9
2024-12-08 10:00:00,6.7,0,2193.3
2024-12-08 11:00:00,3.1,0,2577.8
2024-12-08 12:00:00,4.6,0,2333.1
2024-12-08 13:00:00,5.6,0,2139.4
2024-12-08 14:00:00,7.2,0,2033.9
2024-12-08 15:00:00,7.9,0,1952.3
2024-12-08 16:00:00,2.4,0,2814.4
2024-12-08 17:00:00,-1.5,0,3597.0
2024-12-08 18:00:00,1.2,0,3111.9
2024-12-08 19:00:00,0.8,0,3214.6
2024-12-08 20:00:00,-4.4,0,4346.5
2024-12-08 21:00:00,-2.5,0,3791.2
2024-12-08 22:00:00,-5.9,0,4631.2
2024-12-08 23:00:00,-2.1,0,3745.8
2024-12-09 00:00:00,-9.1,0,5343.9
2024-12-09 01:00:00,-4.7,0,4094.8
2024-12-09 02:00:00,-4.1,0,3807.7
2024-12-09 03:00:00,-2.9,0,3521.1
2024-12-09 04:00:00,-4.5,0,3978.3
2024-12-09 05:00:00,2.2,0,2619.9
2024-12-09 06:00:00,-0.5,0,3245.3
2024-12-09 07:00:00,-0.3,0,3326.8
2024-12-09 08:00:00,4.2,0,2557.6
2024-12-09 09:00:00,7.5,0,2090.8
2024-12-09 10:00:00,5.1,0,2431.8
2024-12-09 11:00:00,7.8,0,1927.7
2024-12-09 12:00:00,8.7,0,1943.1
2024-12-09 13:00:00,5.1,0,2256.2
2024-12-09 14:00:00,2.8,0,2721.9
2024-12-09 15:00:00,0.9,0,3054.4
2024-12-09 16:00:00,0.8,0,3134.0
2024-12-09 17:00:00,1.6,0,2954.2
2024-12-09 18:00:00,2.7,0,2765.7
2024-12-09 19:00:00,1.5,0,3056.4
2024-12-09 20:00:00,1.1,0,3224.4
2024-12-09 21:00:00,-0.6,0,3395.8
2024-12-09 22:00:00,-5.6,0,4520.8
2024-12-09 23:00:00,-2.2,0,3683.3
2024-12-10 00:00:00,1.3,0,2624.5
2024-12-10 01:00:00,-5.9,0,4189.5
2024-12-10 02:00:00,-5.5,0,4107.1
2024-12-10 03:00:00,-1.5,0,3183.1
2024-12-10 04:00:00,-3.0,0,3533.4
2024-12-10 05:00:00,-2.1,0,3407.3
2024-12-10 06:00:00,-2.0,0,3422.5
2024-12-10 07:00:00,4.4,0,2242.0
2024-12-10 08:00:00,5.5,0,2144.2
2024-12-10 09:00:00,1.0,0,2971.4
2024-12-10 10:00:00,-0.0,0,3048.7
2024-12-10 11:00:00,4.4,0,2330.0
2024-12-10 12:00:00,2.3,0,2609.1
2024-12-10 13:00:00,10.7,0,1404.0
2024-12-10 14:00:00,6.6,0,1940.3
2024-12-10 15:00:00,6.8,0,1969.3
2024-12-10 16:00:00,3.5,0,2443.4
2024-12-10 17:00:00,0.9,0,2970.5
2024-12-10 18:00:00,2.7,0,2730.3
2024-12-10 19:00:00,1.5,0,2846.8
2024-12-10 20:00:00,2.0,0,2768.6
2024-12-10 21:00:00,-0.7,0,3321.7
2024-12-10 22:00:00,-2.7,0,3749.4
2024-12-10 23:00:00,-5.1,0,4122.3
2024-12-11 00:00:00,-5.0,0,3974.4
2024-12-11 01:00:00,-6.4,0,4303.9
2024-12-11 02:00:00,-3.4,0,3557.9
2024-12-11 03:00:00,-3.8,0,3583.2
2024-12-11 04:00:00,-3.8,0,3707.4
2024-12-11 05:00:00,2.0,0,2498.6
2024-12-11 06:00:00,-0.1,0,2919.6
2024-12-11 07:00:00,4.7,0,2285.3
2024-12-11 08:00:00,-0.1,0,3095.0
2024-12-11 09:00:00,3.8,0,2528.2
2024-12-11 10:00:00,8.6,0,1732.4
2024-12-11 11:00:00,5.2,0,2114.0
2024-12-11 12:00:00,8.4,0,1706.4
2024-12-11 13:00:00,8.2,0,1739.0
2024-12-11 14:00:00,5.7,0,2040.4
2024-12-11 15:00:00,6.9,0,1920.4
2024-12-11 16:00:00,2.0,0,2608.7
2024-12-11 17:00:00,3.6,0,2481.6
2024-12-11 18:00:00,-0.6,0,3361.2
2024-12-11 19:00:00,1.2,0,2983.9
2024-12-11 20:00:00,-0.1,0,3197.8
2024-12-11 21:00:00,-1.2,0,3424.0
2024-12-11 22:00:00,-6.6,0,4653.5
2024-12-11 23:00:00,-1.6,0,3369.2
2024-12-12 00:00:00,-3.4,0,3768.0
2024-12-12 01:00:00,2.5,0,2441.5
2024-12-12 02:00:00,-4.9,0,4101.9
2024-12-12 03:00:00,-2.5,0,3529.5
2024-12-12 04:00:00,-2.3,0,3454.3
2024-12-12 05:00:00,-0.3,0,3085.3
2024-12-12 06:00:00,-0.2,0,3185.6
2024-12-12 07:00:00,4.9,0,2338.1
2024-12-12 08:00:00,1.2,0,2966.3
2024-12-12 09:00:00,8.5,0,1971.1
2024-12-12 10:00:00,4.1,0,2578.0
2024-12-12 11:00:00,5.8,0,2249.6
2024-12-12 12:00:00,6.2,0,2156.1
2024-12-12 13:00:00,5.4,0,2232.5
2024-12-12 14:00:00,6.7,0,2052.9
2024-12-12 15:00:00,5.0,0,2256.1
2024-12-12 16:00:00,3.1,0,2586.0
2024-12-12 17:00:00,0.7,0,3161.3
2024-12-12 18:00:00,1.3,0,3046.5
2024-12-12 19:00:00,0.4,0,3163.8
2024-12-12 20:00:00,-3.6,0,4094.6
2024-12-12 21:00:00,-2.1,0,3705.6
2024-12-12 22:00:00,-1.2,0,3493.5
2024-12-12 23:00:00,-0.4,0,3272.9
2024-12-13 00:00:00,-6.4,0,4479.6
2024-12-13 01:00:00,-4.3,0,3965.8
2024-12-13 02:00:00,-0.5,0,3044.3
2024-12-13 03:00:00,-1.2,0,3204.2
2024-12-13 04:00:00,-2.7,0,3563.5
2024-12-13 05:00:00,-2.6,0,3572.5
2024-12-13 06:00:00,3.6,0,2461.2
2024-12-13 07:00:00,2.8,0,2633.3
2024-12-13 08:00:00,4.8,0,2395.9
2024-12-13 09:00:00,4.7,0,2453.1
2024-12-13 10:00:00,5.1,0,2253.0
2024-12-13 11:00:00,3.7,0,2557.5
2024-12-13 12:00:00,4.7,0,2412.4
2024-12-13 13:00:00,6.5,0,2136.0
2024-12-13 14:00:00,4.9,0,2260.9
2024-12-13 15:00:00,2.6,0,2673.5
2024-12-13 16:00:00,-1.8,0,3558.6
2024-12-13 17:00:00,3.9,0,2566.0
2024-12-13 18:00:00,2.2,0,2873.6
2024-12-13 19:00:00,0.1,0,3254.3
2024-12-13 20:00:00,-3.7,0,4115.8
2024-12-13 21:00:00,-1.3,0,3603.3
2024-12-13 22:00:00,-3.3,0,3844.2
2024-12-13 23:00:00,-4.8,0,4314.4
2024-12-14 00:00:00,-5.8,0,4412.9
2024-12-14 01:00:00,-3.5,0,3762.5
2024-12-14 02:00:00,-6.0,0,4335.9
2024-12-14 03:00:00,-5.2,0,4151.7
2024-12-14 04:00:00,-2.3,0,3435.9
2024-12-14 05:00:00,0.2,0,3091.9
2024-12-14 06:00:00,0.0,0,3106.9
2024-12-14 07:00:00,3.1,0,2539.2
2024-12-14 08:00:00,2.4,0,2808.4
2024-12-14 09:00:00,4.7,0,2572.9
2024-12-14 10:00:00,9.1,0,1880.9
2024-12-14 11:00:00,8.9,0,1768.1
2024-12-14 12:00:00,5.8,0,2151.8
2024-12-14 13:00:00,3.3,0,2523.3
2024-12-14 14:00:00,4.7,0,2264.6
2024-12-14 15:00:00,1.9,0,2775.9
2024-12-14 16:00:00,1.4,0,2956.7
2024-12-14 17:00:00,-3.8,0,4051.0
2024-12-14 18:00:00,3.7,0,2649.6
2024-12-14 19:00:00,-1.2,0,3636.2
2024-12-14 20:00:00,-1.1,0,3572.9
2024-12-14 21:00:00,-2.9,0,3962.3
2024-12-14 22:00:00,-1.6,0,3568.0
2024-12-14 23:00:00,-3.7,0,4041.0
2024-12-15 00:00:00,-3.7,0,3844.6
2024-12-15 01:00:00,-7.1,0,4658.0
2024-12-15 02:00:00,-4.5,0,3980.9
2024-12-15 03:00:00,-2.5,0,3490.0
2024-12-15 04:00:00,-1.5,0,3273.0
2024-12-15 05:00:00,-1.2,0,3232.3
2024-12-15 06:00:00,1.2,0,2924.5
2024-12-15 07:00:00,0.9,0,2961.8
2024-12-15 08:00:00,0.0,0,3285.5
2024-12-15 09:00:00,5.3,0,2306.4
2024-12-15 10:00:00,3.6,0,2613.0
2024-12-15 11:00:00,6.9,0,2058.5
2024-12-15 12:00:00,7.7,0,1891.5
2024-12-15 13:00:00,5.4,0,2146.2
2024-12-15 14:00:00,7.3,0,1998.7
2024-12-15 15:00:00,5.5,0,2244.6
2024-12-15 16:00:00,1.9,0,2862.2
2024-12-15 17:00:00,3.9,0,2569.7
2024-12-15 18:00:00,-0.4,0,3373.9
2024-12-15 19:00:00,-0.4,0,3442.3
2024-12-15 20:00:00,-3.0,0,4019.7
2024-12-15 21:00:00,-5.2,0,4437.4
2024-12-15 22:00:00,-5.2,0,4316.7
2024-12-15 23:00:00,-1.2,0,3425.6
2024-12-16 00:00:00,-8.1,0,5079.3
2024-12-16 01:00:00,-4.7,0,4055.5
2024-12-16 02:00:00,-6.8,0,4538.9
2024-12-16 03:00:00,-5.5,0,4236.8
2024-12-16 04:00:00,-1.5,0,3271.6
2024-12-16 05:00:00,-2.0,0,3424.4
2024-12-16 06:00:00,0.2,0,3071.6
2024-12-16 07:00:00,-0.3,0,3242.5
2024-12-16 08:00:00,3.4,0,2649.5
2024-12-16 09:00:00,3.8,0,2564.8
2024-12-16 10:00:00,1.5,0,2951.4
2024-12-16 11:00:00,3.5,0,2520.6
2024-12-16 12:00:00,9.9,0,1630.4
2024-12-16 13:00:00,5.1,0,2248.0
2024-12-16 14:00:00,5.1,0,2323.2
2024-12-16 15:00:00,3.1,0,2613.0
2024-12-16 16:00:00,3.0,0,2706.5
2024-12-16 17:00:00,0.4,0,3160.9
2024-12-16 18:00:00,1.9,0,2948.3
2024-12-16 19:00:00,-3.1,0,3970.0
2024-12-16 20:00:00,3.5,0,2624.0
2024-12-16 21:00:00,-3.7,0,4098.2
2024-12-16 22:00:00,-5.0,0,4342.1
2024-12-16 23:00:00,-4.5,0,4080.7
